Invoice_No,Customer_ID,Purchase_Date,Product_ID,Product_Category,Quantity,Unit_Price,Discount_Percent,Final_Price,Country,Payment_Method
506252,10747,2026-04-15,P1339,Accessories,1,70.33,24.6,53.03,United Kingdom,Bank Transfer
504684,10561,2026-06-25,P6289,Beauty,3,144.17,16.0,363.31,United States,Bank Transfer
501731,10191,2026-08-09,P3853,Accessories,6,42.24,12.5,221.76,Pakistan,Credit Card
504742,10565,2026-07-09,P4241,Home & Kitchen,2,77.72,5.2,147.36,United States,Cash on Delivery
504521,10534,2026-06-25,P3155,Clothing,2,140.12,7.7,258.66,Pakistan,Digital Wallet
506340,10761,2026-07-01,P1070,Books,4,48.85,7.4,180.94,Pakistan,Bank Transfer
500576,10064,2026-06-05,P8364,Electronics,5,437.67,15.1,1857.91,Pakistan,Cash on Delivery
505202,10615,2025-12-26,P4793,Electronics,2,360.42,2.9,699.94,Pakistan,Debit Card
506363,10763,2026-05-14,P3894,Electronics,5,667.37,7.8,3076.58,Australia,Bank Transfer
500439,10049,2026-04-28,P6435,Sports,1,50.48,16.3,42.25,United States,Credit Card
502750,10320,2026-05-26,P7071,Sports,1,54.16,20.4,43.11,United States,Cash on Delivery
507487,10897,2026-05-15,P4078,Home & Kitchen,1,322.61,4.1,309.38,United States,Cash on Delivery
505272,10622,2026-06-23,P9290,Clothing,5,21.6,22.2,84.02,Pakistan,Digital Wallet
505653,10671,2026-08-08,P3971,Home & Kitchen,2,113.98,24.5,172.11,Canada,Cash on Delivery
503999,10460,2026-07-31,P8525,Clothing,7,81.04,3.2,549.13,Pakistan,Credit Card
506033,10722,2026-07-28,P4143,Beauty,3,119.77,16.2,301.1,United States,Cash on Delivery
500582,10064,2026-07-15,P5717,Beauty,5,108.53,8.6,495.98,United States,Digital Wallet
509930,11193,2026-07-10,P5888,Home & Kitchen,3,43.97,3.1,127.82,Pakistan,Digital Wallet
507051,10847,2026-07-19,P8267,Electronics,7,257.76,3.3,1744.78,Pakistan,Bank Transfer
508158,10975,2026-07-17,P2102,Books,7,69.21,14.5,414.22,Australia,Debit Card
509896,11189,2026-04-28,P9676,Clothing,5,45.31,20.4,180.33,United Kingdom,Cash on Delivery
502249,10260,2026-07-19,P7534,Accessories,3,86.6,10.6,232.26,Australia,Credit Card
504640,10557,2026-06-24,P4149,Clothing,3,36.09,5.4,102.42,Pakistan,Credit Card
509485,11131,2026-06-30,P2162,Electronics,1,619.83,25.4,462.39,United Kingdom,Cash on Delivery
504947,10589,2026-08-11,P9214,Beauty,5,55.2,2.5,269.1,Pakistan,Bank Transfer
509920,11191,2026-08-14,P8659,Clothing,2,82.75,10.8,147.63,Pakistan,Bank Transfer
501963,10222,2026-06-09,P7251,Books,2,25.97,23.7,39.63,Australia,Cash on Delivery
508243,10983,2026-07-03,P7390,Home & Kitchen,3,195.27,3.2,567.06,Pakistan,Debit Card
506590,10787,2026-02-01,P4103,Home & Kitchen,3,299.04,14.9,763.45,United States,Cash on Delivery
508847,11050,2026-08-08,P4006,Home & Kitchen,6,277.32,6.8,1550.77,Pakistan,Debit Card
500321,10032,2026-07-23,P6560,Sports,2,82.86,0.7,164.56,Pakistan,Debit Card
502678,10311,2026-07-21,P8346,Books,3,28.52,19.4,68.96,United Kingdom,Bank Transfer
504625,10552,2026-04-17,P9412,Clothing,1,50.08,18.8,40.66,United Kingdom,Cash on Delivery
504949,10589,2026-08-14,P7485,Electronics,6,667.57,13.8,3452.67,United Kingdom,Bank Transfer
508328,10993,2026-04-16,P1096,Electronics,4,391.55,3.3,1514.52,United Kingdom,Digital Wallet
503337,10389,2026-08-05,P5582,Home & Kitchen,3,256.18,23.5,587.93,United States,Credit Card
505589,10664,2026-05-01,P4969,Home & Kitchen,1,195.16,8.0,179.55,Pakistan,Bank Transfer
500251,10027,2026-05-13,P2381,Electronics,1,363.17,4.5,346.83,Canada,Debit Card
503973,10459,2026-08-10,P2808,Clothing,2,116.94,1.7,229.9,Pakistan,Bank Transfer
506630,10795,2026-07-26,P3117,Clothing,6,145.34,13.8,751.7,Australia,Cash on Delivery
505547,10656,2026-07-23,P5431,Clothing,2,138.71,14.5,237.19,Australia,Bank Transfer
500035,10005,2026-07-14,P6869,Sports,4,183.91,24.8,553.2,Pakistan,Cash on Delivery
508362,10996,2026-08-01,P2809,Accessories,2,112.87,14.3,193.46,Pakistan,Credit Card
501513,10166,2026-06-30,P3003,Accessories,2,111.24,26.0,164.64,Pakistan,Cash on Delivery
509317,11108,2026-08-08,P1539,Accessories,3,25.54,37.6,47.81,Australia,Bank Transfer
500039,10006,2026-07-03,P4672,Books,4,33.69,22.7,104.17,Pakistan,Credit Card
504819,10577,2026-08-15,P6139,Clothing,5,81.58,12.4,357.32,United States,Cash on Delivery
503465,10407,2026-07-26,P9513,Sports,3,137.0,9.9,370.31,United Kingdom,Bank Transfer
501760,10193,2026-04-12,P4291,Beauty,1,21.8,6.7,20.34,Pakistan,Digital Wallet
502304,10266,2026-08-09,P7286,Electronics,1,301.56,43.6,170.08,Australia,Digital Wallet
503723,10435,2026-07-30,P9206,Books,2,64.97,10.3,116.56,Canada,Credit Card
508284,10985,2026-06-02,P1750,Home & Kitchen,2,324.56,20.9,513.45,United Kingdom,Bank Transfer
504993,10593,2026-07-09,P5220,Accessories,5,115.14,17.4,475.53,Pakistan,Bank Transfer
508127,10973,2026-06-04,P2110,Accessories,3,46.54,40.7,82.79,United Kingdom,Digital Wallet
503032,10355,2026-08-04,P1614,Clothing,3,72.71,8.8,198.93,Pakistan,Digital Wallet
507938,10947,2026-08-12,P7817,Books,2,57.73,12.6,100.91,Pakistan,Debit Card
503039,10357,2026-07-05,P4067,Accessories,5,112.08,3.5,540.79,Canada,Cash on Delivery
509655,11160,2026-07-25,P6780,Home & Kitchen,7,239.55,2.1,1641.64,Pakistan,Digital Wallet
502545,10295,2026-07-27,P5720,Home & Kitchen,6,61.26,11.5,325.29,United Kingdom,Credit Card
502592,10300,2026-08-12,P4625,Books,6,39.37,2.8,229.61,Pakistan,Debit Card
501188,10129,2026-08-15,P2003,Home & Kitchen,2,138.38,14.4,236.91,Pakistan,Cash on Delivery
507966,10955,2026-03-07,P2143,Electronics,3,529.14,7.8,1463.6,United Kingdom,Debit Card
506077,10727,2026-07-14,P9365,Electronics,4,388.84,0.4,1549.14,United Kingdom,Cash on Delivery
500107,10011,2026-08-15,P7502,Accessories,5,69.92,11.0,311.14,Pakistan,Cash on Delivery
501315,10145,2026-08-06,P5499,Sports,1,153.19,11.3,135.88,Australia,Digital Wallet
508187,10978,2026-07-14,P9917,Home & Kitchen,6,122.04,6.9,681.72,Pakistan,Digital Wallet
502753,10320,2026-07-03,P7095,Home & Kitchen,4,211.92,19.5,682.38,United States,Credit Card
509753,11169,2026-08-06,P2608,Sports,6,28.04,7.8,155.12,Pakistan,Bank Transfer
506231,10743,2026-07-14,P4414,Home & Kitchen,2,321.67,40.1,385.36,Pakistan,Cash on Delivery
502876,10335,2026-07-22,P4299,Electronics,6,419.42,10.9,2242.22,Pakistan,Cash on Delivery
505323,10629,2026-06-30,P6590,Home & Kitchen,7,206.21,3.2,1397.28,United Kingdom,Digital Wallet
500799,10084,2026-07-25,P7702,Clothing,5,40.24,5.0,191.14,United States,Cash on Delivery
503570,10421,2026-01-10,P4883,Sports,2,72.04,27.4,104.6,Pakistan,Digital Wallet
502894,10336,2026-08-02,P3074,Sports,3,234.18,8.7,641.42,Pakistan,Bank Transfer
502927,10340,2026-07-18,P6151,Books,3,45.05,6.4,126.5,Pakistan,Credit Card
508178,10978,2026-06-04,P6265,Home & Kitchen,7,330.3,7.0,2150.25,Australia,Credit Card
500971,10101,2026-08-10,P6558,Home & Kitchen,7,191.62,0.3,1337.32,Pakistan,Cash on Delivery
506687,10804,2026-04-25,P5397,Home & Kitchen,1,94.48,9.6,85.41,United Kingdom,Bank Transfer
508575,11021,2026-01-30,P7941,Beauty,3,33.66,6.2,94.72,Pakistan,Digital Wallet
502020,10228,2026-06-11,P6110,Accessories,2,119.31,16.8,198.53,Canada,Bank Transfer
509054,11074,2026-07-06,P2688,Sports,4,178.83,10.6,639.5,Pakistan,Bank Transfer
500952,10101,2026-06-16,P4414,Electronics,5,510.28,11.8,2250.33,Pakistan,Bank Transfer
505359,10633,2026-04-05,P7784,Beauty,1,93.34,2.7,90.82,United States,Digital Wallet
503857,10444,2026-08-13,P5099,Sports,3,209.64,3.4,607.54,United States,Credit Card
505861,10701,2026-05-11,P2309,Beauty,1,101.22,8.1,93.02,Pakistan,Bank Transfer
503145,10372,2026-07-27,P2186,Books,6,78.17,8.0,431.5,Pakistan,Bank Transfer
503305,10386,2026-07-10,P6351,Beauty,2,134.76,15.6,227.47,Australia,Digital Wallet
503006,10352,2026-02-18,P8696,Home & Kitchen,1,37.75,20.2,30.12,United States,Credit Card
509001,11070,2026-07-22,P5631,Clothing,3,142.16,8.1,391.94,United Kingdom,Credit Card
507770,10931,2026-07-06,P6812,Electronics,2,522.85,10.4,936.95,United States,Credit Card
507438,10890,2026-08-13,P6209,Clothing,2,172.73,5.0,328.19,Pakistan,Digital Wallet
507942,10950,2026-06-05,P5887,Clothing,2,73.75,11.7,130.24,Australia,Digital Wallet
509238,11098,2026-07-28,P2026,Accessories,1,47.72,0.8,47.34,United Kingdom,Digital Wallet
501056,10114,2026-06-15,P8789,Sports,3,130.88,29.1,278.38,Pakistan,Bank Transfer
503154,10372,2026-08-13,P8386,Sports,2,190.14,3.6,366.59,United States,Digital Wallet
503787,10439,2026-07-15,P6967,Electronics,2,545.57,25.3,815.08,Pakistan,Digital Wallet
509189,11093,2026-06-26,P7932,Home & Kitchen,3,31.23,7.2,86.94,United Kingdom,Credit Card
507825,10937,2026-07-06,P5723,Accessories,5,78.62,11.5,347.89,United Kingdom,Credit Card
507539,10901,2026-06-25,P4261,Sports,5,46.38,15.3,196.42,Pakistan,Debit Card
507231,10871,2026-05-19,P7026,,1,231.91,18.5,189.01,Pakistan,Debit Card
500764,10079,2026-08-12,P8851,Beauty,3,101.06,15.3,256.79,Pakistan,Cash on Delivery
505019,10598,2026-06-12,P8981,Books,4,28.74,6.5,107.49,Pakistan,Cash on Delivery
504903,10588,2026-06-04,P3312,Home & Kitchen,5,330.83,2.0,1621.07,Pakistan,Debit Card
508093,10967,2026-07-20,P7369,Clothing,1,161.78,31.2,111.3,United States,Credit Card
506843,10822,2026-08-09,P7889,Clothing,3,60.48,14.3,155.49,Canada,Debit Card
502165,10249,2026-01-31,P1030,Home & Kitchen,3,294.44,9.0,803.82,United Kingdom,Digital Wallet
501862,10208,2026-06-04,P5272,Books,3,28.56,11.2,76.08,Pakistan,Credit Card
507850,10939,2026-07-05,P2819,Electronics,4,410.32,8.7,1498.49,Pakistan,Bank Transfer
509123,11082,2026-07-07,P4108,Clothing,7,69.29,8.9,441.86,Australia,Cash on Delivery
502340,10270,2026-08-14,P2190,Clothing,3,171.68,7.4,476.93,Pakistan,Credit Card
505527,10655,2026-02-20,P3372,Electronics,1,266.93,21.7,209.01,Pakistan,Debit Card
506743,10812,2026-04-22,P4611,Accessories,2,73.09,22.2,113.73,Canada,Debit Card
504003,10460,2026-08-07,P2733,Clothing,5,62.53,6.1,293.58,Pakistan,Bank Transfer
501123,10124,2026-06-27,P3099,Home & Kitchen,7,41.77,2.3,285.67,United Kingdom,Debit Card
508709,11037,2026-08-03,P8790,Home & Kitchen,4,52.01,12.0,183.08,United Kingdom,Debit Card
504049,10465,2025-12-17,P5821,Home & Kitchen,2,161.52,11.2,286.86,Australia,Debit Card
507640,10912,2026-07-24,P6694,Clothing,3,126.68,20.3,302.89,Pakistan,Digital Wallet
500765,10080,2026-06-24,P7862,Beauty,3,21.39,7.9,59.1,United States,Credit Card
502344,10272,2026-04-24,P3065,Home & Kitchen,3,229.69,19.1,557.46,Pakistan,Digital Wallet
504071,10467,2026-07-19,P8521,Books,5,69.22,12.5,302.84,United Kingdom,Digital Wallet
507216,10868,2026-08-13,P2125,Home & Kitchen,4,219.14,18.5,714.4,Pakistan,Digital Wallet
504216,10490,2025-12-07,P6516,Sports,1,208.83,17.3,172.7,Australia,Credit Card
507952,10953,2026-04-04,P8317,Electronics,2,493.82,10.9,879.99,United States,Debit Card
505970,10711,2026-05-25,P6517,Clothing,1,36.52,44.0,20.45,Pakistan,Credit Card
503350,10393,2026-07-29,P7695,Accessories,4,99.91,21.3,314.52,Pakistan,Cash on Delivery
504695,10562,2026-06-04,P5770,Clothing,3,44.44,18.6,108.52,United States,Cash on Delivery
503399,10399,2026-06-22,P5325,Electronics,2,418.31,27.7,604.88,United States,Cash on Delivery
504081,10469,2026-07-01,P5388,Home & Kitchen,2,160.96,15.3,272.67,Canada,Bank Transfer
509149,11087,2026-06-12,P3321,Electronics,2,474.42,21.9,741.04,Pakistan,Debit Card
501224,10134,2026-04-16,P6892,Clothing,4,66.24,6.8,246.94,United Kingdom,Credit Card
506292,10753,2026-04-03,P9024,Sports,3,149.94,12.0,395.84,United Kingdom,Cash on Delivery
503122,10370,2026-07-27,P5808,Home & Kitchen,7,129.71,6.9,845.32,United States,Cash on Delivery
500510,10058,2026-08-02,P1179,Beauty,5,105.32,19.4,424.44,United States,Digital Wallet
505794,10691,2026-06-28,P5258,Beauty,3,122.22,20.5,291.49,United States,Credit Card
508181,10978,2026-06-16,P2068,Electronics,5,218.08,11.7,962.82,United States,Debit Card
509417,11120,2026-07-17,P6803,Sports,7,244.11,11.0,1520.81,Australia,Bank Transfer
500096,10011,2026-08-13,P7394,Clothing,7,108.7,0.2,759.38,United Kingdom,Digital Wallet
506681,10802,2026-07-30,P7159,Electronics,4,560.58,21.7,1755.74,United Kingdom,Bank Transfer
501512,10165,2026-08-14,P7192,Clothing,4,35.27,10.1,126.83,Pakistan,Credit Card
508791,11044,2026-03-07,P2527,Electronics,1,185.06,6.0,173.96,Pakistan,Cash on Delivery
500119,10013,2026-05-24,P9448,Beauty,2,126.87,24.2,192.33,Pakistan,Digital Wallet
507791,10935,2026-06-05,P4674,Electronics,1,574.6,6.2,538.97,United States,Credit Card
506517,10776,2026-08-05,P6359,Accessories,7,98.72,0.8,685.51,Pakistan,Credit Card
500033,10005,2026-07-04,P8538,Clothing,4,26.64,14.9,90.68,United States,Bank Transfer
507887,10942,2026-05-03,P3141,Electronics,2,656.97,3.7,1265.32,United States,Debit Card
506830,10822,2026-08-02,P1099,Electronics,5,695.34,12.1,3056.02,United States,Cash on Delivery
505421,10641,2026-07-17,P9055,Beauty,6,39.63,8.0,218.76,United Kingdom,Credit Card
501068,10117,2026-02-24,P9166,Accessories,3,80.63,24.8,181.9,Pakistan,Bank Transfer
501347,10149,2026-06-08,P2648,Clothing,2,174.61,5.2,331.06,Pakistan,Digital Wallet
504747,10566,2026-03-16,P6143,Sports,1,209.57,7.0,194.9,United Kingdom,Bank Transfer
506005,10719,2026-06-09,P6964,Sports,7,227.02,14.7,1355.54,Pakistan,Credit Card
506039,10723,2026-06-21,P4101,Beauty,5,64.33,10.1,289.16,United Kingdom,Debit Card
503817,10441,2026-05-24,P4112,Clothing,2,147.07,1.0,291.2,Canada,Debit Card
508446,11006,2026-03-02,P2758,Beauty,3,82.11,3.5,237.71,United States,Debit Card
505269,10622,2026-06-04,P5399,Sports,2,54.45,9.3,98.77,United Kingdom,Digital Wallet
506897,10828,2026-06-20,P7217,Clothing,4,161.85,16.1,543.17,Canada,Credit Card
505309,10626,2026-08-12,P4391,Beauty,3,31.27,17.7,77.21,Canada,Digital Wallet
500031,10005,2026-06-15,P9100,Clothing,5,128.38,20.9,507.74,Australia,Debit Card
505674,10675,2025-10-12,P3154,Accessories,2,118.22,12.2,207.59,Pakistan,Debit Card
504386,10516,2026-08-15,P9641,Clothing,4,168.47,7.3,624.69,Australia,Credit Card
500029,10004,2026-06-21,P4791,Beauty,2,74.15,24.9,111.37,United States,Cash on Delivery
504202,10487,2026-07-18,P7073,Electronics,4,511.13,9.7,1846.2,United States,Bank Transfer
507507,10899,2026-06-23,P9358,Books,4,20.49,6.2,76.88,Pakistan,Digital Wallet
500735,10077,2026-05-31,P9080,Clothing,1,148.66,15.8,125.17,Pakistan,Credit Card
502067,10235,2026-08-08,P2903,Clothing,2,99.89,23.0,153.83,United Kingdom,Bank Transfer
500106,10011,2026-08-15,P6696,Home & Kitchen,7,250.58,9.0,1596.19,United States,Bank Transfer
509644,11159,2026-03-13,P7068,Sports,2,137.23,3.8,264.03,United Kingdom,Debit Card
508894,11058,2026-02-12,P9564,Sports,1,181.17,0.0,181.17,United Kingdom,Debit Card
508020,10960,2026-06-28,P5115,Accessories,3,42.56,27.9,92.06,Australia,Digital Wallet
502232,10257,2025-10-06,P5864,Home & Kitchen,1,279.49,16.6,233.09,United Kingdom,Digital Wallet
500993,10104,2026-06-25,P4087,Sports,2,213.59,1.4,421.2,United Kingdom,Digital Wallet
509412,11120,2026-07-10,P4699,Clothing,4,84.19,5.2,319.25,United States,Bank Transfer
507058,10849,2026-04-08,P6248,Home & Kitchen,1,96.58,12.9,84.12,Pakistan,Bank Transfer
506789,10819,2026-06-15,P1016,Accessories,2,111.35,12.3,195.31,United States,Debit Card
500360,10037,2026-07-27,P6660,Home & Kitchen,5,163.72,3.2,792.4,Pakistan,Debit Card
500304,10031,2025-10-29,P1726,Beauty,2,52.02,11.0,92.6,Pakistan,Bank Transfer
502627,10305,2026-07-25,P8249,Electronics,1,662.58,44.7,366.41,United Kingdom,Digital Wallet
508965,11068,2026-08-04,P9374,Electronics,6,568.22,1.7,3351.36,Pakistan,Debit Card
504513,10531,2026-05-18,P6121,Home & Kitchen,1,239.15,35.7,153.77,Pakistan,Digital Wallet
505910,10704,2026-08-08,P5914,Books,5,54.83,14.3,234.95,United Kingdom,Credit Card
508313,10990,2026-05-10,P1268,Home & Kitchen,1,207.5,15.9,174.51,Pakistan,Digital Wallet
503100,10369,2026-08-05,P2092,Clothing,5,25.09,20.6,99.61,United States,Cash on Delivery
505703,10678,2026-07-20,P5063,Clothing,2,73.78,15.0,125.43,United Kingdom,Debit Card
503898,10450,2026-08-04,P2673,Sports,7,151.4,6.1,995.15,United Kingdom,Debit Card
505440,10642,2026-08-07,P1443,Home & Kitchen,1,212.93,8.2,195.47,Pakistan,Credit Card
507930,10947,2026-07-25,P8474,Home & Kitchen,7,218.21,2.1,1495.39,United Kingdom,Bank Transfer
500621,10067,2026-07-07,P5350,Sports,4,102.79,0.9,407.46,United Kingdom,Cash on Delivery
507235,10871,2026-06-18,P8181,Sports,3,247.12,21.7,580.48,United States,Cash on Delivery
502498,10291,2026-07-16,P4774,Beauty,4,148.43,10.9,529.0,United Kingdom,Bank Transfer
500713,10074,2026-07-28,P7742,Home & Kitchen,3,231.8,22.5,538.94,United Kingdom,Bank Transfer
508403,11001,2026-07-07,P3388,Clothing,4,81.41,8.9,296.66,Canada,Cash on Delivery
502855,10334,2026-08-09,P4098,Clothing,7,20.03,6.9,130.54,Pakistan,Digital Wallet
504269,10498,2026-07-28,P9503,Sports,4,169.08,12.9,589.07,United States,Digital Wallet
502908,10338,2026-03-13,P1689,Home & Kitchen,2,157.71,38.7,193.35,Pakistan,Credit Card
508080,10966,2026-04-21,P7990,Accessories,5,23.12,5.2,109.59,Pakistan,Digital Wallet
504516,10531,2026-06-03,P1762,Accessories,1,105.21,22.8,81.22,United States,Bank Transfer
501261,10139,2026-07-09,P5862,Electronics,2,434.54,2.5,847.35,Canada,Credit Card
503160,10373,2026-07-10,P6896,Clothing,7,46.32,9.0,295.06,Canada,Bank Transfer
500970,10101,2026-08-09,P4052,Accessories,3,46.0,6.9,128.48,Pakistan,Digital Wallet
503912,10451,2026-06-08,P1996,Electronics,3,513.72,43.7,867.67,United Kingdom,Cash on Delivery
505198,10614,2026-08-06,P2999,Clothing,4,58.35,1.0,231.07,United Kingdom,Credit Card
508846,11050,2026-08-01,P3307,Books,5,30.67,9.2,139.24,United Kingdom,Bank Transfer
500259,10027,2026-06-25,P5052,Electronics,5,352.53,6.5,1648.08,Pakistan,Digital Wallet
503790,10440,2026-06-05,P5195,Beauty,7,137.29,1.6,945.65,United Kingdom,Bank Transfer
509202,11095,2026-08-04,P3775,Clothing,3,89.37,4.1,257.12,Pakistan,Debit Card
500487,10057,2026-07-09,P4126,Beauty,7,141.2,4.9,939.97,United Kingdom,Digital Wallet
507907,10945,2026-08-06,P8873,Electronics,5,473.9,9.4,2146.77,United States,Digital Wallet
500518,10059,2026-08-02,P8727,Clothing,4,98.51,5.7,371.58,United States,Debit Card
508342,10994,2026-06-22,P8963,Clothing,3,138.68,22.8,321.18,Canada,Bank Transfer
500311,10032,2026-05-03,P9867,Clothing,5,163.33,23.7,623.1,Pakistan,Bank Transfer
503231,10378,2026-06-24,P6458,Sports,7,104.81,3.1,710.93,Pakistan,Credit Card
507932,10947,2026-07-26,P7870,Books,4,30.2,3.3,116.81,United Kingdom,Digital Wallet
507457,10893,2026-07-11,P7027,Clothing,1,157.44,41.8,91.63,Pakistan,Credit Card
509783,11173,2026-05-28,P2070,Beauty,1,26.05,3.9,25.03,Australia,Cash on Delivery
505183,10614,2026-05-29,P5398,Sports,4,136.88,11.8,482.91,Pakistan,Digital Wallet
508076,10965,2026-06-22,P8202,Clothing,2,177.54,19.9,284.42,Pakistan,Bank Transfer
506501,10776,2026-07-01,P2870,Sports,7,89.82,14.2,539.46,Pakistan,Bank Transfer
506790,10819,2026-06-20,P8440,Beauty,6,77.7,7.0,433.57,Pakistan,Debit Card
507772,10931,2026-07-20,P4662,Clothing,3,28.25,13.0,73.73,Pakistan,Bank Transfer
502737,10319,2026-07-02,P2385,Accessories,4,115.74,18.0,379.63,Pakistan,Bank Transfer
507841,10938,2026-01-08,P2567,Books,1,32.73,20.8,25.92,Pakistan,Debit Card
506261,10749,2026-03-16,P3404,Sports,2,102.51,8.5,187.59,United States,Cash on Delivery
508205,10980,2026-02-12,P2006,Accessories,3,59.79,12.7,156.59,United States,Cash on Delivery
501247,10136,2026-07-05,P4194,Beauty,3,110.24,5.0,314.18,Canada,Credit Card
509335,11111,2026-04-11,P9040,Electronics,1,535.92,44.6,296.9,Pakistan,Credit Card
504194,10487,2026-05-27,P1577,Clothing,7,25.43,9.6,160.92,Pakistan,Credit Card
508000,10958,2026-08-12,P2284,Books,3,79.77,8.6,218.73,Pakistan,Digital Wallet
507377,10884,2026-07-26,P7197,Clothing,2,67.33,6.1,126.45,Pakistan,Digital Wallet
503434,10404,2026-05-17,P9267,Accessories,3,19.66,27.8,42.58,United States,Digital Wallet
505381,10636,2026-03-11,P4723,Sports,1,153.51,1.2,151.67,United States,Digital Wallet
500958,10101,2026-07-17,P3606,Home & Kitchen,2,319.43,2.7,621.61,Pakistan,Cash on Delivery
500416,10045,2026-07-30,P9101,Books,1,79.77,0.8,79.13,United Kingdom,Credit Card
505741,10683,2026-07-05,P2323,Home & Kitchen,3,332.62,8.3,915.04,Pakistan,Credit Card
506727,10810,2026-07-21,P3859,Sports,3,194.83,0.0,584.49,Pakistan,Digital Wallet
504381,10516,2026-08-10,P3673,Books,4,54.62,3.2,211.49,Pakistan,Cash on Delivery
505196,10614,2026-08-03,P5742,Clothing,5,109.0,14.8,464.34,Pakistan,Digital Wallet
501112,10123,2026-06-15,P8400,Home & Kitchen,1,330.9,10.4,296.49,United States,Debit Card
502688,10312,2026-08-08,P7844,Home & Kitchen,5,225.01,9.5,1018.17,Pakistan,Debit Card
506472,10773,2026-08-15,P5932,Electronics,7,450.49,4.3,3017.83,Canada,Digital Wallet
508819,11048,2026-08-04,P7842,Sports,2,226.22,12.4,396.34,Pakistan,Cash on Delivery
507807,10936,2026-05-29,P6032,Home & Kitchen,4,203.48,17.3,673.11,United States,Digital Wallet
503410,10401,2026-06-25,P5929,Accessories,6,33.51,4.3,192.41,United States,Cash on Delivery
500080,10010,2026-04-09,P2170,Electronics,2,101.66,15.9,170.99,Pakistan,Bank Transfer
504613,10550,2026-05-10,P7054,Sports,2,31.81,31.8,43.39,United States,Cash on Delivery
501373,10150,2026-07-09,P1063,Clothing,3,150.1,19.1,364.29,Pakistan,Debit Card
501509,10165,2026-08-09,P9018,Books,3,26.68,4.9,76.12,Canada,Debit Card
506442,10772,2026-03-26,P5966,Home & Kitchen,2,132.39,28.0,190.64,Pakistan,Credit Card
503070,10362,2026-04-17,P1924,Electronics,3,258.22,3.8,745.22,Pakistan,Bank Transfer
503015,10354,2026-08-01,P6599,Clothing,3,112.8,0.8,335.69,United Kingdom,Digital Wallet
504822,10578,2026-04-01,P7246,Electronics,3,495.02,13.1,1290.52,Pakistan,Debit Card
507821,10937,2026-06-24,P6804,Clothing,6,133.05,8.7,728.85,Pakistan,Debit Card
500092,10011,2026-08-13,P6874,Beauty,6,49.24,4.1,283.33,Pakistan,Bank Transfer
509420,11120,2026-07-23,P8411,Beauty,4,45.68,3.4,176.51,Pakistan,Cash on Delivery
506599,10788,2026-07-22,P7663,Sports,3,215.43,0.2,645.0,United Kingdom,Digital Wallet
504442,10522,2026-07-24,P3492,Electronics,4,83.42,12.3,292.64,United States,Cash on Delivery
507601,10908,2026-07-31,P7879,Sports,5,150.06,17.3,620.5,United Kingdom,Debit Card
503834,10441,2026-08-04,P1317,Clothing,3,91.85,0.3,274.72,Pakistan,Bank Transfer
509701,11163,2026-06-15,P5735,Home & Kitchen,5,255.28,4.8,1215.13,Canada,Credit Card
504321,10508,2026-06-28,P8857,Home & Kitchen,3,137.86,28.5,295.71,,Cash on Delivery
503393,10399,2026-04-22,P8951,Books,1,9.58,24.7,7.21,Pakistan,Debit Card
504751,10567,2026-04-09,P8005,Clothing,5,34.62,3.7,166.7,United Kingdom,Bank Transfer
507228,10871,2026-04-25,P1108,Clothing,4,42.61,4.5,162.77,United States,Digital Wallet
509190,11093,2026-07-26,P9090,Sports,2,108.54,8.5,198.63,United Kingdom,Digital Wallet
502360,10274,2026-04-05,P3078,Accessories,3,77.31,24.9,174.18,United Kingdom,Cash on Delivery
501147,10125,2026-07-26,P2139,Clothing,4,40.8,10.2,146.55,United States,Debit Card
505665,10673,2026-07-18,P6323,Beauty,6,139.44,13.3,725.37,Pakistan,Credit Card
508074,10965,2026-06-08,P1682,Sports,2,160.94,13.1,279.71,United Kingdom,Debit Card
504942,10589,2026-08-09,P1284,Beauty,5,114.95,11.1,510.95,Pakistan,Debit Card
503662,10430,2026-08-08,P3990,Home & Kitchen,3,53.88,5.3,153.07,Pakistan,Credit Card
501562,10169,2026-07-24,P1807,Accessories,4,37.25,6.5,139.31,United Kingdom,Cash on Delivery
504112,10471,2026-08-14,P8637,Accessories,3,81.84,2.5,239.38,Pakistan,Digital Wallet
509049,11074,2026-06-09,P3101,Electronics,2,560.45,8.5,1025.62,Australia,Debit Card
509275,11105,2025-11-29,P6777,Beauty,1,27.5,4.5,26.26,Canada,Cash on Delivery
508537,11017,2026-06-01,P6097,Electronics,5,400.14,11.0,1780.62,Pakistan,Bank Transfer
500794,10083,2026-07-23,P3398,Books,4,14.72,13.4,50.99,Pakistan,Credit Card
505853,10699,2026-07-15,P4565,Books,5,37.05,16.6,154.5,Pakistan,Cash on Delivery
507618,10909,2026-08-14,P6431,Home & Kitchen,5,113.36,19.6,455.71,Pakistan,Cash on Delivery
501593,10174,2026-03-28,P5773,Beauty,3,93.76,14.5,240.49,Pakistan,Credit Card
507417,10889,2026-08-10,P2823,Electronics,4,96.82,4.2,371.01,Canada,Debit Card
505266,10622,2026-05-27,P2093,Home & Kitchen,5,108.42,16.3,453.74,Pakistan,Digital Wallet
507146,10858,2026-06-17,P3017,Electronics,3,676.58,15.1,1723.25,Pakistan,Credit Card
500088,10011,2026-08-12,P6197,Beauty,5,72.56,10.9,323.25,United Kingdom,Debit Card
508694,11035,2026-07-28,P6867,Accessories,6,17.37,0.2,104.01,Pakistan,Debit Card
509731,11165,2026-08-13,P5528,Clothing,3,131.1,16.5,328.41,United Kingdom,Bank Transfer
509445,11127,2026-08-08,P7588,Electronics,7,291.81,5.7,1926.24,United States,Digital Wallet
506753,10813,2026-08-07,P3350,Home & Kitchen,2,261.83,1.9,513.71,United States,Cash on Delivery
503501,10410,2026-08-09,P7149,Accessories,2,24.19,0.7,48.04,United Kingdom,Cash on Delivery
502233,10257,2025-10-24,P3945,Accessories,3,52.01,15.0,132.63,Pakistan,Digital Wallet
502802,10329,2026-02-05,P7943,Sports,1,108.68,15.6,91.73,Canada,Cash on Delivery
504423,10520,2026-06-06,P3555,Home & Kitchen,3,31.39,5.3,89.18,Pakistan,Bank Transfer
505662,10673,2026-07-10,P5253,Electronics,7,668.03,9.8,4217.94,United States,Debit Card
507169,10860,2026-08-12,P7602,Clothing,7,30.01,0.7,208.6,Pakistan,Bank Transfer
508336,10993,2026-07-03,P6674,Home & Kitchen,5,274.84,9.3,1246.4,United Kingdom,Cash on Delivery
502147,10245,2026-07-31,P7881,Electronics,2,346.56,1.3,684.11,Pakistan,Digital Wallet
507968,10955,2026-05-22,P1745,Home & Kitchen,2,94.5,6.9,175.96,Pakistan,Debit Card
506550,10779,2026-07-08,P1959,Electronics,1,484.43,31.1,333.77,Australia,Cash on Delivery
507642,10912,2026-08-10,P5907,Beauty,1,136.22,5.3,129.0,United States,Bank Transfer
506163,10735,2026-08-10,P2347,Electronics,5,678.74,9.0,3088.27,Pakistan,Digital Wallet
501494,10165,2026-07-07,P5102,Electronics,3,638.82,12.4,1678.82,United States,Cash on Delivery
507695,10920,2026-07-23,P4927,Home & Kitchen,6,245.85,12.3,1293.66,United Kingdom,Digital Wallet
507093,10853,2026-07-22,P7884,Sports,5,211.1,10.3,946.78,United Kingdom,Credit Card
501408,10153,2026-08-14,P3990,Beauty,7,76.28,7.5,493.91,Pakistan,Bank Transfer
506690,10805,2026-03-03,P9185,Clothing,2,120.05,1.6,236.26,Pakistan,Cash on Delivery
503400,10399,2026-06-26,P3612,Beauty,3,59.09,36.9,111.86,Pakistan,Bank Transfer
500108,10011,2026-08-15,P2652,Home & Kitchen,3,90.78,11.6,240.75,Pakistan,Cash on Delivery
505635,10669,2026-05-20,P2789,Clothing,1,35.33,2.9,34.31,Pakistan,Credit Card
508481,11011,2026-08-01,P2771,Home & Kitchen,1,114.43,5.7,107.91,United Kingdom,Credit Card
506603,10789,2026-07-15,P6861,Clothing,1,154.08,3.0,149.46,Pakistan,Credit Card
501090,10120,2026-01-30,P7037,Clothing,3,157.47,22.9,364.23,Canada,Bank Transfer
505559,10657,2026-07-13,P3926,Beauty,1,78.02,18.7,63.43,Canada,Bank Transfer
509411,11120,2026-07-09,P3275,Clothing,6,49.45,2.0,290.77,United Kingdom,Bank Transfer
508142,10974,2026-07-30,P2538,Electronics,3,169.93,19.7,409.36,United States,Bank Transfer
508663,11034,2026-07-07,P9247,Sports,6,157.96,3.7,912.69,United States,Cash on Delivery
506595,10788,2026-04-09,P7604,Electronics,3,665.56,6.5,1866.9,Pakistan,Digital Wallet
500623,10067,2026-07-16,P7553,Accessories,5,108.77,0.5,541.13,Pakistan,Digital Wallet
506870,10824,2026-07-12,P8498,Clothing,1,29.99,12.5,26.24,Australia,Debit Card
504813,10577,2026-07-27,P1126,Books,2,59.46,14.3,101.91,Canada,Digital Wallet
506552,10779,2026-07-23,P7435,Home & Kitchen,1,252.37,44.3,140.57,Australia,Credit Card
507529,10900,2026-07-17,P7360,Clothing,7,44.63,8.7,285.23,Pakistan,Credit Card
505795,10691,2026-07-03,P2043,Clothing,5,123.03,14.6,525.34,Canada,Cash on Delivery
507436,10890,2026-07-20,P3038,Home & Kitchen,4,118.97,5.6,449.23,Pakistan,Credit Card
504217,10490,2026-01-10,P8268,Electronics,2,193.94,17.9,318.45,United States,Bank Transfer
505940,10707,2026-06-08,P2588,Accessories,2,19.77,4.5,37.76,United States,Debit Card
508500,11014,2026-06-27,P5752,Clothing,3,158.96,14.3,408.69,Australia,Debit Card
506428,10771,2026-07-12,P5074,Clothing,6,73.21,11.4,389.18,Pakistan,Bank Transfer
506826,10821,2026-07-16,P1584,Electronics,2,364.68,25.9,540.46,United Kingdom,Credit Card
504130,10473,2026-07-01,P2785,Clothing,6,151.85,14.9,775.35,Pakistan,Bank Transfer
507801,10935,2026-07-15,P4624,Accessories,3,76.1,8.7,208.44,United States,Cash on Delivery
507753,10927,2026-07-08,P2281,Electronics,3,460.38,2.7,1343.85,Australia,Credit Card
504721,10564,2026-07-19,P4182,Clothing,2,141.15,9.7,254.92,Australia,Cash on Delivery
501650,10180,2026-07-14,P1185,Clothing,3,38.7,12.7,101.36,Pakistan,Bank Transfer
504140,10473,2026-08-02,P3749,Electronics,3,80.1,11.9,211.7,Pakistan,Debit Card
501617,10176,2026-07-12,P8838,Clothing,1,100.63,10.2,90.37,Pakistan,Digital Wallet
502029,10229,2025-11-23,P9914,Clothing,2,86.84,0.8,172.29,Canada,Debit Card
508517,11015,2026-03-02,P6356,Home & Kitchen,2,241.58,37.5,301.98,United Kingdom,Digital Wallet
504575,10543,2026-04-08,P5930,Accessories,4,93.06,3.4,359.58,Canada,Cash on Delivery
503992,10460,2026-07-26,P7746,Accessories,5,40.87,9.4,185.14,Australia,Credit Card
507376,10884,2026-07-19,P7807,Clothing,7,65.75,6.5,430.33,United States,Credit Card
506149,10735,2026-07-24,P4687,Electronics,4,628.57,15.5,2124.57,United Kingdom,Credit Card
504908,10588,2026-06-26,P1034,Beauty,3,45.18,13.9,116.7,Pakistan,Credit Card
505026,10599,2026-07-14,P5760,Books,4,32.0,12.9,111.49,United States,Cash on Delivery
508260,10984,2026-06-25,P3879,Home & Kitchen,4,314.17,13.5,1087.03,Canada,Credit Card
504731,10565,2026-04-11,P7651,Home & Kitchen,5,63.87,7.2,296.36,Australia,Debit Card
507548,10902,2026-07-13,P4832,Books,4,12.82,5.6,48.41,Pakistan,Digital Wallet
508134,10974,2026-07-22,P2154,Home & Kitchen,5,307.83,11.6,1360.61,Canada,Debit Card
501606,10174,2026-07-26,P2057,Home & Kitchen,5,190.98,15.4,807.85,Pakistan,Debit Card
504773,10570,2026-08-14,P9823,Accessories,1,101.51,3.2,98.26,Pakistan,Digital Wallet
508109,10968,2026-07-28,P9697,Sports,3,225.02,22.9,520.47,United States,Bank Transfer
506951,10833,2026-08-13,P4863,Books,3,27.06,7.1,75.42,Pakistan,Digital Wallet
506004,10719,2026-06-01,P5532,Sports,5,43.83,15.0,186.28,Canada,Cash on Delivery
507728,10926,2026-08-11,P8543,Clothing,3,134.58,8.9,367.81,United States,Cash on Delivery
503541,10417,2026-08-14,P7894,Electronics,4,254.77,10.2,915.13,Canada,Credit Card
500388,10041,2026-08-04,P1792,Sports,4,137.57,9.1,500.2,Pakistan,Debit Card
501794,10200,2026-06-16,P3590,Home & Kitchen,3,238.14,33.3,476.52,United States,Credit Card
508731,11039,2026-07-08,P3826,Clothing,3,126.6,5.7,358.15,Pakistan,Bank Transfer
504919,10588,2026-07-21,P1242,Electronics,6,394.99,14.6,2023.93,Canada,Digital Wallet
505537,10656,2026-06-18,P7712,Beauty,6,49.06,4.3,281.7,Pakistan,Digital Wallet
503872,10446,2026-01-08,P2881,Clothing,1,81.92,6.3,76.76,Pakistan,Debit Card
508868,11054,2026-07-23,P6714,Beauty,3,136.32,23.8,311.63,Pakistan,Credit Card
502254,10260,2026-07-23,P9208,Beauty,3,107.57,9.1,293.34,United Kingdom,Cash on Delivery
503412,10401,2026-06-25,P3803,Electronics,5,549.15,12.5,2402.53,Pakistan,Bank Transfer
505459,10644,2026-07-26,P6435,Beauty,5,90.39,12.7,394.55,Pakistan,Debit Card
504955,10590,2026-04-15,P2471,Sports,2,115.41,16.5,192.73,Canada,Digital Wallet
507396,10887,2026-06-05,P5585,Clothing,1,144.47,22.6,111.82,United States,Digital Wallet
505414,10640,2026-07-05,P9994,Home & Kitchen,3,261.69,20.1,627.27,Pakistan,Bank Transfer
507399,10887,2026-07-14,P6558,Accessories,1,78.42,22.9,60.46,Canada,Bank Transfer
507414,10889,2026-08-09,P9047,Accessories,4,82.82,3.9,318.36,Australia,Cash on Delivery
509100,11079,2026-08-07,P2158,Clothing,4,86.14,10.4,308.73,United Kingdom,Credit Card
504851,10584,2026-06-01,P9787,Electronics,5,351.57,1.5,1731.48,Canada,Debit Card
502025,10228,2026-07-20,P6491,Sports,4,98.85,12.5,345.97,Australia,Bank Transfer
502615,10304,2026-02-19,P4266,Home & Kitchen,1,239.98,19.0,194.38,Pakistan,Cash on Delivery
507388,10886,2026-05-29,P1209,Beauty,5,119.84,22.0,467.38,United Kingdom,Bank Transfer
502926,10340,2026-07-18,P8645,Clothing,5,95.45,9.4,432.39,United Kingdom,Cash on Delivery
501121,10124,2026-06-25,P1770,Clothing,7,159.16,0.7,1106.32,Pakistan,Debit Card
502910,10338,2026-05-14,P6067,Electronics,1,171.44,17.3,141.78,United Kingdom,Credit Card
508146,10975,2026-06-28,P3279,Clothing,2,98.08,11.7,173.21,United States,Digital Wallet
507383,10885,2026-05-20,P4482,Accessories,1,85.1,24.3,64.42,United States,Credit Card
503482,10408,2026-08-02,P3831,Electronics,2,465.76,7.9,857.93,Pakistan,Credit Card
500795,10083,2026-07-27,P8549,Accessories,3,23.87,10.1,64.38,Pakistan,Cash on Delivery
501575,10171,2026-07-18,P7276,Sports,3,64.34,5.6,182.21,Pakistan,Bank Transfer
506176,10737,2026-07-28,P5815,Home & Kitchen,5,309.53,5.7,1459.43,Pakistan,Digital Wallet
506266,10750,2026-05-26,P6382,Clothing,3,74.48,4.9,212.49,Pakistan,Debit Card
502458,10286,2026-07-28,P3157,Books,6,41.55,0.2,248.8,Pakistan,Debit Card
503312,10386,2026-08-08,P3096,Clothing,1,179.66,33.0,120.37,U.S.A.,Debit Card
501253,10138,2026-02-11,P6230,Home & Kitchen,3,345.63,34.0,684.35,Canada,Digital Wallet
506834,10822,2026-08-03,P3972,Beauty,3,123.92,9.1,337.93,United States,Bank Transfer
508794,11046,2026-05-14,P5013,Beauty,3,27.98,1.8,82.43,United States,Cash on Delivery
503837,10442,2025-10-17,P6214,Clothing,1,81.87,17.3,67.71,United Kingdom,Digital Wallet
504398,10517,2026-07-02,P2841,Beauty,4,39.28,8.4,143.92,Pakistan,Digital Wallet
503595,10423,2026-06-14,P1768,Clothing,6,107.54,0.8,640.08,Pakistan,Digital Wallet
506621,10793,2026-05-31,P7646,Accessories,3,52.81,19.7,127.22,United Kingdom,Digital Wallet
508382,10998,2026-08-08,P9348,Accessories,2,110.83,2.7,215.68,Pakistan,Cash on Delivery
502124,10244,2026-06-02,P3504,Clothing,3,31.36,10.6,84.11,Pakistan,Digital Wallet
503238,10378,2026-07-21,P8755,Sports,3,172.64,10.3,464.57,Pakistan,Debit Card
505403,10639,2026-06-21,P6001,Clothing,4,20.0,15.6,67.52,Pakistan,Bank Transfer
505998,10717,2026-06-17,P3356,Home & Kitchen,3,172.95,17.2,429.61,United Kingdom,Cash on Delivery
505938,10707,2026-05-17,P4192,Sports,3,66.9,9.7,181.23,United Kingdom,Bank Transfer
502045,10232,2026-04-10,P4229,Sports,1,107.0,19.6,86.03,Pakistan,Bank Transfer
501578,10172,2026-06-20,P3808,Home & Kitchen,5,69.71,0.3,347.5,United Kingdom,Debit Card
500014,10001,2026-08-12,P7059,Sports,5,163.87,12.0,721.03,United States,Cash on Delivery
502673,10310,2026-07-16,P1084,Home & Kitchen,5,254.17,13.4,1100.56,Pakistan,Debit Card
507016,10843,2026-08-01,P7969,Books,1,78.56,18.9,63.71,,Digital Wallet
508720,11038,2026-06-07,P6439,Clothing,2,112.06,42.9,127.97,Pakistan,Cash on Delivery
508849,11051,2025-09-16,P9429,,1,67.94,10.1,61.08,Pakistan,Cash on Delivery
504812,10577,2026-07-24,P4933,Clothing,3,166.56,1.3,493.18,Pakistan,Credit Card
501084,10118,2026-07-30,P8681,Clothing,5,156.5,0.3,780.15,United Kingdom,Credit Card
504983,10591,2026-08-15,P8050,Accessories,5,101.53,10.8,452.82,United Kingdom,Digital Wallet
507155,10860,2026-08-08,P1824,Beauty,6,119.58,14.1,616.32,Pakistan,Debit Card
502884,10336,2026-07-27,P2117,Home & Kitchen,5,122.88,4.0,589.82,Canada,Debit Card
500333,10033,2026-07-27,P7170,Clothing,4,23.06,0.1,92.15,Pakistan,Debit Card
507204,10867,2026-08-07,P3379,Accessories,5,69.86,8.6,319.26,Pakistan,Credit Card
504367,10516,2026-07-29,P8716,Home & Kitchen,3,108.44,4.0,312.31,Pakistan,Credit Card
503079,10364,2026-04-01,P6588,Accessories,2,18.74,18.0,30.73,Pakistan,Credit Card
507203,10867,2026-06-30,P8059,Clothing,4,25.39,0.1,101.46,Pakistan,Digital Wallet
509909,11191,2026-07-20,P2395,Accessories,3,27.56,5.3,78.3,United States,Digital Wallet
508864,11054,2026-05-14,P4710,Beauty,3,61.08,19.5,147.51,Canada,Digital Wallet
500263,10027,2026-07-10,P8837,Accessories,4,36.04,2.4,140.7,Pakistan,Credit Card
504337,10511,2026-06-26,P9732,Beauty,1,27.91,23.6,21.32,Pakistan,Cash on Delivery
508895,11058,2026-05-15,P6167,Electronics,1,475.75,8.3,436.26,Pakistan,Bank Transfer
508447,11006,2026-03-12,P6032,Accessories,3,68.06,4.9,194.18,United States,Digital Wallet
505903,10704,2026-07-25,P2446,Accessories,3,41.91,13.8,108.38,Pakistan,Digital Wallet
501498,10165,2026-07-11,P8830,Beauty,6,62.93,11.7,333.4,Pakistan,Cash on Delivery
504190,10484,2026-05-23,P8023,Beauty,3,147.42,12.2,388.3,United Kingdom,Cash on Delivery
507485,10896,2026-08-11,P5075,Clothing,5,29.57,0.1,147.7,Pakistan,Credit Card
509643,11159,2025-12-31,P9314,Clothing,1,178.69,8.3,163.86,United Kingdom,Digital Wallet
508310,10990,2026-02-23,P1986,Home & Kitchen,1,287.77,24.0,218.71,Pakistan,Bank Transfer
507590,10907,2026-07-02,P2522,Home & Kitchen,1,44.43,15.9,37.37,Pakistan,Debit Card
500500,10057,2026-08-03,P2306,Home & Kitchen,5,34.86,6.5,162.97,United Kingdom,Cash on Delivery
509155,11088,2026-06-04,P9994,Clothing,2,38.19,12.2,67.06,Pakistan,Bank Transfer
509414,11120,2026-07-13,P4057,Accessories,5,108.77,12.2,477.5,United States,Cash on Delivery
503095,10368,2026-03-27,P9666,Accessories,3,23.68,20.9,56.19,Pakistan,Digital Wallet
504631,10555,2025-11-23,P5867,Clothing,3,69.62,5.4,197.58,United Kingdom,Cash on Delivery
500367,10038,2026-08-03,P8710,Accessories,6,74.18,12.8,388.11,Pakistan,Debit Card
504058,10466,2026-07-05,P5067,Sports,5,169.08,13.0,735.5,United Kingdom,Credit Card
508174,10977,2026-04-27,P4810,Electronics,1,282.99,10.5,253.28,Pakistan,Debit Card
504630,10554,2026-04-09,P2127,Beauty,2,142.77,21.9,223.01,United Kingdom,Debit Card
506070,10726,2026-07-24,P4107,Clothing,3,121.3,16.6,303.49,United Kingdom,Cash on Delivery
502664,10310,2026-05-23,P5026,Home & Kitchen,4,67.44,6.2,253.03,,Cash on Delivery
501026,10110,2026-08-10,P6856,Home & Kitchen,4,97.39,10.4,349.05,Pakistan,Bank Transfer
505908,10704,2026-08-07,P4019,Home & Kitchen,3,104.09,10.5,279.48,Pakistan,Credit Card
505050,10600,2026-08-07,P4190,Accessories,2,54.06,3.3,104.55,Pakistan,Cash on Delivery
506328,10759,2026-04-01,P5619,Sports,2,124.19,9.6,224.54,United Kingdom,Debit Card
509733,11166,2026-01-30,P9909,Beauty,2,112.77,27.0,164.64,Pakistan,Credit Card
501691,10185,2026-06-20,P7420,Clothing,2,113.88,17.7,187.45,United Kingdom,Credit Card
500673,10071,2026-07-23,P6492,Electronics,1,145.35,35.9,93.17,Pakistan,Digital Wallet
505572,10659,2026-05-19,P3507,Electronics,2,532.82,2.3,1041.13,United States,Bank Transfer
505766,10688,2026-05-18,P9691,Accessories,3,32.56,8.8,89.08,United Kingdom,Bank Transfer
505156,10609,2026-04-09,P1331,Sports,1,237.74,0.7,236.08,United States,Debit Card
500733,10077,2026-05-29,P9823,Sports,1,69.31,20.2,55.31,Australia,Debit Card
503526,10415,2026-06-26,P7677,Electronics,1,438.93,1.7,431.47,Pakistan,Debit Card
500568,10063,2026-07-01,P1544,Home & Kitchen,1,316.11,39.6,190.93,Pakistan,Cash on Delivery
509187,11092,2026-07-18,P3946,Clothing,1,64.55,1.8,63.39,Pakistan,Cash on Delivery
502922,10340,2026-07-10,P4678,Accessories,3,93.19,12.5,244.62,Pakistan,Bank Transfer
507911,10946,2026-08-07,P1343,Electronics,4,358.76,9.7,1295.84,Australia,Digital Wallet
501558,10169,2026-07-19,P2249,Electronics,6,673.34,9.2,3668.36,Pakistan,Debit Card
500101,10011,2026-08-14,P2644,Electronics,4,472.09,10.0,1699.52,Pakistan,Bank Transfer
503007,10352,2026-03-18,P3307,Sports,1,88.59,13.2,76.9,Pakistan,Credit Card
507201,10867,2026-06-06,P8290,Clothing,4,79.33,12.7,277.02,Pakistan,Bank Transfer
500303,10031,2025-10-15,P4320,Home & Kitchen,3,65.04,20.5,155.12,Pakistan,Credit Card
500076,10010,2026-02-17,P4939,Electronics,2,246.27,27.3,358.08,United States,Digital Wallet
506754,10813,2026-08-08,P3011,Sports,7,61.55,8.6,393.8,United Kingdom,Debit Card
508629,11030,2026-07-30,P6784,Home & Kitchen,1,169.53,31.5,116.13,Pakistan,Cash on Delivery
501208,10133,2026-07-01,P8494,Electronics,6,522.76,9.6,2835.45,Canada,Credit Card
507742,10926,2026-08-15,P7887,Electronics,4,256.53,11.6,907.09,Australia,Credit Card
508214,10981,2026-05-15,P8731,Home & Kitchen,3,36.53,8.0,100.82,United States,Cash on Delivery
508944,11067,2026-08-07,P1065,Home & Kitchen,4,285.0,13.0,991.8,Pakistan,Debit Card
508413,11001,2026-08-15,P4621,Clothing,4,64.7,6.3,242.5,United Kingdom,Debit Card
501775,10196,2026-08-14,P5557,Beauty,2,140.85,2.1,275.78,United Kingdom,Cash on Delivery
503473,10408,2026-07-14,P2817,Electronics,2,298.1,3.6,574.74,United States,Digital Wallet
500483,10057,2026-06-28,P6108,Home & Kitchen,5,32.27,13.3,139.89,United Kingdom,Cash on Delivery
502189,10252,2026-06-06,P3634,Home & Kitchen,3,84.1,23.8,192.25,Pakistan,Credit Card
500346,10036,2026-05-12,P5601,Clothing,3,74.16,44.9,122.59,Canada,Debit Card
505481,10646,2025-12-21,P3620,Electronics,2,153.86,19.0,249.25,United Kingdom,Debit Card
508361,10996,2026-07-31,P3115,Clothing,2,93.03,1.6,183.08,United Kingdom,Digital Wallet
501472,10161,2026-06-10,P4591,Books,4,47.72,12.1,167.78,United Kingdom,Digital Wallet
505100,10604,2026-07-15,P5468,Home & Kitchen,4,148.68,8.7,542.98,Pakistan,Digital Wallet
506765,10815,2026-03-08,P9143,Accessories,2,92.92,16.3,155.55,United Kingdom,Credit Card
508706,11037,2026-07-07,P4462,Beauty,3,137.61,3.2,399.62,Pakistan,Debit Card
504929,10589,2026-07-27,P9524,Clothing,7,102.56,12.7,626.74,Canada,Credit Card
506329,10760,2026-04-30,P9901,Clothing,2,116.87,42.3,134.87,Pakistan,Credit Card
502609,10302,2026-06-01,P8987,Clothing,2,155.51,19.8,249.44,United Kingdom,Bank Transfer
500003,10001,2026-07-20,P8389,Books,3,51.9,11.3,138.11,United Kingdom,Bank Transfer
502213,10255,2026-03-15,P2375,Electronics,5,356.45,1.9,1748.39,Pakistan,Credit Card
504827,10580,2026-06-17,P5417,Home & Kitchen,2,283.33,1.3,559.29,Pakistan,Cash on Delivery
500856,10091,2026-07-08,P9142,Accessories,6,44.98,4.3,258.28,Pakistan,Debit Card
506977,10836,2026-06-26,P3374,Beauty,3,60.5,3.4,175.33,Canada,Debit Card
505885,10702,2026-08-15,P4940,Clothing,2,174.16,10.3,312.44,United States,Cash on Delivery
500624,10067,2026-07-19,P2145,Accessories,7,35.74,9.6,226.16,Pakistan,Cash on Delivery
500290,10030,2026-07-23,P5732,Books,3,77.8,7.6,215.66,United Kingdom,Digital Wallet
502018,10228,2026-05-25,P5479,Home & Kitchen,1,230.28,10.2,206.79,United Kingdom,Bank Transfer
500668,10069,2026-08-14,P9953,Accessories,3,46.23,12.0,122.05,Pakistan,Digital Wallet
508921,11065,2026-06-27,P1076,Clothing,1,85.32,20.1,68.17,Pakistan,Credit Card
508264,10984,2026-07-01,P6702,Clothing,6,106.31,0.1,637.22,United Kingdom,Digital Wallet
509696,11162,2026-08-11,P5084,Home & Kitchen,6,98.29,9.8,531.95,Pakistan,Bank Transfer
501631,10178,2026-05-31,P1353,Electronics,5,400.55,18.9,1624.23,United Kingdom,Debit Card
505170,10611,2026-07-26,P3847,Clothing,6,72.06,14.1,371.4,United Kingdom,Debit Card
507205,10867,2026-08-13,P2160,Electronics,3,395.77,3.4,1146.94,United Kingdom,Debit Card
502522,10293,2026-01-25,P3449,Electronics,1,613.05,21.5,481.24,United Kingdom,Digital Wallet
502215,10255,2026-04-01,P9911,Clothing,5,44.88,4.5,214.3,United Kingdom,Cash on Delivery
506968,10835,2026-05-08,P6692,Clothing,3,35.78,9.7,96.93,Pakistan,Cash on Delivery
506496,10776,2026-06-16,P1203,Home & Kitchen,5,251.21,0.8,1246.0,United States,Digital Wallet
506213,10741,2026-07-11,P7251,Home & Kitchen,1,129.48,0.3,129.09,Pakistan,Digital Wallet
507032,10845,2026-08-07,P9670,Electronics,6,685.44,12.6,3594.45,Pakistan,Credit Card
507420,10889,2026-08-10,P9961,Beauty,7,128.3,9.6,811.88,Pakistan,Digital Wallet
501107,10123,2026-05-22,P1648,Clothing,1,164.81,5.9,155.09,Pakistan,Credit Card
500450,10050,2026-07-29,P7728,Clothing,4,111.39,5.7,420.16,Pakistan,Credit Card
506289,10752,2026-03-29,P2616,Books,2,55.16,15.6,93.11,United Kingdom,Digital Wallet
509966,11197,2026-04-01,P7643,Beauty,1,45.85,22.1,35.72,Australia,Credit Card
500135,10014,2026-08-07,P4340,Clothing,3,35.75,24.2,81.3,United Kingdom,Digital Wallet
501785,10197,2026-07-05,P2687,Electronics,2,129.63,30.2,180.96,Canada,Bank Transfer
503404,10400,2026-04-18,P5582,Clothing,1,55.53,32.2,37.65,Pakistan,Cash on Delivery
502906,10336,2026-08-15,P8598,Home & Kitchen,2,265.25,0.4,528.38,United Kingdom,Bank Transfer
508304,10989,2026-06-06,P1318,Electronics,3,114.78,0.9,341.24,Pakistan,Cash on Delivery
507492,10897,2026-07-09,P3599,Beauty,3,116.04,10.0,313.31,Canada,Credit Card
506100,10728,2026-07-20,P7824,Accessories,1,53.42,18.0,43.8,Pakistan,Credit Card
504504,10529,2026-08-13,P4487,Books,5,65.69,0.1,328.12,Pakistan,Credit Card
505053,10600,2026-08-13,P7556,Sports,7,196.51,13.2,1193.99,Australia,Debit Card
505205,10617,2026-06-04,P5918,Clothing,6,107.83,12.0,569.34,United Kingdom,Bank Transfer
504080,10469,2026-06-28,P3799,Clothing,1,123.76,16.1,103.83,Pakistan,Debit Card
506918,10829,2026-07-08,P1276,Clothing,3,50.07,30.4,104.55,Canada,Credit Card
506802,10819,2026-07-13,P9180,Clothing,6,95.95,7.7,531.37,Pakistan,Debit Card
505206,10617,2026-06-14,P4492,Sports,5,143.77,5.8,677.16,Pakistan,Debit Card
500532,10060,2026-07-17,P1045,Electronics,3,239.14,7.4,664.33,United States,Debit Card
504830,10580,2026-07-01,P8171,Books,2,39.07,22.2,60.79,Pakistan,Bank Transfer
504038,10463,2026-02-09,P8937,Sports,1,129.32,17.6,106.56,Pakistan,Credit Card
504084,10469,2026-07-10,P9344,Beauty,1,32.64,0.8,32.38,Australia,Debit Card
503204,10376,2026-06-02,P5414,Accessories,5,21.98,20.6,87.26,Pakistan,Credit Card
507110,10855,2026-07-13,P9659,Sports,4,180.23,19.0,583.95,United Kingdom,Debit Card
500330,10033,2026-07-14,P6677,Sports,3,80.98,6.3,227.63,Pakistan,Bank Transfer
504957,10590,2026-05-22,P7663,Books,1,68.91,5.7,64.98,United Kingdom,Digital Wallet
503033,10355,2026-08-12,P5869,Accessories,6,47.63,14.3,244.91,Canada,Credit Card
507684,10920,2026-06-30,P7359,Electronics,7,104.22,7.0,678.47,United States,Debit Card
501597,10174,2026-04-27,P2064,Books,3,69.11,20.8,164.21,United Kingdom,Credit Card
509919,11191,2026-08-05,P7528,Accessories,5,44.02,9.7,198.75,Canada,Debit Card
503597,10423,2026-06-22,P7253,Clothing,4,51.68,7.3,191.63,Canada,Debit Card
509038,11073,2026-07-23,P1095,Accessories,4,38.54,0.8,152.93,United Kingdom,Credit Card
508001,10958,2026-08-13,P8078,Electronics,7,416.82,2.3,2850.63,United States,Bank Transfer
500590,10064,2026-08-11,P4367,Sports,5,56.98,24.6,214.81,United Kingdom,Cash on Delivery
500647,10069,2026-07-21,P5677,Books,4,15.43,2.7,60.05,United States,Bank Transfer
509102,11080,2025-11-20,P4893,Accessories,3,107.88,22.8,249.85,Australia,Bank Transfer
508015,10960,2026-02-04,P7891,Beauty,1,48.42,32.0,32.93,USA,Digital Wallet
503771,10437,2026-07-24,P5807,Sports,4,246.36,6.0,926.31,United Kingdom,Debit Card
509039,11073,2026-07-24,P1841,Books,5,17.42,1.7,85.62,United States,Bank Transfer
505082,10603,2026-04-25,P8539,Home & Kitchen,3,117.5,24.3,266.84,Canada,Cash on Delivery
507882,10941,2026-07-19,P8529,Beauty,2,34.71,17.1,57.55,Pakistan,Digital Wallet
509362,11113,2026-06-21,P9139,Books,5,30.81,5.3,145.89,United States,Digital Wallet
504210,10488,2026-07-26,P8234,Books,2,38.06,1.3,75.13,Pakistan,Digital Wallet
508834,11050,2026-07-22,P6243,Beauty,5,100.08,11.8,441.35,Pakistan,Bank Transfer
508699,11035,2026-08-06,P9500,Sports,3,43.01,11.6,114.06,Pakistan,Bank Transfer
501795,10200,2026-06-25,P3912,Accessories,2,64.93,17.3,107.39,Canada,Cash on Delivery
502586,10300,2026-08-06,P5230,Home & Kitchen,4,202.03,4.3,773.37,Pakistan,Digital Wallet
508355,10996,2026-07-03,P7357,Accessories,6,103.86,1.2,615.68,United States,Bank Transfer
502316,10269,2026-06-18,P3010,Beauty,2,27.14,6.0,51.02,Pakistan,Bank Transfer
504185,10483,2026-05-01,P1352,Electronics,3,292.18,7.2,813.43,United Kingdom,Credit Card
508827,11048,2026-08-14,P1360,Books,3,67.29,12.5,176.64,Pakistan,Digital Wallet
507072,10851,2026-08-03,P2887,Electronics,5,218.84,3.9,1051.53,United Kingdom,Bank Transfer
505234,10619,2026-04-16,P4106,Beauty,2,66.66,20.5,105.99,United Kingdom,Cash on Delivery
508743,11039,2026-07-25,P2452,Clothing,6,98.91,9.6,536.49,Australia,Cash on Delivery
508670,11034,2026-07-27,P1289,Clothing,3,94.17,13.5,244.37,United States,Bank Transfer
504768,10570,2026-06-08,P2899,Clothing,4,85.38,11.9,300.88,Pakistan,Bank Transfer
509972,11199,2026-05-04,P8637,Electronics,2,302.79,22.4,469.93,United States,Credit Card
507144,10858,2026-02-08,P6214,Clothing,2,99.05,2.1,193.94,Pakistan,Cash on Delivery
502913,10338,2026-05-18,P6686,Clothing,1,178.17,21.5,139.86,United Kingdom,Debit Card
509871,11186,2026-03-12,P4961,Sports,1,46.27,12.3,40.58,United Kingdom,Debit Card
509893,11189,2026-04-17,P7299,Accessories,5,83.97,17.0,348.48,United Kingdom,Credit Card
502075,10236,2026-04-21,P7678,Accessories,2,13.52,31.8,18.44,United States,Digital Wallet
504302,10504,2026-08-09,P5671,Clothing,2,129.97,25.4,193.92,Pakistan,Digital Wallet
505822,10695,2026-07-29,P1915,Electronics,5,313.77,8.2,1440.2,Australia,Digital Wallet
502149,10245,2026-08-09,P8131,Home & Kitchen,4,95.49,1.3,376.99,Canada,Debit Card
500144,10015,2026-07-24,P3159,Sports,5,99.38,14.2,426.34,United States,Debit Card
504963,10590,2026-07-01,P7632,Home & Kitchen,1,71.19,14.7,60.73,Pakistan,Credit Card
508159,10975,2026-07-19,P8936,Clothing,2,69.66,11.8,122.88,Pakistan,Credit Card
509030,11072,2026-07-31,P6449,Sports,4,57.2,1.6,225.14,Pakistan,Digital Wallet
504775,10571,2026-04-29,P4501,Home & Kitchen,2,43.42,16.2,72.77,Pakistan,Debit Card
508933,11067,2026-06-30,P8845,Beauty,5,69.62,13.1,302.5,Pakistan,Cash on Delivery
507749,10927,2026-06-02,P3295,Sports,1,45.18,15.8,38.04,Pakistan,Cash on Delivery
509828,11179,2026-04-22,P9138,Clothing,3,71.8,32.3,145.83,Pakistan,Cash on Delivery
509214,11096,2026-07-26,P3246,Books,4,11.52,22.4,35.76,Australia,Credit Card
506060,10725,2026-05-05,P2936,Books,1,63.25,11.8,55.79,Pakistan,Credit Card
509475,11130,2026-07-04,P4589,Books,2,41.65,12.2,73.14,United States,Digital Wallet
506409,10769,2026-06-27,P9032,Clothing,4,166.42,4.4,636.39,Pakistan,Cash on Delivery
503317,10387,2026-06-24,P7247,Clothing,4,140.36,20.3,447.47,Pakistan,Cash on Delivery
507464,10894,2026-08-01,P3214,Sports,4,138.61,2.4,541.13,Pakistan,Debit Card
503061,10361,2026-08-09,P2685,Home & Kitchen,5,221.48,19.0,896.99,Pakistan,Digital Wallet
501355,10149,2026-07-12,P4598,Home & Kitchen,2,232.45,4.1,445.84,United Kingdom,Cash on Delivery
504514,10531,2026-05-24,P6371,Beauty,2,26.67,39.0,32.54,Pakistan,Bank Transfer
505505,10650,2026-03-23,P3315,Sports,1,116.13,19.3,93.72,Pakistan,Digital Wallet
505250,10620,2026-06-30,P2388,Beauty,2,139.22,34.4,182.66,Canada,Credit Card
504511,10531,2026-04-29,P4455,Clothing,1,176.95,40.2,105.82,Pakistan,Bank Transfer
501730,10190,2026-08-15,P8086,Electronics,4,211.24,13.4,731.74,Pakistan,Debit Card
501758,10193,2026-02-26,P6262,Home & Kitchen,1,278.93,13.6,241.0,United Kingdom,Bank Transfer
506650,10799,2026-06-12,P2976,Sports,2,227.63,16.3,381.05,United Kingdom,Bank Transfer
506646,10797,2025-12-15,P1229,Books,3,37.16,3.2,107.91,United States,Credit Card
509860,11185,2026-07-03,P9388,Beauty,5,41.62,12.5,182.09,Canada,Credit Card
504139,10473,2026-07-31,P3772,Accessories,7,84.86,14.5,507.89,Pakistan,Debit Card
509393,11117,2026-08-11,P6943,Clothing,3,31.37,9.9,84.79,United States,Cash on Delivery
505123,10605,2026-08-12,P2915,Accessories,6,119.84,10.0,647.14,Pakistan,Digital Wallet
500000,10001,2026-07-05,P1570,Sports,3,108.95,4.2,313.12,United Kingdom,Credit Card
501864,10209,2026-07-20,P3389,Accessories,4,35.95,5.1,136.47,Pakistan,Credit Card
500543,10061,2026-07-11,P6899,Books,2,17.26,17.2,28.58,Pakistan,Debit Card
500349,10036,2026-07-01,P5326,Electronics,3,496.86,17.6,1228.24,Australia,Bank Transfer
506906,10828,2026-07-09,P5792,Clothing,2,144.71,8.1,265.98,Australia,Cash on Delivery
509765,11170,2026-05-20,P7272,Clothing,3,42.45,22.7,98.44,United States,Debit Card
502523,10293,2026-02-15,P6099,Home & Kitchen,1,300.63,29.0,213.45,Australia,Cash on Delivery
503464,10407,2026-07-23,P7837,Electronics,5,335.34,12.3,1470.47,Pakistan,Bank Transfer
500457,10051,2026-03-16,P6190,Electronics,1,695.56,18.1,569.66,Pakistan,Credit Card
503023,10355,2026-06-16,P2610,Home & Kitchen,2,172.82,14.1,296.9,Pakistan,Bank Transfer
507261,10874,2026-07-13,P3196,Home & Kitchen,1,131.47,5.0,124.9,Pakistan,Credit Card
509515,11133,2026-08-11,P5587,Sports,6,228.83,6.2,1287.86,Australia,Digital Wallet
507872,10941,2026-04-22,P8201,Electronics,2,424.25,0.3,845.95,United Kingdom,Bank Transfer
506625,10794,2026-02-13,P6571,Accessories,3,11.74,2.4,34.37,United Kingdom,Bank Transfer
502534,10294,2026-04-06,P3962,Home & Kitchen,4,180.4,0.5,717.99,United States,Digital Wallet
500131,10014,2026-07-22,P2689,Accessories,1,102.64,1.9,100.69,Pakistan,Credit Card
503704,10433,2026-05-01,P5533,Accessories,1,17.51,11.2,15.55,United States,Debit Card
501372,10150,2026-07-05,P8056,Books,1,25.79,15.5,21.79,United Kingdom,Credit Card
506200,10740,2026-07-25,P7879,Books,1,70.66,19.9,56.6,Pakistan,Cash on Delivery
504856,10584,2026-06-28,P5079,Clothing,1,111.16,18.4,90.71,United Kingdom,Credit Card
504712,10564,2026-06-26,P6152,Books,2,17.57,13.3,30.47,United Kingdom,Bank Transfer
505544,10656,2026-07-06,P9812,Books,3,51.03,12.5,133.95,United States,Bank Transfer
501413,10155,2026-03-01,P8354,Books,1,25.98,0.4,25.88,Pakistan,Debit Card
504113,10471,2026-08-14,P6276,Books,6,45.84,12.9,239.56,Australia,Digital Wallet
500655,10069,2026-07-29,P2471,Electronics,6,657.16,5.7,3718.21,United States,Credit Card
508137,10974,2026-07-25,P8396,Home & Kitchen,1,220.73,11.3,195.79,United States,Bank Transfer
504098,10471,2026-08-06,P7968,Accessories,3,75.32,12.0,198.84,United Kingdom,Credit Card
500592,10065,2026-07-09,P2212,Sports,2,92.78,15.0,157.73,Pakistan,Bank Transfer
508708,11037,2026-07-26,P5251,Home & Kitchen,2,34.53,0.9,68.44,United Kingdom,Cash on Delivery
503123,10370,2026-07-28,P2189,Beauty,3,64.58,11.1,172.23,Pakistan,Credit Card
503047,10358,2026-07-10,P1496,Clothing,2,43.13,16.3,72.2,Pakistan,Bank Transfer
503887,10450,2026-06-30,P5766,Clothing,2,105.14,6.0,197.66,United Kingdom,Cash on Delivery
505735,10682,2026-08-09,P9995,Beauty,3,126.81,7.2,353.04,Pakistan,Debit Card
502184,10251,2026-08-06,P8389,Electronics,1,301.38,7.8,277.87,Pakistan,Cash on Delivery
502145,10245,2026-07-29,P1411,Sports,7,105.54,9.7,667.12,United States,Debit Card
507047,10847,2026-06-27,P4701,Books,5,77.8,4.5,371.5,Canada,Debit Card
503105,10370,2026-05-27,P7900,Clothing,2,74.9,9.5,135.57,Pakistan,Bank Transfer
509233,11098,2026-06-21,P3376,Books,2,38.28,0.4,76.25,Pakistan,Bank Transfer
509096,11079,2026-07-10,P5931,Home & Kitchen,5,304.02,11.0,1352.89,Canada,Debit Card
502769,10322,2026-07-21,P4261,Sports,2,98.91,41.8,115.13,Pakistan,Digital Wallet
505221,10618,2026-08-03,P1200,Accessories,3,54.38,19.1,131.98,Pakistan,Credit Card
505833,10696,2026-07-21,P1085,Sports,3,135.68,10.8,363.08,United Kingdom,Digital Wallet
501732,10191,2026-08-09,P2935,Clothing,6,58.44,9.7,316.63,United Kingdom,Digital Wallet
500265,10027,2026-07-31,P1919,Sports,3,55.0,4.3,157.91,Pakistan,Bank Transfer
505144,10608,2026-06-25,P9884,Books,2,79.13,20.4,125.97,United Kingdom,Debit Card
508267,10984,2026-07-20,P5695,Sports,3,95.14,13.1,248.03,Pakistan,Bank Transfer
503937,10456,2026-04-23,P5961,Sports,1,80.29,24.9,60.3,Pakistan,Cash on Delivery
500761,10079,2026-08-01,P7486,Sports,1,239.67,16.5,200.12,United Kingdom,Cash on Delivery
507220,10869,2026-01-04,P5178,Sports,1,82.05,9.3,74.42,Pakistan,Bank Transfer
508439,11005,2026-04-05,P1269,Beauty,3,66.13,43.0,113.08,Pakistan,Debit Card
503257,10380,2026-06-10,P6190,Home & Kitchen,4,134.86,22.6,417.53,United Kingdom,Cash on Delivery
504338,10511,2026-06-27,P6727,Accessories,2,106.16,2.0,208.07,Pakistan,Debit Card
504362,10515,2026-08-11,P8432,Home & Kitchen,7,311.08,3.9,2092.64,United Kingdom,Debit Card
500316,10032,2026-07-01,P1100,Clothing,4,88.96,14.2,305.31,Canada,Credit Card
508069,10964,2026-08-15,P3269,Beauty,5,90.73,5.9,426.88,United Kingdom,Bank Transfer
501851,10207,2026-06-21,P5669,Electronics,3,155.4,1.6,458.74,United Kingdom,Bank Transfer
502484,10290,2025-12-24,P6066,Clothing,3,157.88,10.3,424.86,Australia,Digital Wallet
509873,11188,2026-07-05,P8385,Beauty,5,112.01,11.4,496.2,United States,Debit Card
509574,11142,2026-06-30,P5454,Home & Kitchen,3,316.19,17.3,784.47,United States,Cash on Delivery
501078,10118,2026-05-18,P7724,Electronics,5,638.41,0.6,3172.9,Pakistan,Credit Card
508358,10996,2026-07-13,P9654,Sports,7,243.78,6.9,1588.71,United Kingdom,Cash on Delivery
507333,10881,2026-05-18,P5802,Accessories,5,94.59,12.9,411.94,Pakistan,Debit Card
501071,10117,2026-05-16,P5381,Clothing,3,98.09,30.4,204.81,United Kingdom,Digital Wallet
500103,10011,2026-08-14,P6162,Clothing,7,24.11,4.6,161.01,United Kingdom,Digital Wallet
505748,10684,2026-02-18,P2567,Sports,1,69.84,9.4,63.28,Canada,Credit Card
501418,10156,2026-06-02,P9654,Sports,3,191.87,14.5,492.15,United States,Debit Card
501658,10180,2026-08-06,P9648,Beauty,2,47.12,8.6,86.14,Pakistan,Debit Card
505284,10623,2026-07-02,P2883,Accessories,3,56.65,1.9,166.72,United States,Credit Card
501149,10126,2026-02-09,P7339,Clothing,2,20.9,1.5,41.17,Canada,Credit Card
507150,10859,2025-11-01,P7250,Clothing,1,130.53,12.0,114.87,Pakistan,Credit Card
501568,10170,2026-04-13,P6693,Beauty,1,75.02,23.6,57.32,Canada,Credit Card
501087,10118,2026-08-13,P6200,Electronics,1,168.38,19.5,135.55,United Kingdom,Digital Wallet
506085,10727,2026-07-24,P1827,Clothing,3,34.08,14.1,87.82,United States,Bank Transfer
508674,11034,2026-08-04,P6466,Books,2,20.18,10.5,36.12,Canada,Bank Transfer
508341,10994,2026-05-04,P5924,Accessories,2,30.81,1.5,60.7,Pakistan,Cash on Delivery
507811,10936,2026-06-27,P1600,Electronics,3,417.34,5.5,1183.16,Australia,Debit Card
506084,10727,2026-07-23,P7122,Sports,3,199.95,12.2,526.67,Pakistan,Debit Card
508773,11041,2026-05-26,P8269,Accessories,3,68.27,14.9,174.29,Canada,Debit Card
508757,11040,2026-06-12,P9410,Home & Kitchen,5,149.64,9.4,677.87,United Kingdom,Digital Wallet
501692,10185,2026-06-21,P5357,Clothing,1,39.08,23.5,29.9,United Kingdom,Debit Card
504734,10565,2026-05-06,P8196,Clothing,2,54.99,19.6,88.42,Canada,Credit Card
503387,10398,2026-06-18,P6008,Accessories,1,81.35,15.7,68.58,Pakistan,Debit Card
503646,10429,2026-06-14,P8397,Home & Kitchen,3,67.72,3.5,196.05,United States,Debit Card
501683,10182,2026-08-11,P8675,Accessories,4,22.4,10.2,80.46,Pakistan,Bank Transfer
500008,10001,2026-08-02,P6750,Clothing,1,130.59,11.6,115.44,Canada,Bank Transfer
506062,10725,2026-07-13,P8580,Home & Kitchen,1,143.2,13.4,124.01,Australia,Cash on Delivery
506516,10776,2026-08-01,P2443,Electronics,6,299.68,10.6,1607.48,Canada,Cash on Delivery
504123,10473,2026-06-06,P7464,Clothing,7,50.21,1.0,347.96,Pakistan,Cash on Delivery
508729,11039,2026-07-07,P3151,Home & Kitchen,7,145.19,0.5,1011.25,United Kingdom,Cash on Delivery
506045,10723,2026-07-17,P5451,Electronics,7,618.02,0.3,4313.16,Canada,Credit Card
500567,10063,2026-06-30,P2054,Clothing,2,111.78,34.9,145.54,Pakistan,Credit Card
509161,11088,2026-06-21,P4856,Books,3,26.31,16.3,66.06,Australia,Bank Transfer
501803,10202,2026-06-09,P5374,Home & Kitchen,7,266.08,7.7,1719.14,Australia,Cash on Delivery
508501,11014,2026-06-28,P1540,Accessories,4,92.43,2.0,362.33,United Kingdom,Debit Card
504900,10587,2026-08-06,P1404,Accessories,3,47.15,7.0,131.55,United Kingdom,Debit Card
501599,10174,2026-05-22,P8612,Clothing,4,63.43,12.2,222.77,Pakistan,Credit Card
507931,10947,2026-07-25,P6877,Clothing,3,79.81,10.4,214.53,Pakistan,Bank Transfer
509547,11137,2025-11-30,P2231,,3,111.48,12.8,291.63,United Kingdom,Credit Card
502823,10331,2026-07-08,P4897,Electronics,2,327.5,4.6,624.87,United Kingdom,Digital Wallet
505467,10645,2026-07-14,P6212,Sports,4,216.39,4.0,830.94,Pakistan,Bank Transfer
503529,10416,2025-11-20,P2072,Electronics,1,533.03,16.5,445.08,Pakistan,Cash on Delivery
508683,11035,2026-06-14,P1975,Beauty,2,81.38,13.2,141.28,United States,Bank Transfer
501155,10127,2026-06-06,P1105,Accessories,3,30.12,28.5,64.61,United States,Cash on Delivery
506547,10779,2026-04-05,P1199,Clothing,1,64.78,22.7,50.07,Pakistan,Bank Transfer
509088,11078,2026-06-30,P9612,Home & Kitchen,2,203.31,2.3,397.27,Pakistan,Cash on Delivery
507620,10910,2026-04-26,P3440,Accessories,1,113.49,6.8,105.77,Pakistan,Debit Card
508296,10987,2026-06-15,P6977,Clothing,2,71.35,15.7,120.3,Australia,Debit Card
504540,10538,2026-05-24,P5518,Beauty,5,104.27,5.3,493.72,United States,Digital Wallet
509134,11082,2026-08-04,P4666,Accessories,3,99.62,8.2,274.35,Pakistan,Cash on Delivery
506482,10775,2026-04-14,P8885,Home & Kitchen,3,309.77,32.1,631.0,United Kingdom,Debit Card
505826,10695,2026-08-09,P9048,Accessories,5,13.02,5.3,61.65,United Kingdom,Debit Card
501190,10130,2026-05-07,P7587,Clothing,3,72.77,22.5,169.19,United States,Cash on Delivery
507444,10891,2026-07-16,P2214,Home & Kitchen,1,334.26,27.4,242.67,United Kingdom,Digital Wallet
508520,11015,2026-04-08,P9499,Sports,2,226.87,26.7,332.59,Pakistan,Cash on Delivery
500960,10101,2026-07-19,P9159,Sports,2,82.2,5.2,155.85,Pakistan,Digital Wallet
507454,10893,2026-06-27,P4722,Clothing,1,132.82,25.0,99.61,Pakistan,Credit Card
500036,10005,2026-07-16,P7603,Electronics,1,354.53,2.2,346.73,Australia,Credit Card
507516,10899,2026-07-16,P1598,Clothing,7,20.67,2.7,140.78,Pakistan,Credit Card
507644,10913,2025-12-03,P9923,Clothing,2,178.64,20.5,284.04,Pakistan,Cash on Delivery
504438,10522,2026-07-06,P4048,Home & Kitchen,1,36.4,6.8,33.92,Pakistan,Credit Card
506161,10735,2026-08-09,P2710,Clothing,1,79.6,1.5,78.41,United Kingdom,Credit Card
507744,10926,2026-08-15,P9508,Beauty,6,143.88,13.5,746.74,Pakistan,Digital Wallet
509587,11145,2026-07-09,P3275,Sports,4,29.04,15.4,98.27,Pakistan,Debit Card
508119,10971,2026-07-20,P3218,Beauty,2,69.32,7.1,128.8,Australia,Debit Card
506967,10835,2026-05-07,P9992,Books,3,15.76,0.3,47.14,Pakistan,Cash on Delivery
505718,10681,2026-07-15,P1207,Home & Kitchen,3,335.87,24.8,757.72,United Kingdom,Debit Card
500577,10064,2026-06-13,P3520,Sports,2,34.87,15.6,58.86,Pakistan,Debit Card
509833,11179,2026-07-06,P5433,Electronics,3,581.09,44.8,962.29,Pakistan,Cash on Delivery
504102,10471,2026-08-09,P4481,Electronics,3,419.19,4.3,1203.49,Australia,Bank Transfer
507646,10913,2026-05-24,P8015,Beauty,2,130.07,17.7,214.1,United Kingdom,Debit Card
504151,10475,2025-12-27,P7825,Accessories,2,60.89,10.2,109.36,United States,Cash on Delivery
503130,10371,2026-06-08,P2643,Books,4,73.16,1.9,287.08,Pakistan,Digital Wallet
504890,10587,2026-07-09,P8007,Books,2,76.55,1.2,151.26,United States,Cash on Delivery
509975,11199,2026-06-07,P5471,Accessories,3,98.71,30.6,205.51,Canada,Bank Transfer
507471,10895,2025-10-07,P2506,Accessories,2,64.4,18.0,105.62,Pakistan,Digital Wallet
501833,10206,2026-08-06,P8298,Home & Kitchen,2,243.44,4.4,465.46,Pakistan,Bank Transfer
509148,11086,2026-07-16,P8467,Clothing,1,135.61,22.3,105.37,Canada,Debit Card
504891,10587,2026-07-11,P8874,Home & Kitchen,5,245.47,2.9,1191.76,Pakistan,Cash on Delivery
502287,10263,2026-08-13,P7085,Clothing,4,75.46,7.2,280.11,United States,Credit Card
501330,10146,2026-07-28,P1361,Home & Kitchen,3,312.44,8.2,860.46,Australia,Debit Card
502771,10323,2026-05-12,P6996,Books,3,40.85,21.9,95.71,United Kingdom,Credit Card
503686,10431,2026-08-11,P9521,Sports,7,225.27,0.7,1565.85,Australia,Credit Card
508283,10985,2026-05-13,P1212,Sports,1,126.2,18.0,103.48,Canada,Credit Card
505928,10705,2026-08-13,P3905,Clothing,3,49.05,4.2,140.97,Australia,Debit Card
500637,10068,2026-05-19,P7192,Home & Kitchen,1,156.95,44.0,87.89,Pakistan,Cash on Delivery
500047,10006,2026-07-27,P9806,Sports,5,151.28,20.5,601.34,Australia,Credit Card
502602,10301,2026-07-22,P5293,Home & Kitchen,7,64.28,8.0,413.96,Australia,Bank Transfer
501965,10222,2026-07-07,P5909,Beauty,2,76.52,11.3,135.75,Pakistan,Debit Card
502168,10250,2026-01-02,P5907,Clothing,1,28.16,9.6,25.46,United Kingdom,Credit Card
505049,10600,2026-08-03,P9226,Accessories,7,20.12,9.5,127.46,Pakistan,Credit Card
503334,10389,2026-07-17,P9498,Books,3,20.23,43.8,34.11,Pakistan,Bank Transfer
503019,10355,2026-06-03,P4176,Electronics,6,461.75,9.4,2510.07,Pakistan,Bank Transfer
508764,11040,2026-07-20,P8184,Home & Kitchen,5,168.8,10.0,759.6,Pakistan,Credit Card
509176,11090,2026-07-28,P3203,Electronics,4,222.28,2.7,865.11,Canada,Digital Wallet
501360,10149,2026-08-03,P9983,Beauty,7,46.77,12.0,288.1,United States,Digital Wallet
505798,10691,2026-08-02,P6066,Home & Kitchen,1,65.75,20.7,52.14,Pakistan,Cash on Delivery
509400,11119,2026-05-17,P1295,Beauty,4,101.37,10.9,361.28,Canada,Bank Transfer
503251,10380,2026-05-19,P5664,Electronics,2,639.4,17.1,1060.13,Pakistan,Bank Transfer
506300,10754,2026-08-12,P8454,Beauty,4,17.16,0.7,68.16,United Kingdom,Credit Card
502251,10260,2026-07-20,P9212,Home & Kitchen,6,237.62,6.4,1334.47,Pakistan,Credit Card
506027,10722,2026-05-24,P3863,Home & Kitchen,5,284.58,18.9,1153.97,Pakistan,Credit Card
501175,10129,2026-08-04,P6684,Beauty,3,112.45,10.3,302.6,Pakistan,Cash on Delivery
508799,11047,2026-06-07,P7335,Clothing,5,54.63,23.9,207.87,Pakistan,Bank Transfer
503279,10381,2026-07-31,P9756,Home & Kitchen,6,33.62,4.6,192.44,Canada,Credit Card
502973,10348,2026-07-14,P4907,Accessories,6,52.7,7.4,292.8,Pakistan,Cash on Delivery
503396,10399,2026-05-16,P8695,Sports,3,176.92,28.4,380.02,United Kingdom,Digital Wallet
506939,10833,2026-08-08,P5015,Home & Kitchen,2,252.58,5.3,478.39,Pakistan,Digital Wallet
500965,10101,2026-08-01,P6347,Home & Kitchen,5,80.33,8.4,367.91,Pakistan,Cash on Delivery
508574,11021,2026-01-18,P8463,Clothing,1,155.08,6.1,145.62,United Kingdom,Digital Wallet
500742,10078,2026-08-10,P7341,Accessories,7,23.99,2.1,164.4,Pakistan,Digital Wallet
507514,10899,2026-07-09,P8844,Accessories,4,60.69,9.1,220.67,U.S.A.,Debit Card
503314,10387,2026-06-08,P3380,Books,3,77.23,8.0,213.15,Pakistan,Debit Card
504898,10587,2026-07-31,P2015,Electronics,5,115.17,4.3,551.09,Pakistan,Cash on Delivery
509340,11111,2026-06-06,P6407,Electronics,1,239.31,39.0,145.98,Pakistan,Digital Wallet
504672,10559,2026-04-18,P7890,Clothing,2,151.54,37.8,188.52,United States,Debit Card
508618,11030,2026-04-30,P7636,Sports,3,158.4,29.9,333.12,Australia,Bank Transfer
501217,10133,2026-07-22,P2906,Sports,6,55.01,1.7,324.45,Pakistan,Credit Card
504397,10517,2026-07-01,P3209,Books,2,45.35,24.7,68.3,United States,Digital Wallet
506080,10727,2026-07-17,P5179,Clothing,5,139.95,11.9,616.48,Pakistan,Credit Card
502614,10304,2026-02-05,P5004,Clothing,1,82.41,16.7,68.65,Pakistan,Digital Wallet
502620,10305,2026-05-16,P7741,Electronics,3,684.31,20.3,1636.19,Australia,Cash on Delivery
508714,11037,2026-08-11,P1613,Sports,5,36.3,1.3,179.14,United States,Bank Transfer
507282,10875,2026-08-14,P8592,Electronics,2,196.18,6.4,367.25,Pakistan,Debit Card
503379,10397,2026-01-06,P9013,Electronics,3,150.42,19.8,361.91,United States,Cash on Delivery
507301,10878,2026-07-21,P7010,Clothing,2,116.6,14.9,198.45,United Kingdom,Digital Wallet
509857,11185,2026-06-25,P3492,Home & Kitchen,5,94.26,8.1,433.12,Pakistan,Debit Card
505605,10665,2026-08-13,P2094,Accessories,2,119.68,6.4,224.04,United Kingdom,Debit Card
509813,11178,2026-06-29,P3346,Sports,6,79.26,6.3,445.6,Pakistan,Bank Transfer
505786,10690,2026-06-26,P7725,Home & Kitchen,1,330.91,3.8,318.34,Australia,Debit Card
508518,11015,2026-03-10,P1421,Accessories,1,49.84,40.8,29.51,Canada,Credit Card
506850,10822,2026-08-13,P9469,Electronics,5,388.05,3.0,1882.04,Pakistan,Bank Transfer
501516,10166,2026-07-18,P1237,Clothing,3,61.94,16.2,155.72,United Kingdom,Bank Transfer
505098,10604,2026-07-15,P5752,Clothing,2,128.78,13.2,223.56,United Kingdom,Debit Card
507636,10912,2026-07-11,P2959,Clothing,3,89.47,16.1,225.2,Australia,Debit Card
509085,11078,2026-03-18,P2611,Books,1,38.16,23.7,29.12,Pakistan,Bank Transfer
508023,10960,2026-08-06,P7698,Clothing,1,100.61,38.0,62.38,United Kingdom,Digital Wallet
502392,10282,2026-05-31,P1880,Accessories,5,71.21,0.3,354.98,Canada,Digital Wallet
500586,10064,2026-07-31,P5722,Sports,3,56.84,14.8,145.28,Australia,Credit Card
503519,10413,2026-01-15,P7316,Beauty,1,88.83,14.3,76.13,Pakistan,Cash on Delivery
507653,10915,2026-06-11,P5774,Beauty,3,86.19,0.8,256.5,United Kingdom,Digital Wallet
508946,11067,2026-08-13,P8243,Home & Kitchen,1,274.17,0.7,272.25,Pakistan,Credit Card
500850,10091,2026-06-16,P6476,Sports,5,80.41,6.7,375.11,Australia,Debit Card
500335,10033,2026-08-02,P7875,Accessories,3,39.61,2.7,115.62,Pakistan,Debit Card
506634,10795,2026-07-28,P9169,Electronics,4,222.6,3.5,859.24,United States,Credit Card
508972,11069,2026-04-15,P5936,Sports,1,204.37,22.2,159.0,United Kingdom,Bank Transfer
507493,10897,2026-08-01,P5607,Home & Kitchen,1,338.51,18.3,276.56,Pakistan,Cash on Delivery
502868,10335,2026-06-27,P8209,Home & Kitchen,2,348.1,14.6,594.55,Pakistan,Digital Wallet
504872,10586,2026-07-07,P2591,Beauty,3,128.51,17.0,319.99,United Kingdom,Bank Transfer
503550,10418,2026-07-06,P2595,Home & Kitchen,2,151.81,23.2,233.18,Pakistan,Credit Card
503842,10443,2026-07-23,P3377,Home & Kitchen,4,173.81,5.8,654.92,Pakistan,Credit Card
507262,10875,2026-08-04,P3042,Home & Kitchen,7,85.98,9.3,545.89,Pakistan,Debit Card
505824,10695,2026-08-06,P7448,Sports,4,85.01,10.7,303.66,Pakistan,Credit Card
500023,10003,2026-06-19,P5620,Electronics,1,236.64,41.2,139.14,Pakistan,Bank Transfer
501453,10159,2026-08-08,P1637,Sports,1,44.52,19.7,35.75,Australia,Credit Card
501684,10182,2026-08-14,P1495,Beauty,3,27.97,6.1,78.79,Canada,Bank Transfer
502310,10268,2026-01-16,P6870,Home & Kitchen,2,117.12,26.9,171.23,United Kingdom,Digital Wallet
509063,11074,2026-08-02,P8788,Home & Kitchen,3,64.53,4.4,185.07,Pakistan,Cash on Delivery
509406,11120,2026-06-22,P8668,Home & Kitchen,6,171.71,11.0,916.93,Pakistan,Credit Card
500381,10041,2026-07-23,P8637,Clothing,5,31.6,0.0,158.0,Canada,Cash on Delivery
505814,10694,2026-07-20,P2570,Electronics,4,335.44,11.8,1183.43,Canada,Digital Wallet
505550,10656,2026-08-08,P3499,Books,4,38.54,1.1,152.46,United Kingdom,Bank Transfer
509308,11108,2026-05-19,P4149,Clothing,3,175.67,37.9,327.27,United Kingdom,Bank Transfer
501618,10176,2026-07-18,P9396,Clothing,2,137.42,3.1,266.32,United Kingdom,Cash on Delivery
500789,10082,2026-02-23,P5370,Clothing,2,40.18,5.3,76.1,Pakistan,Bank Transfer
505983,10714,2026-02-22,P5010,Electronics,1,261.43,13.3,226.66,Australia,Bank Transfer
508672,11034,2026-07-31,P3412,Electronics,2,212.57,11.4,376.67,United States,Digital Wallet
504475,10527,2026-07-10,P7221,Books,3,14.88,22.7,34.51,Pakistan,Bank Transfer
505606,10665,2026-08-13,P8800,Clothing,4,169.18,11.3,600.25,Pakistan,Debit Card
509312,11108,2026-07-05,P4301,Electronics,2,156.41,40.1,187.38,United States,Digital Wallet
505648,10670,2026-08-06,P1368,Electronics,5,453.3,25.0,1699.88,United Kingdom,Debit Card
506216,10742,2026-07-12,P7195,Home & Kitchen,5,221.55,24.1,840.78,United Kingdom,Debit Card
502286,10263,2026-08-12,P1257,Accessories,4,15.15,7.9,55.81,Pakistan,Bank Transfer
509993,11200,2026-07-02,P6970,Electronics,5,114.61,2.6,558.15,United States,Cash on Delivery
507578,10904,2026-04-03,P6892,Accessories,3,110.37,23.7,252.64,Pakistan,Digital Wallet
501183,10129,2026-08-12,P7311,Electronics,5,415.4,1.2,2052.08,Pakistan,Debit Card
506001,10717,2026-07-05,P7436,Home & Kitchen,2,220.66,23.0,339.82,United Kingdom,Cash on Delivery
505090,10604,2026-06-07,P9298,Books,3,44.3,9.2,120.67,Pakistan,Cash on Delivery
502516,10292,2026-08-11,P6193,Sports,3,60.74,5.4,172.38,United Kingdom,Cash on Delivery
504122,10473,2026-06-04,P9457,Clothing,4,169.49,0.4,675.25,Australia,Debit Card
505521,10653,2026-06-10,P6729,Sports,1,87.5,23.1,67.29,Pakistan,Debit Card
505627,10668,2026-04-20,P2286,Beauty,3,16.21,15.5,41.09,United Kingdom,Cash on Delivery
508360,10996,2026-07-20,P6449,Books,3,45.34,8.1,125.0,Pakistan,Cash on Delivery
505872,10702,2026-07-20,P9935,Clothing,6,70.05,13.4,363.98,United Kingdom,Bank Transfer
508612,11029,2026-03-27,P7119,Accessories,4,24.91,1.5,98.15,Pakistan,Cash on Delivery
507727,10926,2026-08-11,P9196,Beauty,6,60.45,2.3,354.36,United Kingdom,Digital Wallet
505968,10710,2026-05-15,P9810,Home & Kitchen,3,321.11,16.1,808.23,Pakistan,Debit Card
501180,10129,2026-08-10,P8943,Home & Kitchen,6,118.01,2.3,691.77,Pakistan,Cash on Delivery
508762,11040,2026-07-13,P4109,Clothing,1,21.04,6.3,19.71,Pakistan,Credit Card
508235,10983,2026-06-04,P3833,Home & Kitchen,4,139.46,10.6,498.71,United Kingdom,Cash on Delivery
502818,10331,2026-05-15,P7610,Electronics,1,103.32,9.6,93.4,Pakistan,Digital Wallet
509964,11197,2026-03-27,P5617,Clothing,1,70.18,1.6,69.06,United Kingdom,Digital Wallet
508703,11035,2026-08-15,P4997,Electronics,5,559.57,10.7,2498.48,Pakistan,Cash on Delivery
506608,10791,2026-07-07,P9357,Home & Kitchen,2,61.17,18.7,99.46,United Kingdom,Cash on Delivery
502820,10331,2026-06-08,P7966,Home & Kitchen,2,51.51,14.5,88.08,United States,Digital Wallet
507535,10901,2026-04-16,P6105,Sports,3,158.03,12.4,415.3,Australia,Debit Card
502260,10260,2026-08-02,P9989,Clothing,7,144.08,3.8,970.23,Pakistan,Digital Wallet
502239,10259,2025-11-19,P3941,Beauty,3,64.6,11.2,172.09,Canada,Digital Wallet
506021,10720,2026-07-14,P8204,Beauty,2,19.54,40.4,23.29,Pakistan,Digital Wallet
500782,10081,2025-09-22,P6212,Electronics,1,582.96,12.3,511.26,Pakistan,Debit Card
500932,10100,2026-07-23,P2548,Home & Kitchen,5,234.82,2.2,1148.27,Pakistan,Credit Card
506202,10740,2026-08-05,P8557,Beauty,1,67.49,7.3,62.56,Pakistan,Digital Wallet
502412,10283,2026-07-25,P2630,Clothing,2,150.27,5.6,283.71,United Kingdom,Digital Wallet
506997,10841,2026-06-21,P1943,Clothing,2,79.86,13.2,138.64,United States,Debit Card
509115,11082,2026-06-25,P7967,Books,2,34.42,13.4,59.62,Canada,Cash on Delivery
501156,10127,2026-06-18,P5355,Sports,1,249.37,20.3,198.75,Pakistan,Digital Wallet
508107,10968,2026-07-27,P6529,Home & Kitchen,4,76.54,23.2,235.13,United States,Cash on Delivery
505805,10692,2026-06-27,P5010,Accessories,1,12.45,14.9,10.59,Australia,Digital Wallet
504879,10587,2026-06-06,P8040,Books,5,8.18,3.2,39.59,Pakistan,Digital Wallet
503309,10386,2026-07-21,P9469,Books,1,50.75,30.8,35.12,United Kingdom,Debit Card
508961,11068,2026-07-28,P9166,Beauty,6,56.28,8.7,308.3,Pakistan,Digital Wallet
501702,10187,2026-05-17,P5245,Electronics,3,220.41,42.3,381.53,Pakistan,Cash on Delivery
502492,10291,2026-06-29,P9928,Clothing,6,51.77,12.4,272.1,Pakistan,Debit Card
503706,10434,2026-06-20,P5909,Clothing,3,69.38,2.3,203.35,United States,Credit Card
508276,10984,2026-08-04,P6113,Home & Kitchen,3,107.56,0.7,320.42,,Cash on Delivery
500286,10030,2026-07-07,P5777,Clothing,7,151.8,1.2,1049.85,Pakistan,Debit Card
501608,10174,2026-08-09,P6607,Accessories,4,33.26,20.2,106.17,Pakistan,Debit Card
506631,10795,2026-07-26,P3418,Books,3,13.68,6.9,38.21,Australia,Credit Card
508278,10984,2026-08-09,P3510,Clothing,4,66.3,10.7,236.82,Pakistan,Credit Card
507315,10880,2026-05-20,P4062,Clothing,5,57.73,10.5,258.34,Pakistan,Bank Transfer
502252,10260,2026-07-21,P9102,Clothing,7,76.13,7.4,493.47,Pakistan,Debit Card
507415,10889,2026-08-09,P8874,Sports,2,138.86,13.7,239.67,United States,Debit Card
508365,10997,2025-12-22,P5004,Clothing,1,21.39,7.7,19.74,Pakistan,Bank Transfer
501891,10211,2026-05-15,P9659,Sports,3,188.47,0.9,560.32,Pakistan,Debit Card
505062,10601,2026-06-08,P1888,Clothing,2,66.32,17.5,109.43,Canada,Credit Card
506120,10730,2026-08-15,P3034,Beauty,5,84.53,17.4,349.11,Pakistan,Credit Card
500563,10062,2026-07-16,P6778,Sports,1,86.66,16.0,72.79,Pakistan,Digital Wallet
500291,10030,2026-07-23,P7240,Clothing,7,89.88,4.0,603.99,Pakistan,Bank Transfer
504716,10564,2026-07-13,P8073,Home & Kitchen,3,171.98,13.0,448.87,United States,Credit Card
507708,10922,2026-07-09,P7111,Sports,2,139.19,2.9,270.31,Pakistan,Digital Wallet
506349,10762,2026-07-24,P1596,Accessories,2,87.67,18.1,143.6,United States,Digital Wallet
500169,10017,2026-07-24,P6969,Home & Kitchen,5,255.8,9.1,1162.61,Canada,Bank Transfer
500267,10028,2025-12-28,P6851,Clothing,2,49.13,11.1,87.35,Australia,Cash on Delivery
504638,10557,2026-06-19,P9732,Home & Kitchen,6,207.79,13.6,1077.18,United Kingdom,Digital Wallet
507077,10851,2026-08-12,P3000,Clothing,7,130.63,0.1,913.5,Pakistan,Cash on Delivery
503355,10394,2026-05-05,P6218,Electronics,3,584.4,15.1,1488.47,Pakistan,Debit Card
508279,10984,2026-08-11,P7913,Accessories,7,55.35,12.9,337.47,Pakistan,Bank Transfer
500315,10032,2026-06-22,P5917,Sports,5,145.89,5.5,689.33,Pakistan,Digital Wallet
506728,10810,2026-08-01,P4578,Home & Kitchen,6,166.98,4.7,954.79,United Kingdom,Credit Card
509495,11133,2026-06-28,P6882,Clothing,6,83.27,8.6,456.65,United Kingdom,Debit Card
504067,10467,2026-06-10,P2393,Electronics,2,318.05,17.8,522.87,United Kingdom,Cash on Delivery
500245,10026,2026-06-18,P5951,Clothing,3,95.89,34.9,187.27,Pakistan,Cash on Delivery
500252,10027,2026-05-21,P8892,Clothing,5,132.9,2.4,648.55,United States,Digital Wallet
501111,10123,2026-06-14,P4411,Beauty,4,92.86,10.1,333.92,Pakistan,Debit Card
504801,10576,2025-12-28,P2977,Clothing,1,46.93,10.4,42.05,Australia,Bank Transfer
501713,10187,2026-08-06,P8216,Home & Kitchen,3,44.55,16.2,112.0,Pakistan,Credit Card
500050,10006,2026-08-01,P5624,Sports,3,42.2,8.8,115.46,Pakistan,Credit Card
501835,10206,2026-08-07,P2480,Home & Kitchen,4,92.58,7.4,342.92,Australia,Cash on Delivery
507896,10944,2026-07-06,P7909,Electronics,1,367.64,30.1,256.98,United States,Cash on Delivery
503383,10398,2026-05-23,P7488,Home & Kitchen,3,195.51,8.3,537.85,United States,Credit Card
506410,10769,2026-06-29,P9859,Home & Kitchen,3,345.55,22.1,807.55,Canada,Bank Transfer
504313,10507,2026-03-14,P6956,Electronics,1,167.84,15.2,142.33,United States,Credit Card
500872,10093,2026-01-22,P6011,Accessories,3,107.3,39.6,194.43,Pakistan,Digital Wallet
501254,10138,2026-02-27,P9878,Home & Kitchen,3,316.79,42.5,546.46,Canada,Digital Wallet
508881,11056,2026-07-23,P7479,Sports,1,227.45,10.8,202.89,Pakistan,Cash on Delivery
505851,10699,2026-07-11,P1605,Clothing,2,27.67,9.7,49.97,Pakistan,Cash on Delivery
505702,10678,2026-07-13,P5900,Sports,5,227.99,9.2,1035.07,United States,Cash on Delivery
508103,10968,2026-06-12,P4124,Home & Kitchen,4,173.86,18.2,568.87,United Kingdom,Cash on Delivery
502098,10238,2026-08-05,P1349,Electronics,7,667.96,3.3,4521.42,United Kingdom,Digital Wallet
505128,10607,2026-05-10,P2414,Sports,3,231.07,16.2,580.91,Pakistan,Debit Card
500248,10026,2026-07-30,P8619,Home & Kitchen,2,321.18,32.5,433.59,United States,Cash on Delivery
506561,10783,2026-07-03,P5631,Electronics,1,385.7,8.9,351.37,United States,Digital Wallet
501339,10146,2026-08-13,P4143,Books,5,36.39,3.0,176.49,United States,Debit Card
507017,10843,2026-08-04,P8802,Accessories,3,92.74,19.0,225.36,Canada,Digital Wallet
502110,10239,2026-07-26,P4552,Clothing,2,139.3,21.2,219.54,Pakistan,Digital Wallet
501569,10171,2026-01-20,P2144,Sports,1,72.4,7.2,67.19,Pakistan,Debit Card
501726,10190,2026-08-03,P3488,Accessories,1,12.81,6.4,11.99,Australia,Digital Wallet
508384,10998,2026-08-10,P5122,Clothing,3,127.14,11.4,337.94,Pakistan,Cash on Delivery
506940,10833,2026-08-09,P7583,Accessories,3,84.97,6.2,239.11,Pakistan,Bank Transfer
504395,10517,2026-06-13,P1479,Home & Kitchen,1,97.34,15.8,81.96,Pakistan,Bank Transfer
502420,10284,2026-07-12,P7044,Sports,3,81.55,10.1,219.94,Pakistan,Bank Transfer
503045,10357,2026-08-10,P5288,Sports,5,96.67,3.2,467.88,Australia,Credit Card
505503,10649,2026-07-24,P1942,Electronics,2,159.08,23.1,244.67,Pakistan,Credit Card
503703,10433,2026-04-05,P7863,Electronics,2,500.08,21.6,784.13,United Kingdom,Cash on Delivery
508191,10978,2026-07-22,P2381,Beauty,5,88.99,5.2,421.81,Australia,Cash on Delivery
505331,10629,2026-07-31,P6971,Accessories,6,96.49,1.9,567.94,Australia,Cash on Delivery
509808,11177,2026-08-07,P5104,Beauty,1,35.73,22.0,27.87,United Kingdom,Bank Transfer
500447,10050,2026-07-16,P2308,Electronics,1,400.54,0.4,398.94,Pakistan,Bank Transfer
507894,10944,2026-05-18,P3743,Home & Kitchen,3,92.75,27.4,202.01,United States,Debit Card
508728,11039,2026-07-05,P9808,Electronics,3,471.91,3.4,1367.6,United States,Credit Card
507828,10937,2026-07-10,P1033,Books,3,54.38,10.9,145.36,United States,Cash on Delivery
501768,10195,2026-08-07,P4073,Home & Kitchen,2,139.61,6.1,262.19,United Kingdom,Cash on Delivery
506808,10819,2026-08-02,P5794,Clothing,7,128.77,14.6,769.79,Canada,Digital Wallet
504704,10563,2026-06-25,P1802,Books,2,73.82,4.5,141.0,Pakistan,Credit Card
503869,10445,2026-07-27,P2335,Clothing,1,73.51,22.2,57.19,Australia,Digital Wallet
501655,10180,2026-07-27,P1690,Accessories,6,17.37,6.7,97.24,Pakistan,Cash on Delivery
503187,10375,2026-08-07,P2558,Home & Kitchen,3,43.82,0.5,130.8,Australia,Cash on Delivery
500683,10072,2026-06-30,P6556,Books,3,58.7,6.9,163.95,Canada,Digital Wallet
504170,10477,2026-08-07,P6661,Sports,3,184.62,2.6,539.46,Pakistan,Bank Transfer
504477,10528,2026-07-07,P3392,Clothing,3,68.54,15.6,173.54,Australia,Digital Wallet
500461,10052,2026-06-12,P3401,Beauty,2,52.05,38.4,64.13,Australia,Credit Card
505764,10688,2026-04-30,P9347,Electronics,2,287.08,7.8,529.38,Canada,Digital Wallet
507522,10899,2026-08-07,P7838,Clothing,5,141.1,6.0,663.17,Canada,Digital Wallet
504502,10529,2026-08-04,P2650,Sports,5,108.65,9.5,491.64,United Kingdom,Debit Card
509709,11163,2026-07-28,P4703,Electronics,2,671.06,11.8,1183.75,Pakistan,Credit Card
500318,10032,2026-07-12,P5235,Accessories,1,40.25,19.5,32.4,Australia,Bank Transfer
501145,10125,2026-07-17,P8490,Electronics,5,401.54,7.8,1851.1,Pakistan,Digital Wallet
505094,10604,2026-06-25,P4743,Home & Kitchen,4,116.49,14.6,397.93,Australia,Bank Transfer
501393,10153,2026-07-07,P5980,Beauty,6,26.23,6.3,147.47,Pakistan,Debit Card
506623,10794,2025-12-21,P1605,Beauty,1,58.78,14.3,50.37,United Kingdom,Bank Transfer
501501,10165,2026-07-20,P8838,Home & Kitchen,4,189.43,2.8,736.5,Pakistan,Credit Card
506408,10769,2026-06-21,P5229,Home & Kitchen,5,93.35,16.4,390.2,United States,Credit Card
500376,10039,2026-03-26,P4771,Electronics,3,540.88,24.9,1218.6,United States,Digital Wallet
500410,10044,2026-01-22,P7163,Home & Kitchen,1,324.0,17.1,268.6,Canada,Digital Wallet
501660,10180,2026-08-10,P5470,Clothing,3,152.5,13.5,395.74,United Kingdom,Credit Card
503151,10372,2026-08-09,P6217,Electronics,4,582.7,1.4,2298.17,Pakistan,Cash on Delivery
501623,10176,2026-08-03,P9066,Clothing,3,109.67,6.1,308.94,Pakistan,Credit Card
505609,10666,2026-08-02,P6344,Books,5,27.58,18.4,112.53,Canada,Bank Transfer
508532,11017,2026-04-23,P2232,Home & Kitchen,3,47.07,10.7,126.1,Australia,Bank Transfer
505802,10692,2026-04-12,P7429,Clothing,3,132.26,2.2,388.05,United Kingdom,Cash on Delivery
505306,10626,2026-07-26,P8589,Books,5,38.5,19.9,154.19,Canada,Debit Card
507086,10852,2026-07-12,P1564,Beauty,1,33.54,19.4,27.03,Pakistan,Debit Card
508897,11059,2026-04-04,P2076,Home & Kitchen,2,178.97,21.5,280.98,Australia,Cash on Delivery
507488,10897,2026-05-20,P1196,Accessories,3,75.67,7.6,209.76,Canada,Digital Wallet
509615,11152,2026-07-11,P7824,Sports,1,221.87,43.7,124.91,Pakistan,Credit Card
509217,11096,2026-08-05,P8162,Electronics,1,627.8,1.1,620.89,United States,Credit Card
501672,10182,2026-06-29,P4629,Home & Kitchen,6,100.21,2.8,584.42,U.S.A.,Bank Transfer
502358,10273,2026-04-02,P8165,Accessories,2,18.82,16.1,31.58,Pakistan,Bank Transfer
508467,11009,2026-06-15,P7910,Clothing,4,30.06,3.2,116.39,United Kingdom,Debit Card
500274,10029,2026-02-18,P9061,Electronics,2,499.66,12.3,876.4,Australia,Cash on Delivery
502473,10288,2026-04-22,P7665,Clothing,2,122.37,25.0,183.56,Canada,Debit Card
505489,10648,2026-06-23,P2273,Clothing,3,178.33,9.4,484.7,Canada,Credit Card
504771,10570,2026-07-01,P8926,Clothing,4,101.34,15.6,342.12,Pakistan,Bank Transfer
502107,10239,2026-06-09,P8668,Clothing,3,135.47,7.1,377.55,Australia,Cash on Delivery
507500,10898,2026-03-18,P1325,Sports,3,76.06,25.0,171.13,Pakistan,Credit Card
504414,10519,2025-12-07,P6734,Home & Kitchen,2,104.03,9.5,188.29,Pakistan,Credit Card
508138,10974,2026-07-28,P1448,Clothing,2,23.58,1.4,46.5,Pakistan,Bank Transfer
508660,11034,2026-07-03,P8639,Home & Kitchen,5,128.13,4.3,613.1,United States,Cash on Delivery
508239,10983,2026-06-09,P6121,Clothing,2,73.79,2.9,143.3,Canada,Bank Transfer
502417,10284,2026-07-09,P8051,Accessories,5,118.71,1.3,585.83,United States,Debit Card
508771,11041,2026-04-06,P8804,Home & Kitchen,3,312.19,15.4,792.34,United Kingdom,Bank Transfer
502236,10258,2026-03-01,P6236,Accessories,3,72.2,15.9,182.16,Australia,Cash on Delivery
503767,10437,2026-07-09,P5626,Electronics,4,532.49,12.8,1857.33,Pakistan,Cash on Delivery
509791,11174,2026-07-02,P5655,Home & Kitchen,5,247.4,22.8,954.96,Pakistan,Digital Wallet
509989,11200,2026-06-19,P4424,Accessories,3,100.21,2.4,293.41,Pakistan,Digital Wallet
509965,11197,2026-03-29,P6298,Home & Kitchen,1,166.18,17.8,136.6,Pakistan,Cash on Delivery
507323,10880,2026-06-26,P4545,Clothing,3,30.64,7.6,84.93,Pakistan,Debit Card
501383,10152,2026-03-20,P3470,Beauty,5,127.24,16.2,533.14,Pakistan,Bank Transfer
503101,10369,2026-08-06,P8644,Electronics,5,197.81,20.9,782.34,Australia,Cash on Delivery
503921,10455,2026-07-30,P3104,Clothing,2,95.8,8.7,174.93,Pakistan,Digital Wallet
506685,10803,2026-06-08,P9860,Books,1,71.65,22.8,55.31,United Kingdom,Debit Card
503194,10375,2026-08-11,P6529,Electronics,4,102.69,3.7,395.56,Australia,Bank Transfer
501941,10218,2026-02-25,P2096,Home & Kitchen,2,50.77,34.3,66.71,United Kingdom,Digital Wallet
507713,10924,2026-05-31,P7069,Clothing,3,146.6,21.5,345.24,Pakistan,Cash on Delivery
504896,10587,2026-07-27,P6921,Clothing,4,75.66,8.6,276.61,Australia,Digital Wallet
504782,10572,2026-07-02,P1455,Accessories,3,39.83,28.5,85.44,Pakistan,Credit Card
501496,10165,2026-07-09,P2320,Clothing,7,50.87,2.8,346.12,United Kingdom,Debit Card
501957,10220,2026-07-09,P7242,Books,2,10.0,36.8,12.64,Australia,Debit Card
509171,11088,2026-08-09,P8338,Books,5,16.74,14.0,71.98,Pakistan,Cash on Delivery
509745,11168,2026-07-02,P9372,Accessories,3,83.94,16.5,210.27,United States,Credit Card
507332,10881,2026-05-03,P3533,Electronics,1,394.17,17.2,326.37,USA,Digital Wallet
507949,10952,2026-06-12,P8018,Beauty,1,68.6,10.5,61.4,Australia,Debit Card
503017,10354,2026-08-09,P1645,Accessories,4,80.47,5.6,303.85,Canada,Digital Wallet
506746,10812,2026-07-02,P8367,Clothing,2,34.77,21.6,54.52,Pakistan,Credit Card
500513,10059,2026-07-27,P6392,Home & Kitchen,4,269.91,1.5,1063.45,Australia,Debit Card
503934,10455,2026-08-13,P6709,Electronics,4,431.9,11.9,1522.02,Pakistan,Credit Card
503025,10355,2026-07-14,P6133,Sports,4,72.86,5.2,276.29,United States,Bank Transfer
501199,10132,2026-05-08,P3953,Sports,2,226.51,1.9,444.41,United Kingdom,Cash on Delivery
505028,10599,2026-07-17,P6664,Sports,3,227.48,19.7,548.0,United Kingdom,Debit Card
509784,11173,2026-06-16,P1574,Home & Kitchen,3,248.74,16.4,623.84,Pakistan,Bank Transfer
500921,10099,2026-07-30,P1022,Beauty,2,80.99,3.2,156.8,United Kingdom,Bank Transfer
504649,10558,2026-06-18,P2061,Electronics,5,138.58,6.4,648.55,Canada,Debit Card
505332,10629,2026-08-04,P4110,Sports,2,146.8,0.0,293.6,United States,Cash on Delivery
501076,10118,2026-04-25,P4476,Clothing,3,88.14,5.7,249.35,Pakistan,Digital Wallet
506768,10816,2026-02-12,P2686,Clothing,3,83.17,19.7,200.36,United States,Bank Transfer
509410,11120,2026-07-01,P6613,Accessories,4,10.37,11.6,36.67,Pakistan,Cash on Delivery
501671,10182,2026-06-16,P9140,Books,2,41.87,13.5,72.44,Australia,Bank Transfer
500474,10054,2026-02-02,P4167,Home & Kitchen,2,264.51,8.2,485.64,Pakistan,Debit Card
509186,11092,2026-05-11,P2258,Clothing,3,61.97,5.9,174.94,Pakistan,Bank Transfer
508839,11050,2026-07-23,P3566,Sports,7,170.98,5.0,1137.02,Pakistan,Cash on Delivery
505758,10686,2026-07-01,P1637,Clothing,1,43.83,10.0,39.45,United States,Credit Card
506297,10754,2026-07-29,P9897,Beauty,4,85.05,6.8,317.07,United Kingdom,Bank Transfer
502478,10289,2026-05-18,P6860,Books,5,59.68,0.1,298.1,United Kingdom,Cash on Delivery
505493,10649,2026-04-05,P9326,Books,2,68.3,39.4,82.78,United Kingdom,Credit Card
503914,10452,2026-07-02,P4286,Accessories,2,61.17,8.1,112.43,Pakistan,Cash on Delivery
502138,10244,2026-08-06,P6082,Clothing,1,88.92,25.0,66.69,United Kingdom,Digital Wallet
505454,10644,2026-05-15,P5464,Home & Kitchen,5,193.7,0.9,959.78,Pakistan,Cash on Delivery
505379,10636,2025-12-30,P7517,Clothing,3,152.29,15.4,386.51,United Kingdom,Credit Card
508985,11069,2026-08-15,P6612,Accessories,2,23.78,17.5,39.24,United Kingdom,Cash on Delivery
504023,10461,2026-07-22,P8747,Clothing,4,65.9,4.2,252.53,Pakistan,Digital Wallet
503485,10408,2026-08-11,P8969,Sports,5,174.73,2.6,850.94,United Kingdom,Bank Transfer
502455,10286,2026-07-11,P2517,Beauty,2,29.97,3.1,58.08,Australia,Bank Transfer
502464,10286,2026-08-07,P4402,Clothing,6,121.41,5.3,689.85,Pakistan,Digital Wallet
508696,11035,2026-08-02,P8662,Beauty,4,59.15,4.8,225.24,United States,Digital Wallet
501369,10150,2026-06-23,P8735,Books,1,54.39,16.9,45.2,Pakistan,Debit Card
506688,10804,2026-06-03,P1212,Books,3,14.3,12.3,37.62,Pakistan,Digital Wallet
507456,10893,2026-07-05,P9924,Home & Kitchen,1,205.09,22.4,159.15,Pakistan,Credit Card
509974,11199,2026-06-05,P1801,Sports,3,133.77,19.6,322.65,Pakistan,Cash on Delivery
501901,10213,2026-07-06,P8826,Electronics,1,196.59,16.6,163.96,Canada,Cash on Delivery
504871,10586,2026-06-11,P9264,Books,2,57.73,16.0,96.99,United States,Credit Card
504710,10563,2026-08-10,P3897,Home & Kitchen,6,345.68,4.3,1984.89,United States,Bank Transfer
507886,10942,2026-04-05,P6244,Home & Kitchen,1,286.42,9.0,260.64,Canada,Cash on Delivery
501793,10200,2026-05-26,P7752,Accessories,1,45.46,23.8,34.64,United Kingdom,Digital Wallet
502874,10335,2026-07-15,P5595,Accessories,5,55.42,0.4,275.99,Pakistan,Credit Card
506217,10742,2026-07-17,P8826,Beauty,4,83.79,5.1,318.07,United Kingdom,Digital Wallet
505213,10617,2026-07-22,P4037,Home & Kitchen,4,225.39,10.0,811.4,Pakistan,Debit Card
502245,10260,2026-07-11,P6957,Electronics,3,95.06,3.1,276.34,United Kingdom,Digital Wallet
501741,10191,2026-08-12,P1909,Electronics,4,536.51,10.4,1922.85,Pakistan,Bank Transfer
501020,10109,2026-08-05,P8430,Accessories,3,31.96,24.0,72.87,United Kingdom,Credit Card
500705,10074,2026-03-21,P9500,Sports,3,40.1,23.6,91.91,Pakistan,Credit Card
504294,10503,2026-07-10,P9474,Electronics,3,284.07,18.7,692.85,Canada,Credit Card
505576,10661,2026-07-07,P1089,Beauty,3,36.04,17.8,88.87,Pakistan,Digital Wallet
507166,10860,2026-08-11,P9032,Beauty,6,139.75,8.2,769.74,United States,Digital Wallet
508177,10977,2026-07-18,P2341,Electronics,1,200.78,16.7,167.25,United Kingdom,Credit Card
500908,10099,2026-06-29,P6882,Accessories,4,76.45,0.4,304.58,Australia,Debit Card
505193,10614,2026-07-19,P7609,Accessories,7,19.51,6.6,127.56,United Kingdom,Bank Transfer
503077,10363,2026-05-28,P9608,Electronics,1,192.46,19.9,154.16,United Kingdom,Cash on Delivery
509366,11113,2026-07-28,P3627,Home & Kitchen,4,124.94,16.1,419.3,Pakistan,Cash on Delivery
500594,10065,2026-07-21,P2654,Sports,2,241.31,22.3,375.0,Pakistan,Digital Wallet
505304,10626,2026-07-18,P1461,Books,1,73.46,18.8,59.65,Pakistan,Credit Card
500440,10049,2026-05-16,P6411,Accessories,2,41.44,17.3,68.54,United Kingdom,Cash on Delivery
507606,10909,2026-07-20,P1205,Home & Kitchen,1,245.7,8.6,224.57,United States,Debit Card
504092,10470,2026-02-20,P6940,Accessories,2,43.43,22.2,67.58,United Kingdom,Debit Card
506134,10732,2026-07-30,P1561,Sports,1,190.71,20.0,152.57,Pakistan,Cash on Delivery
500010,10001,2026-08-05,P7628,Home & Kitchen,3,83.8,11.7,221.99,Pakistan,Debit Card
503776,10437,2026-08-07,P3427,Books,6,76.74,2.7,448.01,Canada,Digital Wallet
508999,11070,2026-07-16,P8484,Clothing,5,48.03,3.5,231.74,Pakistan,Cash on Delivery
503708,10434,2026-07-02,P7022,Home & Kitchen,6,295.6,3.3,1715.07,Pakistan,Digital Wallet
503780,10438,2026-03-30,P7026,Beauty,1,60.4,19.6,48.56,Pakistan,Debit Card
500093,10011,2026-08-13,P4629,Beauty,7,17.19,10.3,107.94,Australia,Digital Wallet
509239,11099,2026-05-03,P6250,Accessories,3,103.76,25.8,230.97,United Kingdom,Credit Card
503949,10457,2026-08-06,P4443,Books,4,9.84,6.3,36.88,Pakistan,Credit Card
505785,10690,2026-06-17,P9495,Clothing,3,118.11,3.4,342.28,Canada,Debit Card
504870,10586,2026-06-01,P8043,Electronics,1,285.93,20.4,227.6,Pakistan,Credit Card
504802,10576,2026-01-19,P5649,Clothing,3,110.31,8.8,301.81,United Kingdom,Bank Transfer
504867,10586,2026-05-16,P3246,Home & Kitchen,3,150.61,4.4,431.95,United Kingdom,Digital Wallet
500292,10030,2026-07-26,P5042,Accessories,2,18.25,12.5,31.94,Australia,Debit Card
507888,10943,2026-03-21,P8409,Accessories,1,72.36,15.1,61.43,Pakistan,Cash on Delivery
507405,10888,2026-07-30,P8887,Books,2,65.38,4.4,125.01,Canada,Bank Transfer
505595,10664,2026-07-20,P5060,Clothing,5,27.18,25.0,101.93,Canada,Debit Card
502886,10336,2026-07-28,P7081,Electronics,3,109.88,0.9,326.67,United States,Debit Card
506454,10773,2026-07-10,P5003,Books,4,39.0,3.2,151.01,Pakistan,Cash on Delivery
502542,10295,2026-07-18,P5541,Accessories,7,103.18,5.8,680.37,United Kingdom,Debit Card
501765,10195,2026-07-10,P6575,Beauty,3,50.58,17.2,125.64,Pakistan,Digital Wallet
506800,10819,2026-07-09,P6239,,7,94.0,11.6,581.67,United Kingdom,Debit Card
501877,10209,2026-08-09,P1253,Accessories,2,88.67,6.4,165.99,Pakistan,Bank Transfer
501981,10223,2026-07-20,P2850,Accessories,7,104.18,6.2,684.05,Pakistan,Credit Card
509729,11165,2026-08-01,P9974,Clothing,1,60.36,17.5,49.8,United States,Bank Transfer
509608,11151,2026-04-11,P4853,Beauty,3,73.08,44.2,122.34,Pakistan,Digital Wallet
502685,10312,2026-08-05,P6180,Electronics,3,260.12,12.1,685.94,Pakistan,Debit Card
508930,11066,2026-07-30,P7097,Sports,3,148.05,26.9,324.67,Canada,Cash on Delivery
503458,10407,2026-06-30,P7237,Beauty,5,23.43,9.8,105.67,United States,Bank Transfer
504541,10538,2026-06-14,P3674,Electronics,3,109.49,12.6,287.08,Pakistan,Bank Transfer
502178,10251,2026-06-20,P9348,Accessories,1,49.37,4.0,47.4,Pakistan,Debit Card
504450,10523,2026-03-18,P5906,Home & Kitchen,1,50.55,4.5,48.28,United Kingdom,Credit Card
503859,10445,2026-06-25,P1464,Electronics,1,601.91,26.4,443.01,United Kingdom,Cash on Delivery
507623,10910,2026-06-03,P2330,Electronics,4,342.63,3.5,1322.55,United States,Debit Card
507654,10916,2025-10-18,P9971,Accessories,3,78.81,12.0,208.06,Australia,Debit Card
504519,10532,2026-01-07,P6432,Home & Kitchen,1,164.18,20.3,130.85,United States,Cash on Delivery
502517,10292,2026-08-11,P3256,Accessories,5,109.64,10.1,492.83,Pakistan,Credit Card
504836,10581,2026-02-06,P3873,Home & Kitchen,1,259.69,4.5,248.0,United Kingdom,Debit Card
502885,10336,2026-07-28,P8265,Accessories,3,68.65,6.5,192.56,Pakistan,Debit Card
507281,10875,2026-08-14,P4761,Clothing,3,134.74,10.6,361.37,Australia,Credit Card
506255,10747,2026-05-26,P6315,Beauty,5,122.1,22.5,473.14,Pakistan,Digital Wallet
504539,10537,2026-07-04,P2487,Home & Kitchen,2,213.36,44.5,236.83,Pakistan,Credit Card
505639,10669,2026-07-04,P2754,Home & Kitchen,2,211.01,7.8,389.1,United States,Debit Card
509459,11129,2026-06-20,P9085,Books,1,45.21,22.1,35.22,Australia,Digital Wallet
503481,10408,2026-07-27,P5946,Beauty,3,108.91,0.2,326.08,Australia,Digital Wallet
501277,10141,2026-03-05,P8101,Beauty,2,114.1,14.0,196.25,United States,Bank Transfer
503146,10372,2026-07-27,P1519,Home & Kitchen,7,100.52,4.2,674.09,United Kingdom,Cash on Delivery
508262,10984,2026-06-29,P1689,Clothing,6,134.95,6.8,754.64,United States,Debit Card
503205,10376,2026-06-02,P8880,Beauty,2,28.85,1.1,57.07,United States,Cash on Delivery
509892,11188,2026-08-14,P4618,Electronics,3,509.82,8.0,1407.1,Pakistan,Digital Wallet
502742,10319,2026-07-27,P4763,Sports,1,51.56,18.6,41.97,United Kingdom,Cash on Delivery
506076,10727,2026-07-09,P8476,Sports,6,91.18,13.6,472.68,United States,Digital Wallet
504047,10464,2026-03-04,P4624,Home & Kitchen,1,296.78,17.4,245.14,Pakistan,Cash on Delivery
505731,10682,2026-07-28,P4715,Home & Kitchen,3,202.04,15.0,515.2,United Kingdom,Credit Card
502945,10343,2026-05-27,P2772,Clothing,4,145.08,17.3,479.92,United Kingdom,Credit Card
505790,10690,2026-08-14,P5929,Clothing,2,137.84,3.4,266.31,United Kingdom,Cash on Delivery
506794,10819,2026-06-25,P2303,Home & Kitchen,3,173.9,12.4,457.01,Pakistan,Cash on Delivery
506543,10779,2026-01-29,P7012,Beauty,2,23.17,43.7,26.09,United Kingdom,Digital Wallet
500700,10073,2026-08-02,P2478,Home & Kitchen,6,114.32,2.4,669.46,United Kingdom,Digital Wallet
503574,10421,2026-04-22,P4706,Home & Kitchen,2,239.36,23.0,368.61,United Kingdom,Credit Card
507699,10920,2026-08-01,P7774,Home & Kitchen,7,113.98,14.9,678.98,Australia,Digital Wallet
502515,10292,2026-08-10,P9478,Electronics,5,495.8,8.8,2260.85,Pakistan,Debit Card
503000,10349,2026-07-24,P2700,Books,3,76.75,3.8,221.5,Pakistan,Debit Card
505820,10695,2026-07-22,P9068,Home & Kitchen,6,128.36,13.8,663.88,United Kingdom,Debit Card
508581,11022,2026-05-26,P9223,Clothing,2,20.24,5.9,38.09,Pakistan,Debit Card
503684,10431,2026-08-10,P1387,Home & Kitchen,2,62.26,9.4,112.82,Canada,Digital Wallet
502995,10349,2026-06-30,P6379,Beauty,5,100.26,22.9,386.5,Pakistan,Credit Card
504252,10494,2026-08-06,P1860,Home & Kitchen,3,291.79,8.5,800.96,Pakistan,Cash on Delivery
503411,10401,2026-06-25,P2702,Electronics,5,144.61,3.6,697.02,Pakistan,Cash on Delivery
507962,10953,2026-07-30,P9603,Clothing,3,175.8,21.9,411.9,United States,Cash on Delivery
506309,10755,2026-07-02,P4145,Sports,3,219.39,10.0,592.35,United Kingdom,Cash on Delivery
508611,11029,2026-03-25,P3779,Clothing,2,85.48,3.8,164.46,United States,Cash on Delivery
505012,10597,2025-11-22,P8757,Clothing,3,84.91,10.3,228.49,Pakistan,Cash on Delivery
507750,10927,2026-06-02,P4652,Home & Kitchen,3,161.83,9.5,439.37,United Kingdom,Digital Wallet
505979,10712,2026-07-20,P2537,Books,2,47.03,6.2,88.23,United States,Bank Transfer
504048,10464,2026-03-18,P1732,Electronics,3,175.32,19.7,422.35,United States,Bank Transfer
504899,10587,2026-08-05,P2721,Accessories,3,101.32,14.4,260.19,Pakistan,Digital Wallet
501318,10145,2026-08-09,P8549,Electronics,2,261.82,4.3,501.12,Pakistan,Cash on Delivery
509772,11171,2026-01-17,P2645,Home & Kitchen,3,158.64,23.3,365.03,Australia,Cash on Delivery
509137,11082,2026-08-08,P4028,Sports,2,236.47,2.1,463.01,Pakistan,Bank Transfer
507142,10857,2026-08-03,P2276,Electronics,7,650.06,10.5,4072.63,Pakistan,Cash on Delivery
501897,10213,2026-04-13,P5698,Electronics,3,670.73,11.4,1782.8,Australia,Debit Card
507465,10894,2026-08-06,P6233,Home & Kitchen,4,131.33,14.6,448.62,Pakistan,Cash on Delivery
500603,10065,2026-08-14,P7032,Beauty,5,99.29,1.8,487.51,United Kingdom,Debit Card
502846,10334,2026-08-03,P2951,Electronics,3,341.07,3.9,983.3,Pakistan,Credit Card
508207,10980,2026-03-03,P6235,Beauty,2,20.58,10.3,36.92,United Kingdom,Cash on Delivery
500393,10041,2026-08-15,P6246,Books,6,77.24,9.3,420.34,United Kingdom,Bank Transfer
504436,10522,2026-06-29,P2502,Sports,2,140.23,13.4,242.88,Pakistan,Cash on Delivery
509447,11127,2026-08-09,P2089,Electronics,4,472.84,13.6,1634.14,United Kingdom,Credit Card
507234,10871,2026-06-16,P9202,Electronics,4,217.9,24.2,660.67,Canada,Bank Transfer
505398,10638,2026-08-05,P8379,Clothing,4,57.68,13.1,200.5,United States,Cash on Delivery
500095,10011,2026-08-13,P8454,Home & Kitchen,4,263.26,4.5,1005.65,Canada,Digital Wallet
501662,10180,2026-08-14,P9113,Sports,4,147.96,10.1,532.06,United Kingdom,Credit Card
508970,11068,2026-08-15,P7125,Clothing,6,29.95,5.7,169.46,Pakistan,Digital Wallet
505130,10607,2026-05-21,P2315,Books,4,17.73,20.9,56.1,United Kingdom,Bank Transfer
501488,10163,2026-04-28,P7141,Clothing,3,61.05,21.6,143.59,Australia,Credit Card
508316,10990,2026-06-22,P1831,Home & Kitchen,2,82.39,31.4,113.04,Canada,Cash on Delivery
502707,10313,2026-08-15,P6786,Sports,2,142.05,7.9,261.66,Pakistan,Credit Card
501595,10174,2026-04-12,P3906,Sports,4,151.6,11.0,539.7,United States,Cash on Delivery
509277,11105,2026-03-24,P6587,Beauty,2,41.51,23.3,63.68,United States,Digital Wallet
502377,10279,2026-01-22,P6781,Clothing,1,158.85,25.0,119.14,Pakistan,Digital Wallet
505140,10608,2026-05-26,P8488,Clothing,4,121.1,1.3,478.1,Pakistan,Cash on Delivery
506147,10734,2026-07-26,P2532,Accessories,3,52.32,7.3,145.5,Pakistan,Bank Transfer
508241,10983,2026-06-18,P3102,,2,135.15,3.6,260.57,United States,Cash on Delivery
503948,10457,2026-08-05,P8976,Home & Kitchen,6,237.1,11.6,1257.58,Canada,Cash on Delivery
503933,10455,2026-08-12,P6004,Accessories,4,14.72,15.0,50.05,Pakistan,Credit Card
504797,10575,2025-09-05,P1605,Clothing,3,155.83,20.1,373.52,United Kingdom,Credit Card
504372,10516,2026-08-02,P2928,Beauty,5,64.55,1.1,319.2,Pakistan,Digital Wallet
509862,11185,2026-07-22,P7600,Clothing,4,97.37,7.1,361.83,Pakistan,Debit Card
508242,10983,2026-06-22,P1244,Sports,5,188.21,11.4,833.77,Canada,Credit Card
503448,10405,2026-07-11,P4395,Clothing,2,92.97,10.5,166.42,United Kingdom,Debit Card
502943,10342,2026-06-20,P5430,Beauty,2,67.95,17.1,112.66,Canada,Bank Transfer
502465,10286,2026-08-10,P4860,Books,3,8.71,9.1,23.75,Canada,Digital Wallet
508582,11022,2026-06-08,P7905,Home & Kitchen,2,181.63,8.8,331.29,Australia,Digital Wallet
505506,10650,2026-06-02,P9523,Home & Kitchen,1,287.89,23.1,221.39,Canada,Cash on Delivery
502698,10313,2026-08-04,P4642,Clothing,2,173.81,3.7,334.76,Australia,Bank Transfer
502447,10286,2026-06-12,P3184,Clothing,2,81.2,9.3,147.3,Pakistan,Bank Transfer
500019,10002,2026-02-17,P2881,Sports,1,53.35,22.2,41.51,Canada,Cash on Delivery
502748,10320,2026-03-28,P5352,Home & Kitchen,1,257.36,18.5,209.75,United Kingdom,Cash on Delivery
505399,10638,2026-08-07,P4568,Sports,1,78.56,23.4,60.18,Pakistan,Credit Card
508078,10965,2026-07-22,P7568,Beauty,2,135.53,11.6,239.62,Pakistan,Credit Card
506871,10824,2026-07-13,P8092,Accessories,4,67.3,6.3,252.24,Pakistan,Credit Card
504708,10563,2026-07-16,P9941,Sports,7,218.61,7.2,1420.09,Canada,Digital Wallet
509476,11130,2026-07-05,P4642,Sports,1,212.91,16.7,177.35,Pakistan,Cash on Delivery
500809,10084,2026-08-10,P5675,Electronics,3,191.29,7.4,531.4,Canada,Cash on Delivery
507477,10896,2026-07-06,P6728,Home & Kitchen,1,331.27,15.7,279.26,Pakistan,Bank Transfer
502273,10262,2026-02-14,P3353,Home & Kitchen,3,76.35,1.6,225.39,Pakistan,Debit Card
501923,10216,2026-08-12,P7799,Home & Kitchen,2,142.73,4.8,271.76,Pakistan,Digital Wallet
501470,10161,2026-06-04,P5779,Beauty,1,74.68,20.0,59.74,Australia,Debit Card
507934,10947,2026-08-04,P3314,Home & Kitchen,2,158.74,7.1,294.94,Pakistan,Cash on Delivery
507407,10888,2026-08-07,P2419,Accessories,5,52.93,6.7,246.92,Pakistan,Debit Card
502406,10283,2026-06-03,P8723,Home & Kitchen,1,179.16,23.2,137.59,Pakistan,Bank Transfer
501142,10124,2026-08-15,P6267,Beauty,3,119.24,13.3,310.14,Pakistan,Digital Wallet
501747,10191,2026-08-14,P1913,Beauty,7,48.46,13.4,293.76,Australia,Digital Wallet
505709,10679,2025-10-23,P9641,Clothing,3,76.14,6.0,214.71,United Kingdom,Digital Wallet
504975,10591,2026-08-11,P1785,Accessories,4,88.56,14.4,303.23,United Kingdom,Debit Card
507300,10878,2026-07-04,P7467,Beauty,1,48.03,19.9,38.47,Australia,Credit Card
508148,10975,2026-07-02,P8656,Sports,6,232.75,10.2,1254.06,Australia,Digital Wallet
502833,10333,2026-07-21,P8014,Sports,7,133.32,4.9,887.51,Pakistan,Credit Card
503131,10371,2026-06-10,P3440,Clothing,2,29.23,11.6,51.68,United Kingdom,Credit Card
501310,10145,2026-08-01,P6776,Clothing,3,118.12,0.3,353.3,Pakistan,Bank Transfer
508650,11031,2026-08-14,P1951,Home & Kitchen,5,251.42,10.2,1128.88,Canada,Debit Card
506774,10817,2026-07-04,P8086,Beauty,2,46.41,6.4,86.88,Pakistan,Credit Card
506756,10813,2026-08-10,P7259,Beauty,7,24.53,0.7,170.51,Australia,Bank Transfer
500620,10067,2026-07-06,P6430,Clothing,5,81.03,14.5,346.4,Australia,Debit Card
502701,10313,2026-08-09,P8476,Home & Kitchen,5,202.38,8.8,922.85,Pakistan,Bank Transfer
502199,10253,2026-02-06,P9863,Electronics,3,261.73,18.3,641.5,United States,Debit Card
506196,10740,2026-07-17,P9049,Books,1,76.43,1.5,75.28,Australia,Cash on Delivery
508824,11048,2026-08-13,P4819,Sports,6,74.54,13.0,389.1,United Kingdom,Digital Wallet
501046,10113,2026-03-20,P5467,Accessories,3,53.77,22.4,125.18,Pakistan,Bank Transfer
505768,10688,2026-06-08,P6880,Electronics,3,445.56,3.3,1292.57,Pakistan,Cash on Delivery
509947,11195,2026-07-12,P2793,Home & Kitchen,5,110.56,3.4,534.0,Pakistan,Debit Card
509019,11071,2026-08-05,P2736,Accessories,5,49.17,2.1,240.69,Pakistan,Bank Transfer
500743,10078,2026-08-12,P6055,Books,4,50.01,6.2,187.64,United States,Debit Card
500222,10023,2026-08-04,P6413,Books,4,17.85,23.1,54.91,United Kingdom,Credit Card
503149,10372,2026-08-01,P8369,Home & Kitchen,3,231.73,5.9,654.17,Pakistan,Digital Wallet
500625,10067,2026-07-29,P8630,Home & Kitchen,2,79.2,6.2,148.58,Pakistan,Digital Wallet
509334,11110,2026-08-07,P9083,Sports,3,43.26,12.9,113.04,Canada,Debit Card
507566,10902,2026-08-10,P7373,Sports,3,72.09,14.0,185.99,,Debit Card
504582,10543,2026-07-19,P5510,Accessories,5,44.1,24.7,166.04,United States,Debit Card
505711,10679,2026-02-02,P1786,Beauty,3,76.71,11.9,202.74,United States,Cash on Delivery
503284,10383,2026-07-17,P9021,Books,2,60.15,22.5,93.23,Pakistan,Cash on Delivery
507585,10907,2026-05-09,P9006,Books,1,50.95,38.2,31.49,Australia,Bank Transfer
509646,11160,2026-07-13,P3282,Electronics,4,513.1,12.3,1799.95,Pakistan,Digital Wallet
501530,10167,2026-06-26,P7117,Electronics,3,370.41,24.8,835.64,Pakistan,Credit Card
509685,11162,2026-07-12,P2514,Electronics,7,641.41,0.4,4471.91,United States,Digital Wallet
500353,10037,2026-05-07,P1453,Home & Kitchen,2,53.11,3.1,102.93,United States,Debit Card
502474,10288,2026-05-17,P5697,Clothing,1,59.64,5.3,56.48,Pakistan,Digital Wallet
508013,10959,2026-07-31,P7628,Accessories,4,78.8,8.7,287.78,United Kingdom,Cash on Delivery
506475,10774,2026-03-22,P1120,Beauty,5,55.49,12.9,241.66,Pakistan,Credit Card
506449,10772,2026-07-24,P4782,Sports,3,58.9,23.6,135.0,Australia,Cash on Delivery
500239,10026,2026-04-17,P9613,Accessories,3,30.56,43.2,52.07,United States,Cash on Delivery
502625,10305,2026-07-19,P9209,Electronics,3,406.45,37.5,762.09,United Kingdom,Bank Transfer
509786,11174,2026-05-29,P6410,Electronics,1,285.38,9.0,259.7,Canada,Digital Wallet
507198,10867,2026-04-30,P9510,Accessories,5,66.16,21.8,258.69,Pakistan,Credit Card
507692,10920,2026-07-18,P6889,Home & Kitchen,7,249.57,9.5,1581.03,Pakistan,Debit Card
502997,10349,2026-07-17,P9539,Home & Kitchen,2,309.56,10.2,555.97,Pakistan,Bank Transfer
506440,10771,2026-08-14,P2611,Accessories,3,82.16,2.0,241.55,Pakistan,Credit Card
504562,10540,2026-08-14,P3898,Home & Kitchen,6,137.79,3.4,798.63,Pakistan,Digital Wallet
508614,11029,2026-04-23,P3593,Home & Kitchen,5,314.92,22.3,1223.46,Pakistan,Digital Wallet
501479,10161,2026-07-18,P7798,Clothing,2,132.83,5.6,250.78,United Kingdom,Cash on Delivery
501018,10109,2026-07-30,P9723,Sports,2,187.45,12.4,328.41,Pakistan,Bank Transfer
503094,10368,2025-12-28,P5404,Books,2,17.99,21.3,28.32,United Kingdom,Digital Wallet
506182,10738,2026-03-13,P6609,Accessories,1,81.5,40.8,48.25,Pakistan,Credit Card
504960,10590,2026-06-17,P2924,Beauty,2,18.06,15.3,30.59,Pakistan,Credit Card
508492,11014,2026-06-13,P3115,Books,7,22.42,4.5,149.88,Pakistan,Digital Wallet
501103,10121,2026-07-16,P8868,Clothing,2,170.7,39.9,205.18,Pakistan,Credit Card
506081,10727,2026-07-19,P6390,Sports,7,67.82,14.2,407.33,United States,Bank Transfer
509525,11134,2026-06-26,P1827,Home & Kitchen,1,277.62,0.6,275.95,United Kingdom,Debit Card
505190,10614,2026-06-28,P1237,Clothing,5,137.2,8.2,629.75,United States,Bank Transfer
504181,10481,2026-06-24,P5409,Clothing,3,114.22,0.5,340.95,Pakistan,Bank Transfer
504467,10525,2026-08-08,P3736,Electronics,3,540.89,33.4,1080.7,Pakistan,Debit Card
501626,10176,2026-08-13,P7975,Electronics,4,643.06,21.4,2021.78,Pakistan,Digital Wallet
506717,10810,2026-06-27,P2427,Electronics,5,278.48,13.7,1201.64,Pakistan,Debit Card
503798,10440,2026-07-05,P3946,Beauty,6,55.34,9.7,299.83,Australia,Cash on Delivery
503053,10360,2026-03-13,P6559,Accessories,2,25.73,13.8,44.36,Pakistan,Debit Card
502867,10335,2026-06-27,P2415,Electronics,4,334.46,14.5,1143.85,Canada,Credit Card
501432,10158,2026-04-15,P4749,Accessories,2,62.09,26.7,91.02,Canada,Digital Wallet
507983,10957,2026-05-01,P6151,Clothing,3,111.62,13.6,289.32,Australia,Credit Card
509346,11112,2026-04-29,P1018,Sports,1,145.35,7.4,134.59,Pakistan,Debit Card
509419,11120,2026-07-20,P6011,Electronics,3,697.59,11.1,1860.47,Pakistan,Digital Wallet
504076,10469,2026-06-22,P3205,Beauty,4,86.08,17.9,282.69,Pakistan,Debit Card
500217,10023,2026-07-17,P1882,Clothing,2,34.83,1.3,68.75,United States,Credit Card
503555,10418,2026-07-30,P3839,Home & Kitchen,5,243.91,12.7,1064.67,Canada,Digital Wallet
507936,10947,2026-08-09,P6243,Electronics,2,168.83,7.0,314.02,Pakistan,Bank Transfer
508421,11003,2026-04-13,P3912,Home & Kitchen,2,180.9,0.3,360.71,Pakistan,Bank Transfer
501034,10110,2026-08-15,P2281,Clothing,4,25.12,3.1,97.37,United States,Digital Wallet
503773,10437,2026-07-27,P3744,Sports,7,210.55,4.8,1403.11,United Kingdom,Digital Wallet
504132,10473,2026-07-04,P9438,Clothing,2,177.08,13.5,306.35,Pakistan,Debit Card
502335,10270,2026-07-27,P7087,Electronics,2,82.55,20.7,130.92,Pakistan,Credit Card
506492,10776,2026-06-09,P4371,Accessories,4,90.35,6.3,338.63,United States,Digital Wallet
501482,10162,2026-02-15,P1419,Home & Kitchen,2,129.43,8.7,236.34,Pakistan,Bank Transfer
500906,10099,2026-06-18,P8189,Clothing,4,170.29,11.4,603.51,United States,Cash on Delivery
506088,10727,2026-07-26,P9581,Clothing,3,38.27,9.3,104.13,United Kingdom,Debit Card
506466,10773,2026-07-30,P3857,Accessories,5,28.57,0.8,141.71,Pakistan,Cash on Delivery
505676,10675,2026-05-15,P5924,Home & Kitchen,1,225.72,19.2,182.38,Canada,Credit Card
502770,10322,2026-08-05,P7447,Books,3,25.95,15.8,65.55,Pakistan,Digital Wallet
501805,10202,2026-06-18,P8699,Sports,7,176.45,7.4,1143.75,Pakistan,Cash on Delivery
507374,10884,2026-07-14,P6036,Electronics,5,239.0,14.2,1025.31,Pakistan,Bank Transfer
502114,10240,2026-06-23,P8930,Accessories,2,78.52,23.2,120.61,United Kingdom,Bank Transfer
504534,10536,2026-03-13,P4868,Home & Kitchen,3,181.72,11.9,480.29,Australia,Bank Transfer
502531,10293,2026-07-18,P8129,Electronics,2,509.68,44.9,561.67,United States,Bank Transfer
508525,11015,2026-07-01,P3756,Electronics,2,570.78,16.1,957.77,Canada,Digital Wallet
503470,10408,2026-06-29,P2391,Home & Kitchen,7,237.09,6.1,1558.39,Canada,Credit Card
501402,10153,2026-08-01,P5930,Clothing,2,84.84,2.5,165.44,Pakistan,Bank Transfer
500852,10091,2026-06-26,P6095,Accessories,4,52.58,12.0,185.08,Pakistan,Credit Card
503082,10366,2026-04-11,P6171,Sports,2,180.68,5.1,342.93,Canada,Debit Card
508024,10961,2026-05-31,P3591,Clothing,4,67.07,0.5,266.94,United Kingdom,Debit Card
507565,10902,2026-08-05,P5147,Beauty,5,85.15,5.7,401.48,Pakistan,Debit Card
505529,10656,2026-05-26,P1665,Electronics,3,613.17,1.2,1817.44,Pakistan,Bank Transfer
507854,10939,2026-07-13,P6117,Beauty,3,59.75,8.0,164.91,United States,Debit Card
504932,10589,2026-07-30,P7349,Beauty,3,24.49,12.0,64.65,Pakistan,Digital Wallet
505159,10610,2026-04-04,P8830,Clothing,1,44.68,6.3,41.87,Australia,Cash on Delivery
509715,11164,2026-06-30,P4392,Electronics,3,501.39,41.8,875.43,United States,Debit Card
503846,10443,2026-08-14,P2942,Electronics,1,98.36,2.5,95.9,Pakistan,Debit Card
506483,10775,2026-04-15,P7227,Electronics,3,585.05,27.8,1267.22,Canada,Cash on Delivery
500747,10078,2026-08-14,P7905,Accessories,5,56.21,1.6,276.55,United Kingdom,Cash on Delivery
503034,10355,2026-08-15,P3126,Sports,3,184.12,5.4,522.53,United Kingdom,Bank Transfer
500347,10036,2026-05-26,P2416,Books,1,52.37,18.6,42.63,United Kingdom,Debit Card
503351,10394,2026-02-03,P9124,Home & Kitchen,3,218.8,16.2,550.06,Pakistan,Cash on Delivery
502864,10335,2026-06-20,P8668,Clothing,3,98.89,14.0,255.14,Pakistan,Credit Card
502167,10250,2025-12-17,P6515,Clothing,1,136.06,10.3,122.05,Australia,Credit Card
506954,10834,2026-04-10,P8185,Home & Kitchen,1,252.66,6.4,236.49,United Kingdom,Bank Transfer
506209,10740,2026-08-14,P4862,Clothing,3,169.42,1.7,499.62,Australia,Credit Card
502777,10324,2026-06-09,P3674,Clothing,2,101.35,17.8,166.62,Pakistan,Debit Card
501441,10159,2026-07-18,P5842,Clothing,3,122.91,5.7,347.71,Pakistan,Cash on Delivery
505657,10673,2026-06-16,P1794,Electronics,3,241.32,11.3,642.15,Pakistan,Digital Wallet
509657,11160,2026-07-26,P8605,Beauty,6,62.84,11.2,334.81,United States,Credit Card
503027,10355,2026-07-25,P8183,Clothing,2,134.06,10.0,241.31,Pakistan,Credit Card
506117,10730,2026-07-29,P9004,Electronics,5,318.77,8.5,1458.37,Pakistan,Cash on Delivery
502483,10290,2025-10-13,P5206,Clothing,3,97.61,5.3,277.31,Pakistan,Bank Transfer
502882,10336,2026-07-25,P6985,Clothing,7,35.17,13.1,213.94,Pakistan,Debit Card
505561,10657,2026-08-11,P7745,Electronics,2,622.49,3.7,1198.92,Pakistan,Debit Card
500763,10079,2026-08-12,P7344,Sports,5,170.21,16.1,714.03,Pakistan,Cash on Delivery
506481,10775,2026-04-13,P2314,Home & Kitchen,3,349.81,15.2,889.92,United Kingdom,Bank Transfer
501616,10176,2026-07-11,P9956,Electronics,5,311.58,17.6,1283.71,Canada,Credit Card
501222,10133,2026-08-11,P3774,Sports,7,99.19,11.1,617.26,United Kingdom,Cash on Delivery
508664,11034,2026-07-09,P5290,Books,5,14.99,4.9,71.28,United States,Cash on Delivery
506221,10742,2026-07-30,P6536,Books,1,60.2,24.0,45.75,Pakistan,Bank Transfer
501576,10172,2026-06-18,P7421,Home & Kitchen,6,236.64,10.3,1273.6,United Kingdom,Credit Card
509391,11117,2026-08-08,P5429,Clothing,5,131.32,14.6,560.74,Canada,Digital Wallet
506350,10762,2026-07-31,P9418,Sports,2,104.18,20.2,166.27,Pakistan,Cash on Delivery
503782,10438,2026-05-20,P8230,Electronics,3,527.44,40.4,943.06,Pakistan,Digital Wallet
504374,10516,2026-08-03,P1581,Clothing,3,68.3,0.2,204.49,United States,Bank Transfer
500708,10074,2026-05-10,P3500,Clothing,1,157.77,23.0,121.48,Pakistan,Bank Transfer
500509,10058,2026-07-08,P1364,Clothing,2,140.37,11.5,248.45,United States,Debit Card
502954,10344,2026-07-02,P3536,Accessories,3,78.54,8.0,216.77,Pakistan,Credit Card
507537,10901,2026-05-12,P7425,Clothing,4,129.86,22.2,404.12,Canada,Debit Card
506338,10761,2026-06-26,P9511,Home & Kitchen,3,228.25,14.3,586.83,United Kingdom,Credit Card
508922,11065,2026-07-20,P6648,Clothing,1,29.3,9.5,26.52,Pakistan,Debit Card
507063,10851,2026-06-23,P5611,Beauty,5,99.04,4.9,470.94,United Kingdom,Digital Wallet
507162,10860,2026-08-09,P1855,Beauty,6,113.97,11.9,602.45,Canada,Bank Transfer
507371,10884,2026-07-02,P3733,Clothing,2,117.04,10.0,210.67,United Kingdom,Digital Wallet
506828,10822,2026-08-02,P3560,Home & Kitchen,3,167.03,2.5,488.56,United States,Credit Card
503615,10424,2026-07-09,P9822,Home & Kitchen,1,297.75,15.7,251.0,Canada,Digital Wallet
504656,10558,2026-07-11,P3013,Books,4,57.53,0.8,228.28,Pakistan,Bank Transfer
506975,10836,2026-06-18,P7341,Sports,2,232.53,7.8,428.79,United States,Credit Card
504350,10515,2026-07-24,P5496,Accessories,5,119.92,11.0,533.64,United States,Credit Card
500711,10074,2026-07-21,P6493,Home & Kitchen,3,320.32,15.3,813.93,Australia,Credit Card
506478,10774,2026-08-07,P7115,Electronics,2,694.86,1.8,1364.71,Pakistan,Credit Card
509129,11082,2026-07-30,P8741,Books,4,49.21,10.1,176.96,Pakistan,Bank Transfer
508204,10980,2026-01-31,P4968,Clothing,2,75.67,14.6,129.24,United States,Cash on Delivery
509203,11095,2026-08-06,P1870,Sports,2,230.64,5.0,438.22,Canada,Bank Transfer
500712,10074,2026-07-27,P6611,Home & Kitchen,1,30.43,36.4,19.35,Canada,Debit Card
509112,11081,2026-07-22,P9808,Beauty,3,27.52,39.9,49.62,Pakistan,Credit Card
501245,10136,2026-06-14,P2154,Books,4,48.3,5.7,182.19,United Kingdom,Debit Card
509785,11174,2026-05-26,P9313,Electronics,4,379.12,17.7,1248.06,United Kingdom,Cash on Delivery
506848,10822,2026-08-12,P5651,Home & Kitchen,4,346.59,0.3,1382.2,Pakistan,Bank Transfer
505133,10607,2026-07-13,P1389,Clothing,4,132.32,2.2,517.64,Australia,Digital Wallet
500715,10075,2026-05-31,P6063,Home & Kitchen,2,301.49,39.0,367.82,Pakistan,Debit Card
503463,10407,2026-07-19,P3230,Electronics,1,416.32,17.2,344.71,Pakistan,Bank Transfer
504394,10517,2026-06-09,P5216,Accessories,2,104.66,12.1,183.99,Pakistan,Cash on Delivery
504568,10542,2025-11-14,P9797,Sports,2,111.6,0.8,221.41,United States,Digital Wallet
508803,11047,2026-06-18,P5909,Sports,5,50.1,17.0,207.91,United Kingdom,Digital Wallet
508489,11013,2026-04-02,P3725,Home & Kitchen,1,174.6,13.9,150.33,Pakistan,Digital Wallet
507701,10920,2026-08-04,P5065,Home & Kitchen,6,309.31,10.6,1659.14,Pakistan,Debit Card
500212,10022,2026-08-13,P7447,Home & Kitchen,3,47.21,14.7,120.81,Pakistan,Credit Card
509767,11170,2026-05-31,P3938,Clothing,5,64.29,1.1,317.91,Pakistan,Bank Transfer
506838,10822,2026-08-06,P3095,Home & Kitchen,7,190.63,1.6,1313.06,Canada,Digital Wallet
501010,10108,2026-05-21,P2403,Home & Kitchen,2,44.42,16.4,74.27,Pakistan,Digital Wallet
500323,10033,2026-06-29,P1541,Electronics,2,686.01,0.9,1359.67,United States,Cash on Delivery
505396,10638,2026-08-02,P8683,Sports,1,64.71,20.7,51.32,United States,Bank Transfer
505990,10715,2026-08-07,P7914,Clothing,5,119.36,23.7,455.36,Pakistan,Cash on Delivery
503172,10373,2026-08-12,P6506,Electronics,3,324.99,6.0,916.47,United Kingdom,Debit Card
500334,10033,2026-07-29,P9146,Home & Kitchen,3,195.76,11.3,520.92,United States,Credit Card
508305,10989,2026-07-08,P2524,Home & Kitchen,4,313.65,24.3,949.73,Canada,Debit Card
502210,10254,2026-07-19,P8661,Clothing,4,75.9,14.5,259.58,Pakistan,Bank Transfer
504271,10498,2026-07-30,P9321,Clothing,5,24.57,1.2,121.38,Pakistan,Cash on Delivery
506740,10812,2026-04-08,P2990,Clothing,3,154.04,44.6,256.01,Canada,Digital Wallet
500233,10024,2026-06-30,P9520,Home & Kitchen,4,302.3,3.2,1170.51,United Kingdom,Bank Transfer
505950,10707,2026-08-13,P1677,Home & Kitchen,3,282.98,19.2,685.94,Pakistan,Bank Transfer
505737,10683,2026-06-19,P2578,Accessories,1,29.45,0.5,29.3,Pakistan,Credit Card
507921,10947,2026-06-26,P8717,Home & Kitchen,6,88.63,7.2,493.49,United Kingdom,Cash on Delivery
502348,10272,2026-05-19,P2898,Clothing,3,118.93,20.7,282.93,Pakistan,Debit Card
502036,10231,2026-02-26,P6196,Sports,2,34.01,35.5,43.87,Pakistan,Bank Transfer
507484,10896,2026-08-09,P8689,Home & Kitchen,2,124.29,18.9,201.6,United Kingdom,Cash on Delivery
506006,10719,2026-06-10,P8966,Beauty,4,96.37,13.6,333.05,Pakistan,Bank Transfer
504553,10540,2026-08-02,P2327,Electronics,5,212.15,14.2,910.12,Pakistan,Cash on Delivery
508072,10965,2026-05-25,P1396,Beauty,1,109.38,8.3,100.3,Pakistan,Bank Transfer
501458,10160,2026-01-09,P8769,Beauty,1,40.56,40.9,23.97,Pakistan,Digital Wallet
503288,10384,2026-03-30,P4193,Beauty,2,120.11,16.9,199.62,Australia,Credit Card
503064,10361,2026-08-10,P8636,Clothing,3,74.21,3.5,214.84,Pakistan,Bank Transfer
509436,11124,2026-05-19,P9521,Books,1,17.39,38.9,10.63,Canada,Digital Wallet
500774,10080,2026-07-26,P3804,Clothing,7,37.86,4.7,252.56,United Kingdom,Credit Card
506832,10822,2026-08-03,P9493,Clothing,4,144.52,8.6,528.37,United Kingdom,Bank Transfer
500871,10092,2026-07-28,P4275,Accessories,2,47.97,29.8,67.35,United States,Bank Transfer
508749,11039,2026-08-03,P9622,Home & Kitchen,2,305.03,4.5,582.61,Pakistan,Bank Transfer
501263,10139,2026-07-13,P2017,Sports,2,223.33,9.8,402.89,Pakistan,Debit Card
504833,10580,2026-07-27,P3260,Clothing,1,125.05,5.0,118.8,Pakistan,Credit Card
503894,10450,2026-07-21,P9453,Clothing,5,28.28,7.5,130.8,Pakistan,Bank Transfer
506323,10757,2026-07-26,P1471,Beauty,3,135.86,24.1,309.35,Pakistan,Bank Transfer
509212,11096,2026-07-23,P8400,Beauty,3,142.26,4.4,408.0,United Kingdom,Credit Card
507019,10843,2026-08-15,P9204,Home & Kitchen,4,144.86,20.6,460.08,United States,Digital Wallet
501220,10133,2026-08-03,P8177,Clothing,5,89.88,11.7,396.82,Pakistan,Credit Card
501446,10159,2026-07-21,P1064,Home & Kitchen,1,197.13,0.9,195.36,Canada,Cash on Delivery
503184,10375,2026-07-30,P4585,Beauty,5,18.68,9.2,84.81,Pakistan,Cash on Delivery
500408,10043,2026-08-08,P4620,Accessories,5,76.06,10.4,340.75,United Kingdom,Cash on Delivery
504344,10514,2025-11-19,P5803,Beauty,3,81.13,4.9,231.46,Pakistan,Credit Card
503021,10355,2026-06-05,P3970,Accessories,3,96.38,1.0,286.25,Pakistan,Credit Card
502303,10266,2026-08-07,P4110,Electronics,2,533.5,32.0,725.56,United Kingdom,Cash on Delivery
506271,10751,2026-06-24,P8092,Sports,6,194.65,12.5,1021.91,Pakistan,Bank Transfer
508280,10984,2026-08-15,P2513,Sports,5,31.75,3.7,152.88,Pakistan,Credit Card
506641,10795,2026-08-06,P7893,Beauty,2,35.31,1.9,69.28,Pakistan,Cash on Delivery
506955,10834,2026-04-17,P5822,Home & Kitchen,4,56.0,5.2,212.35,Pakistan,Credit Card
502109,10239,2026-07-17,P4199,Sports,2,140.99,19.2,227.84,Pakistan,Bank Transfer
505351,10632,2025-08-11,P7652,Books,1,54.68,19.2,44.18,United Kingdom,Credit Card
509683,11162,2026-07-02,P8617,Clothing,5,83.09,2.2,406.31,United Kingdom,Debit Card
508343,10995,2026-04-29,P7972,Home & Kitchen,3,164.11,20.2,392.88,United Kingdom,Debit Card
504549,10538,2026-08-12,P8830,Electronics,3,283.28,1.3,838.79,United States,Credit Card
501880,10209,2026-08-12,P5684,Books,3,55.62,8.2,153.18,Canada,Credit Card
505945,10707,2026-08-05,P2348,Clothing,5,129.35,11.3,573.67,United States,Digital Wallet
501737,10191,2026-08-11,P1057,Accessories,6,97.12,0.6,579.22,Canada,Debit Card
507793,10935,2026-06-08,P6831,Accessories,3,15.54,4.9,44.34,United Kingdom,Debit Card
505212,10617,2026-07-19,P5261,Home & Kitchen,3,93.7,7.6,259.74,Pakistan,Cash on Delivery
503208,10376,2026-07-10,P7671,Home & Kitchen,3,349.88,19.1,849.16,Australia,Bank Transfer
507082,10852,2026-05-25,P8923,Clothing,3,81.81,39.0,149.71,Canada,Debit Card
502055,10234,2026-07-26,P6781,Sports,3,38.33,3.7,110.74,United States,Debit Card
501688,10183,2026-03-02,P2842,Accessories,2,66.87,15.6,112.88,United Kingdom,Debit Card
504779,10572,2026-05-15,P5470,Books,3,38.2,31.3,78.73,United Kingdom,Cash on Delivery
507475,10896,2026-06-24,P3205,Beauty,3,109.68,17.8,270.47,Pakistan,Digital Wallet
507876,10941,2026-05-26,P3202,Home & Kitchen,2,258.88,9.5,468.57,Australia,Credit Card
506749,10813,2026-07-28,P1779,Electronics,7,471.36,4.4,3154.34,United States,Credit Card
508555,11020,2026-07-28,P7879,Electronics,5,588.12,1.5,2896.49,United Kingdom,Cash on Delivery
508122,10972,2025-11-13,P4594,Beauty,3,46.16,13.6,119.65,United States,Digital Wallet
506990,10838,2026-08-12,P3609,Accessories,3,45.58,19.8,109.67,United Kingdom,Debit Card
508266,10984,2026-07-13,P8814,Clothing,6,128.82,7.7,713.41,Australia,Bank Transfer
508539,11017,2026-06-24,P7648,Sports,5,79.59,5.1,377.65,Australia,Debit Card
503392,10399,2026-04-18,P6463,Books,3,38.94,30.7,80.96,Canada,Credit Card
506325,10759,2025-12-06,P1757,Clothing,1,39.26,10.0,35.33,Australia,Debit Card
503528,10415,2026-07-23,P1471,Electronics,3,392.11,13.8,1014.0,United Kingdom,Cash on Delivery
504604,10547,2026-08-14,P2321,Clothing,5,125.33,5.0,595.32,Pakistan,Cash on Delivery
507023,10845,2026-07-09,P5369,Books,2,12.85,5.4,24.31,Canada,Credit Card
506321,10757,2026-06-30,P3848,Electronics,2,345.19,5.6,651.72,Pakistan,Credit Card
500745,10078,2026-08-12,P5756,Accessories,3,12.09,2.8,35.25,United Kingdom,Credit Card
500710,10074,2026-06-30,P1613,Accessories,1,93.91,31.1,64.7,Pakistan,Bank Transfer
500379,10040,2026-05-19,P5749,Clothing,2,51.63,18.1,84.57,United Kingdom,Bank Transfer
508782,11043,2026-04-24,P8820,Home & Kitchen,5,199.26,23.4,763.17,Pakistan,Bank Transfer
503011,10354,2026-07-23,P5405,Electronics,3,574.85,16.8,1434.83,Pakistan,Digital Wallet
508858,11054,2026-04-06,P7692,Electronics,1,128.2,17.2,106.15,United Kingdom,Debit Card
507152,10859,2026-05-06,P4542,Accessories,3,36.2,9.8,97.96,Australia,Digital Wallet
508566,11020,2026-08-09,P8615,Electronics,2,231.19,14.2,396.72,Australia,Debit Card
503497,10410,2026-08-05,P1942,Electronics,5,646.9,4.2,3098.65,Pakistan,Credit Card
503889,10450,2026-07-08,P6008,Sports,7,70.75,12.3,434.33,Pakistan,Bank Transfer
504484,10529,2026-06-30,P1768,Clothing,7,136.15,2.5,929.22,Pakistan,Bank Transfer
504011,10461,2026-06-05,P7824,Sports,4,45.05,5.5,170.29,United States,Cash on Delivery
502619,10305,2026-05-08,P2844,Books,1,69.7,16.8,57.99,Pakistan,Digital Wallet
506670,10802,2026-06-16,P7784,Home & Kitchen,4,130.37,23.8,397.37,United Kingdom,Debit Card
506512,10776,2026-07-26,P6507,Clothing,4,61.64,13.3,213.77,United Kingdom,Credit Card
503467,10407,2026-08-12,P7010,Home & Kitchen,3,304.92,3.7,880.91,United Kingdom,Digital Wallet
501313,10145,2026-08-02,P7023,Sports,1,84.7,20.7,67.17,United States,Digital Wallet
508605,11028,2026-07-10,P6267,Electronics,2,171.07,18.7,278.16,United Kingdom,Credit Card
502069,10235,2026-08-11,P1147,Beauty,4,22.48,16.2,75.35,Pakistan,Cash on Delivery
502982,10348,2026-07-29,P7185,Electronics,6,569.55,9.9,3078.99,Pakistan,Debit Card
505914,10705,2026-08-03,P1420,Accessories,2,91.11,6.1,171.1,Australia,Digital Wallet
509170,11088,2026-08-07,P6726,Sports,3,188.09,22.7,436.18,United States,Cash on Delivery
501285,10142,2026-07-22,P4299,Electronics,1,583.35,4.3,558.27,Pakistan,Digital Wallet
508990,11070,2026-05-22,P1203,Electronics,5,653.12,20.2,2605.95,Pakistan,Bank Transfer
508429,11004,2026-05-24,P3210,Electronics,3,471.99,39.3,859.49,Canada,Digital Wallet
501349,10149,2026-06-20,P2161,Accessories,4,19.4,2.6,75.58,Pakistan,Bank Transfer
502611,10303,2026-03-22,P1721,Home & Kitchen,3,345.23,10.4,927.98,Pakistan,Digital Wallet
509494,11133,2026-06-27,P7877,Clothing,7,71.21,0.7,494.98,United States,Credit Card
503668,10430,2026-08-10,P2664,Sports,4,93.22,10.7,332.98,United States,Debit Card
502221,10255,2026-06-06,P1247,Home & Kitchen,4,266.14,15.2,902.75,Pakistan,Credit Card
500427,10046,2026-07-04,P8705,Home & Kitchen,2,299.32,5.8,563.92,Pakistan,Digital Wallet
500653,10069,2026-07-28,P3800,Home & Kitchen,2,309.49,10.4,554.61,Pakistan,Debit Card
509913,11191,2026-07-25,P8124,Sports,2,105.99,2.1,207.53,United Kingdom,Debit Card
503535,10417,2026-04-16,P7069,Clothing,1,56.57,20.2,45.14,Pakistan,Debit Card
507736,10926,2026-08-13,P3541,Home & Kitchen,2,234.94,4.2,450.15,United Kingdom,Credit Card
503245,10379,2026-06-03,P2858,Sports,2,208.48,15.3,353.17,Pakistan,Credit Card
504740,10565,2026-07-03,P9031,Accessories,2,94.77,24.4,143.29,Pakistan,Cash on Delivery
509068,11076,2026-01-11,P2586,Clothing,1,39.41,17.2,32.63,United Kingdom,Digital Wallet
504099,10471,2026-08-07,P2224,Accessories,7,51.56,12.7,315.08,Canada,Debit Card
504100,10471,2026-08-07,P1171,Clothing,3,47.91,14.8,122.46,Pakistan,Digital Wallet
506959,10834,2026-06-07,P9275,Accessories,1,106.74,10.4,95.64,Canada,Bank Transfer
500611,10067,2026-06-21,P8313,Home & Kitchen,6,210.54,12.3,1107.86,Pakistan,Cash on Delivery
504288,10502,2026-06-04,P3246,Home & Kitchen,2,301.47,14.2,517.32,United Kingdom,Bank Transfer
508570,11020,2026-08-15,P8865,Beauty,7,64.98,9.7,410.74,Pakistan,Digital Wallet
509712,11163,2026-08-04,P9713,Home & Kitchen,4,303.42,14.6,1036.48,Pakistan,Cash on Delivery
501543,10168,2026-08-05,P9187,Home & Kitchen,2,193.38,21.0,305.54,United States,Bank Transfer
509535,11136,2026-06-06,P2073,Electronics,6,422.53,3.6,2443.91,Pakistan,Cash on Delivery
503853,10444,2026-08-04,P9250,Accessories,2,68.83,8.7,125.68,Pakistan,Bank Transfer
500554,10061,2026-08-12,P5150,Home & Kitchen,4,322.42,9.3,1169.74,Pakistan,Credit Card
506365,10763,2026-05-17,P7283,Electronics,2,450.96,8.8,822.55,Pakistan,Digital Wallet
500511,10058,2026-08-04,P6344,Electronics,5,466.85,1.9,2289.9,Pakistan,Cash on Delivery
503206,10376,2026-06-04,P6493,Home & Kitchen,4,162.36,21.9,507.21,United Kingdom,Bank Transfer
508084,10966,2026-06-15,P8104,Accessories,1,39.32,1.7,38.65,Australia,Digital Wallet
500967,10101,2026-08-05,P5899,Electronics,2,131.41,10.1,236.28,Australia,Cash on Delivery
506043,10723,2026-07-10,P7537,Home & Kitchen,5,290.05,13.4,1255.92,Canada,Debit Card
506879,10826,2025-10-12,P5805,Sports,2,91.42,20.9,144.63,Pakistan,Debit Card
506775,10817,2026-07-06,P8507,Beauty,2,114.26,7.5,211.38,Pakistan,Digital Wallet
503295,10385,2026-05-01,P9418,Home & Kitchen,3,135.11,44.5,224.96,United States,Bank Transfer
508701,11035,2026-08-11,P3161,Books,2,12.78,9.5,23.13,Pakistan,Credit Card
503429,10402,2026-03-02,P9105,Clothing,3,129.03,10.0,348.38,United Kingdom,Digital Wallet
508870,11055,2025-12-02,P1696,Books,1,35.13,3.4,33.94,United Kingdom,Digital Wallet
506962,10834,2026-07-15,P9645,Books,3,11.26,11.0,30.06,United Kingdom,Bank Transfer
502088,10237,2026-08-03,P4270,Accessories,4,35.75,17.7,117.69,Pakistan,Digital Wallet
508499,11014,2026-06-26,P6978,Clothing,5,43.91,4.3,210.11,Pakistan,Cash on Delivery
506162,10735,2026-08-10,P5776,Accessories,4,11.18,4.8,42.57,Pakistan,Debit Card
503210,10376,2026-07-23,P3122,Clothing,2,125.53,10.0,225.95,Australia,Credit Card
509200,11095,2026-07-06,P4854,Clothing,2,137.8,11.2,244.73,United Kingdom,Credit Card
506605,10790,2025-12-27,P7657,Electronics,3,316.16,3.7,913.39,United Kingdom,Digital Wallet
501109,10123,2026-06-10,P8020,Books,1,19.12,10.8,17.06,United States,Bank Transfer
505728,10682,2026-07-24,P4971,Clothing,5,101.44,19.2,409.82,Pakistan,Debit Card
507829,10937,2026-07-11,P7327,Home & Kitchen,2,316.45,6.7,590.5,Canada,Cash on Delivery
501038,10111,2026-07-11,P3525,Books,5,55.59,13.1,241.54,United Kingdom,Cash on Delivery
501194,10131,2026-04-04,P3556,Sports,3,155.71,13.8,402.67,Pakistan,Debit Card
504474,10527,2026-06-15,P9756,Clothing,2,102.85,15.8,173.2,Pakistan,Debit Card
509874,11188,2026-07-06,P3772,Home & Kitchen,5,50.13,10.0,225.59,Canada,Digital Wallet
502122,10243,2025-12-29,P9139,Sports,1,57.44,5.9,54.05,Pakistan,Bank Transfer
504982,10591,2026-08-14,P4238,Electronics,3,163.09,6.8,456.0,United States,Cash on Delivery
508973,11069,2026-04-21,P5732,Electronics,2,474.01,0.8,940.44,Pakistan,Credit Card
505700,10678,2026-06-27,P5259,Books,2,64.91,22.0,101.26,United States,Cash on Delivery
500934,10100,2026-07-29,P2395,Sports,4,246.81,3.0,957.62,Pakistan,Cash on Delivery
506101,10728,2026-07-23,P9550,Clothing,2,172.58,44.5,191.56,United States,Credit Card
504689,10561,2026-07-26,P6126,Home & Kitchen,1,80.51,20.9,63.68,Pakistan,Bank Transfer
500394,10042,2026-06-24,P5232,Home & Kitchen,1,75.32,10.8,67.19,Australia,Debit Card
504685,10561,2026-06-29,P9662,Accessories,1,55.16,22.0,43.02,Canada,Bank Transfer
508776,11042,2026-07-16,P4096,Home & Kitchen,1,272.19,19.2,219.93,Australia,Credit Card
509165,11088,2026-06-30,P3399,Sports,1,59.0,5.4,55.81,United Kingdom,Debit Card
505980,10713,2026-06-11,P5884,Sports,3,214.87,20.1,515.04,Canada,Credit Card
509942,11195,2026-07-03,P5408,Sports,2,200.4,5.4,379.16,Pakistan,Bank Transfer
502191,10252,2026-07-11,P9048,Beauty,4,63.73,4.0,244.72,Canada,Digital Wallet
501297,10144,2026-05-04,P4120,Clothing,3,130.1,4.8,371.57,Pakistan,Debit Card
505044,10600,2026-07-10,P1934,Electronics,6,668.54,9.6,3626.16,Canada,Credit Card
501162,10128,2026-02-16,P6203,Electronics,1,461.88,22.2,359.34,United States,Cash on Delivery
504254,10495,2026-07-13,P1308,Clothing,2,160.42,0.5,319.24,Pakistan,Bank Transfer
506372,10763,2026-08-13,P9119,Clothing,3,140.25,6.5,393.4,Canada,Digital Wallet
501527,10167,2026-06-16,P3599,Electronics,5,331.24,17.9,1359.74,Pakistan,Digital Wallet
504342,10513,2026-01-14,P7542,Sports,1,173.48,17.7,142.77,United States,Credit Card
502030,10229,2025-11-23,P7686,Accessories,2,110.5,2.4,215.7,Pakistan,Cash on Delivery
503060,10361,2026-08-02,P1703,Electronics,2,685.42,7.8,1263.91,United Kingdom,Digital Wallet
500058,10007,2026-07-12,P4847,Beauty,4,46.24,3.9,177.75,Pakistan,Debit Card
502405,10283,2026-06-03,P7611,Electronics,4,552.41,6.5,2066.01,United Kingdom,Cash on Delivery
505006,10595,2025-08-20,P3717,Sports,3,72.75,0.8,216.5,Canada,Credit Card
506157,10735,2026-08-05,P4021,Books,4,23.91,21.4,75.17,Pakistan,Digital Wallet
507375,10884,2026-07-18,P5661,Beauty,3,124.88,13.9,322.57,United States,Bank Transfer
504506,10530,2026-03-23,P9908,Beauty,1,38.91,17.2,32.22,Canada,Cash on Delivery
505214,10617,2026-07-25,P4417,Books,2,33.25,11.9,58.59,United States,Credit Card
506029,10722,2026-06-03,P5247,Sports,3,41.57,16.0,104.76,Pakistan,Debit Card
501780,10197,2026-05-28,P4450,Electronics,3,387.31,32.8,780.82,Canada,Credit Card
505447,10643,2026-07-02,P4377,Clothing,5,41.24,22.3,160.22,United Kingdom,Credit Card
504606,10547,2026-08-15,P3419,Clothing,4,51.92,0.6,206.43,Pakistan,Digital Wallet
506914,10829,2026-06-13,P2392,Books,1,11.71,25.5,8.72,Australia,Digital Wallet
500676,10072,2026-04-04,P9744,Electronics,1,608.51,4.9,578.69,Pakistan,Cash on Delivery
503582,10422,2026-04-27,P3231,Sports,1,242.39,40.8,143.49,United States,Digital Wallet
503653,10430,2026-08-05,P2709,Beauty,4,61.4,6.9,228.65,United States,Cash on Delivery
507920,10947,2026-06-15,P1403,Accessories,3,84.77,7.0,236.51,Pakistan,Bank Transfer
509499,11133,2026-07-04,P9469,Beauty,2,121.45,2.1,237.8,United Kingdom,Debit Card
502732,10318,2026-07-05,P2176,Sports,1,231.57,10.0,208.41,Pakistan,Debit Card
504787,10573,2026-06-20,P8706,Books,1,46.49,9.1,42.26,Canada,Bank Transfer
502754,10320,2026-07-28,P1380,Home & Kitchen,4,52.79,9.1,191.94,United Kingdom,Debit Card
502337,10270,2026-08-02,P9601,Home & Kitchen,1,330.96,24.7,249.21,Pakistan,Debit Card
503643,10427,2026-02-09,P5201,Clothing,1,58.74,2.2,57.45,United States,Bank Transfer
507737,10926,2026-08-14,P2568,Accessories,6,19.38,12.9,101.28,Pakistan,Digital Wallet
505516,10651,2026-08-06,P2677,Electronics,5,441.12,12.6,1927.69,United Kingdom,Bank Transfer
505246,10620,2026-05-11,P7816,Accessories,3,35.87,25.0,80.71,Canada,Cash on Delivery
500866,10092,2026-03-12,P1329,Clothing,1,63.5,36.6,40.26,United States,Digital Wallet
504447,10522,2026-08-07,P7896,Home & Kitchen,5,180.14,16.5,752.08,Pakistan,Debit Card
505071,10602,2026-07-03,P4638,Electronics,4,134.83,19.7,433.07,United Kingdom,Bank Transfer
504881,10587,2026-06-10,P9399,Home & Kitchen,3,150.68,7.3,419.04,Pakistan,Cash on Delivery
509510,11133,2026-08-02,P4819,Accessories,4,64.54,1.9,253.25,Pakistan,Cash on Delivery
503002,10350,2026-04-07,P9650,Home & Kitchen,1,247.68,23.9,188.48,Australia,Digital Wallet
502225,10255,2026-07-04,P5071,Accessories,2,93.07,3.3,180.0,United States,Bank Transfer
509056,11074,2026-07-10,P3678,Clothing,5,76.99,7.4,356.46,Pakistan,Debit Card
504826,10579,2026-07-03,P2957,Electronics,1,685.98,23.5,524.77,Australia,Cash on Delivery
507621,10910,2026-05-13,P1315,Books,3,35.29,4.0,101.64,Pakistan,Bank Transfer
509689,11162,2026-07-19,P4247,Clothing,2,177.88,12.2,312.36,Australia,Credit Card
505500,10649,2026-06-26,P2320,Accessories,3,48.46,42.2,84.03,Canada,Cash on Delivery
509700,11163,2026-06-02,P1763,Accessories,4,82.37,12.8,287.31,Pakistan,Debit Card
508478,11011,2026-07-25,P7036,Sports,3,26.22,19.4,63.4,Pakistan,Cash on Delivery
505502,10649,2026-07-22,P2618,Home & Kitchen,1,65.72,19.3,53.04,Pakistan,Debit Card
501210,10133,2026-07-06,P2104,Clothing,2,128.72,2.6,250.75,United States,Digital Wallet
509083,11077,2026-08-13,P9808,Beauty,4,67.61,11.1,240.42,United States,Debit Card
502288,10263,2026-08-13,P8740,Electronics,6,519.93,3.4,3013.51,United States,Cash on Delivery
502183,10251,2026-07-23,P6372,Electronics,5,671.03,20.0,2684.12,Pakistan,Credit Card
502862,10334,2026-08-15,P9169,Clothing,4,105.15,6.4,393.68,Pakistan,Cash on Delivery
506861,10823,2026-08-10,P7514,Sports,1,199.11,17.4,164.46,United States,Bank Transfer
502362,10275,2026-01-30,P2405,Clothing,2,87.79,9.7,158.55,United Kingdom,Debit Card
508463,11009,2026-04-05,P6719,Books,4,8.07,9.1,29.34,Pakistan,Credit Card
506332,10760,2026-07-11,P6461,Electronics,3,458.74,30.5,956.47,Pakistan,Bank Transfer
504064,10467,2026-05-20,P5445,Sports,1,247.33,23.2,189.95,United States,Bank Transfer
509546,11136,2026-08-12,P8760,Books,5,21.37,6.3,100.12,United Kingdom,Credit Card
500617,10067,2026-07-04,P2690,Accessories,4,14.13,4.7,53.86,United Kingdom,Debit Card
503281,10382,2026-06-13,P4417,Sports,1,99.74,17.9,81.89,Australia,Digital Wallet
505226,10618,2026-08-08,P1262,Electronics,1,361.47,23.8,275.44,Pakistan,Cash on Delivery
503397,10399,2026-05-20,P2478,Accessories,2,58.81,17.4,97.15,United States,Debit Card
503065,10361,2026-08-10,P1069,Clothing,4,44.86,0.6,178.36,Pakistan,Bank Transfer
500766,10080,2026-06-24,P6733,Beauty,2,60.98,6.0,114.64,Pakistan,Digital Wallet
507078,10851,2026-08-15,P1529,Clothing,4,152.62,8.4,559.2,Australia,Credit Card
505279,10623,2026-05-27,P8595,Electronics,3,273.02,19.5,659.34,Pakistan,Bank Transfer
504149,10474,2026-04-16,P4350,Clothing,3,33.57,18.4,82.18,United States,Credit Card
501144,10125,2026-07-12,P9758,Books,2,16.46,10.2,29.56,Pakistan,Credit Card
504248,10494,2026-06-26,P8428,,2,99.45,24.4,150.37,Australia,Credit Card
504110,10471,2026-08-12,P4607,Beauty,3,62.04,2.0,182.4,United Kingdom,Cash on Delivery
500462,10052,2026-06-21,P1539,Home & Kitchen,1,136.55,18.2,111.7,United States,Credit Card
502932,10340,2026-07-26,P3492,Accessories,2,30.48,1.7,59.92,Pakistan,Credit Card
504623,10552,2026-03-29,P3335,Sports,3,92.74,0.2,277.66,United Kingdom,Digital Wallet
503813,10441,2026-05-18,P9998,Sports,4,69.4,5.7,261.78,United Kingdom,Cash on Delivery
506308,10755,2026-07-01,P1653,Clothing,3,76.2,4.5,218.31,United Kingdom,Credit Card
504341,10512,2026-07-07,P8038,Home & Kitchen,2,216.39,12.5,378.68,Pakistan,Digital Wallet
505300,10626,2026-06-03,P9766,Sports,3,57.4,7.1,159.97,United States,Debit Card
506804,10819,2026-07-16,P1848,Home & Kitchen,5,265.48,13.2,1152.18,Pakistan,Debit Card
503282,10383,2026-06-14,P9544,Electronics,3,281.31,20.1,674.3,Australia,Credit Card
502574,10298,2026-07-27,P8661,Sports,5,86.85,2.0,425.56,United Kingdom,Cash on Delivery
507961,10953,2026-06-29,P4473,Accessories,1,40.98,16.6,34.18,United States,Bank Transfer
507879,10941,2026-06-17,P7064,Accessories,2,92.45,4.3,176.95,Pakistan,Debit Card
500828,10086,2026-08-09,P7324,Clothing,4,80.78,0.4,321.83,United Kingdom,Debit Card
506486,10775,2026-05-29,P8927,Clothing,2,96.29,41.0,113.62,Australia,Digital Wallet
507599,10908,2026-07-11,P1898,Home & Kitchen,5,197.17,17.0,818.26,Pakistan,Cash on Delivery
502540,10294,2026-07-22,P7995,Home & Kitchen,3,349.89,15.5,886.97,Pakistan,Debit Card
505746,10683,2026-08-01,P4480,Beauty,5,146.21,10.4,655.02,Australia,Cash on Delivery
508526,11015,2026-07-15,P2220,Home & Kitchen,1,79.72,23.7,60.83,Pakistan,Cash on Delivery
509566,11141,2026-08-05,P4744,Clothing,1,70.74,27.3,51.43,United Kingdom,Cash on Delivery
503742,10435,2026-08-14,P9513,Clothing,7,152.63,14.7,911.35,United Kingdom,Cash on Delivery
507498,10898,2026-01-28,P7333,Electronics,1,404.48,13.4,350.28,United Kingdom,Debit Card
503524,10415,2026-05-06,P1221,,3,170.68,23.9,389.66,Pakistan,Digital Wallet
500020,10002,2026-02-20,P4262,Books,3,37.0,23.3,85.14,United States,Cash on Delivery
501915,10216,2026-07-19,P5872,Electronics,4,304.23,18.7,989.36,Pakistan,Debit Card
506571,10784,2026-06-12,P4522,Books,1,27.93,17.2,23.13,United States,Credit Card
509018,11071,2026-08-04,P7773,Clothing,5,129.53,4.3,619.8,Pakistan,Credit Card
502012,10226,2026-07-30,P7878,Clothing,2,27.2,3.7,52.39,United States,Credit Card
505405,10640,2026-04-18,P7583,Clothing,3,26.34,8.7,72.15,Canada,Digital Wallet
501295,10144,2026-04-21,P6701,Beauty,4,140.99,8.0,518.84,Pakistan,Bank Transfer
503745,10436,2026-04-23,P8057,Electronics,2,446.74,19.5,719.25,United Kingdom,Credit Card
500591,10065,2026-07-07,P2079,Electronics,5,472.99,12.9,2059.87,United States,Bank Transfer
501406,10153,2026-08-13,P2235,Beauty,4,134.96,14.9,459.4,Australia,Digital Wallet
500221,10023,2026-08-01,P8124,Clothing,4,148.83,2.1,582.82,Pakistan,Debit Card
505617,10667,2026-06-07,P1355,Accessories,1,19.28,9.9,17.37,United States,Cash on Delivery
506248,10746,2026-04-10,P5944,Clothing,3,75.68,4.3,217.28,United States,Bank Transfer
504418,10520,2026-04-12,P7765,Books,5,44.41,20.5,176.53,Canada,Debit Card
500858,10091,2026-07-23,P9096,Clothing,7,26.28,1.8,180.65,Pakistan,Bank Transfer
501783,10197,2026-06-14,P2855,Beauty,2,145.99,25.5,217.53,United Kingdom,Cash on Delivery
507259,10874,2026-06-02,P8655,Clothing,1,69.69,19.0,56.45,Pakistan,Cash on Delivery
506856,10823,2026-06-06,P9624,Clothing,1,122.44,5.9,115.22,Pakistan,Cash on Delivery
501954,10220,2026-06-12,P1975,Home & Kitchen,1,174.22,22.6,134.85,Pakistan,Debit Card
501746,10191,2026-08-13,P2443,Accessories,4,29.37,9.6,106.2,Pakistan,Digital Wallet
503132,10371,2026-06-17,P9922,Electronics,7,184.05,7.7,1189.15,Pakistan,Cash on Delivery
508036,10961,2026-07-17,P1112,Home & Kitchen,2,344.5,3.4,665.57,Pakistan,Debit Card
508850,11051,2025-10-03,P6471,Clothing,3,121.85,7.8,337.04,Pakistan,Digital Wallet
500994,10105,2025-08-12,P4783,Accessories,3,88.9,4.2,255.5,Pakistan,Credit Card
506108,10729,2026-07-14,P5971,Sports,3,133.45,7.3,371.12,United Kingdom,Credit Card
500730,10076,2026-08-04,P4259,Sports,3,237.09,27.1,518.52,Pakistan,Debit Card
506974,10836,2025-10-23,P1012,Clothing,1,70.25,3.1,68.07,United States,Digital Wallet
506273,10751,2026-07-05,P6463,Beauty,4,119.45,7.6,441.49,Pakistan,Debit Card
506751,10813,2026-07-30,P8143,Home & Kitchen,6,125.46,5.6,710.61,Pakistan,Bank Transfer
503509,10411,2026-07-27,P9553,Sports,4,153.99,8.6,562.99,Pakistan,Digital Wallet
503533,10416,2026-05-02,P7521,Clothing,1,88.4,24.0,67.18,,Bank Transfer
502513,10292,2026-08-09,P7436,Electronics,7,625.9,10.0,3943.17,Australia,Credit Card
505436,10642,2026-07-05,P4154,Accessories,4,62.33,0.7,247.57,Pakistan,Bank Transfer
503625,10425,2026-07-08,P9526,Accessories,7,66.08,15.0,393.18,Pakistan,Credit Card
500465,10052,2026-07-08,P8297,Clothing,3,35.96,15.4,91.27,United States,Credit Card
506755,10813,2026-08-09,P7404,Books,7,23.85,5.0,158.6,Australia,Digital Wallet
506759,10813,2026-08-14,P7052,Sports,2,64.39,8.8,117.45,Pakistan,Debit Card
507991,10958,2026-08-07,P9127,Books,7,10.65,4.2,71.42,United Kingdom,Debit Card
500157,10016,2026-07-22,P8297,Sports,2,180.62,8.2,331.62,Pakistan,Digital Wallet
503960,10458,2026-01-22,P6212,Electronics,2,463.04,7.0,861.25,Pakistan,Bank Transfer
508832,11049,2026-04-01,P2382,Clothing,3,25.64,19.2,62.15,Pakistan,Credit Card
505470,10645,2026-07-18,P7197,Home & Kitchen,4,76.76,4.2,294.14,United Kingdom,Credit Card
500185,10020,2026-06-10,P3601,Home & Kitchen,3,170.37,22.6,395.6,United Kingdom,Credit Card
501002,10106,2026-06-25,P2792,Electronics,4,100.13,3.3,387.3,Pakistan,Bank Transfer
509508,11133,2026-07-25,P1994,Clothing,6,110.84,4.9,632.45,Pakistan,Debit Card
505623,10667,2026-08-05,P8335,Home & Kitchen,2,80.81,14.2,138.67,Pakistan,Cash on Delivery
500400,10043,2026-07-01,P1823,Accessories,2,36.12,10.8,64.44,United Kingdom,Digital Wallet
506240,10745,2026-05-03,P5418,Clothing,4,136.42,11.2,484.56,Pakistan,Bank Transfer
508940,11067,2026-07-23,P2109,Home & Kitchen,2,115.34,6.3,216.15,United Kingdom,Debit Card
509932,11193,2026-07-13,P1650,Electronics,1,141.24,8.3,129.52,Australia,Debit Card
507342,10883,2026-07-13,P3639,Accessories,5,103.81,1.7,510.23,Australia,Debit Card
509832,11179,2026-06-28,P8727,Home & Kitchen,1,287.61,20.5,228.65,Pakistan,Credit Card
508466,11009,2026-06-01,P3371,Beauty,1,143.02,6.2,134.15,Pakistan,Bank Transfer
508756,11040,2026-06-11,P4905,Electronics,4,84.01,10.5,300.76,Pakistan,Digital Wallet
507958,10953,2026-06-02,P5171,Beauty,5,99.96,24.9,375.35,Pakistan,Debit Card
501250,10136,2026-07-11,P4480,Books,2,22.91,2.3,44.77,United Kingdom,Bank Transfer
503143,10372,2026-07-16,P3256,Beauty,7,118.93,9.9,750.09,United States,Debit Card
507430,10890,2026-05-18,P1216,Sports,1,243.74,0.4,242.77,Australia,Credit Card
500059,10007,2026-07-12,P9849,Electronics,3,368.06,4.7,1052.28,Pakistan,Debit Card
507855,10939,2026-07-15,P4508,Electronics,2,618.83,5.7,1167.11,Canada,Debit Card
501113,10123,2026-06-29,P8040,Beauty,1,22.2,2.8,21.58,United Kingdom,Digital Wallet
503057,10361,2026-07-29,P8998,Electronics,5,275.58,17.9,1131.26,Pakistan,Cash on Delivery
509569,11142,2026-05-29,P6161,Books,4,47.39,15.7,159.8,Australia,Cash on Delivery
501328,10146,2026-07-25,P4476,Clothing,6,147.45,2.9,859.04,Australia,Debit Card
504995,10593,2026-07-23,P1357,Home & Kitchen,4,150.46,23.4,461.01,Pakistan,Debit Card
506682,10802,2026-07-30,P2393,Books,1,17.39,16.3,14.56,United Kingdom,Bank Transfer
502072,10236,2026-04-03,P9527,Sports,2,100.81,19.9,161.5,United Kingdom,Digital Wallet
504793,10573,2026-07-22,P6707,Home & Kitchen,1,151.52,8.9,138.03,Pakistan,Cash on Delivery
506829,10822,2026-08-02,P7165,Clothing,7,94.06,9.6,595.21,United States,Digital Wallet
509629,11156,2026-04-09,P2469,Sports,2,107.98,40.6,128.28,Canada,Cash on Delivery
508218,10981,2026-08-12,P8917,Clothing,5,158.4,15.4,670.03,Pakistan,Debit Card
507567,10902,2026-08-14,P9846,Accessories,2,57.27,5.0,108.81,United States,Bank Transfer
505922,10705,2026-08-09,P9295,Electronics,7,533.14,10.4,3343.85,United Kingdom,Credit Card
501550,10169,2026-06-28,P5635,Clothing,5,52.42,9.7,236.68,Pakistan,Debit Card
501009,10108,2026-05-14,P6869,Beauty,1,102.93,37.6,64.23,Pakistan,Digital Wallet
503755,10437,2026-06-10,P5556,Clothing,3,70.53,5.5,199.95,Pakistan,Credit Card
508681,11034,2026-08-15,P6966,Books,2,13.73,3.8,26.42,Pakistan,Credit Card
509342,11111,2026-07-03,P7976,Electronics,1,130.57,21.6,102.37,Pakistan,Cash on Delivery
508009,10959,2026-05-29,P2202,Electronics,4,308.31,7.0,1146.91,United Kingdom,Cash on Delivery
503860,10445,2026-06-30,P2904,Electronics,1,575.34,28.5,411.37,Pakistan,Credit Card
503148,10372,2026-07-29,P4403,Home & Kitchen,5,43.42,1.9,212.98,Pakistan,Digital Wallet
502519,10292,2026-08-14,P6400,Clothing,6,105.73,10.6,567.14,Canada,Bank Transfer
503127,10370,2026-07-28,P8578,Home & Kitchen,3,207.78,7.9,574.1,Australia,Digital Wallet
509084,11078,2026-02-18,P1645,Accessories,2,92.82,4.2,177.84,Pakistan,Cash on Delivery
505316,10628,2026-05-26,P8315,Electronics,1,288.15,36.3,183.55,Pakistan,Debit Card
501195,10131,2026-04-14,P3021,Electronics,1,123.2,15.3,104.35,United Kingdom,Credit Card
509050,11074,2026-06-21,P8261,Beauty,4,118.3,8.9,431.09,United Kingdom,Cash on Delivery
500879,10093,2026-06-13,P2080,Home & Kitchen,3,127.54,33.8,253.29,Australia,Cash on Delivery
506989,10838,2026-08-11,P1270,Electronics,4,552.25,15.4,1868.81,Pakistan,Bank Transfer
502487,10291,2026-06-11,P9525,Clothing,4,139.71,14.7,476.69,Pakistan,Cash on Delivery
502840,10333,2026-08-10,P6056,Sports,7,172.39,6.6,1127.09,Pakistan,Bank Transfer
504329,10510,2026-06-02,P9929,Beauty,3,47.88,26.3,105.86,Pakistan,Cash on Delivery
502930,10340,2026-07-24,P7634,Electronics,7,440.12,7.0,2865.18,Canada,Credit Card
506424,10770,2026-07-10,P3528,Clothing,3,87.33,38.3,161.65,Pakistan,Bank Transfer
502485,10291,2026-06-08,P4254,Home & Kitchen,4,100.49,9.9,362.17,United States,Digital Wallet
505747,10684,2026-01-15,P4846,Home & Kitchen,2,52.92,0.7,105.1,Australia,Digital Wallet
500883,10093,2026-08-10,P7229,Accessories,2,23.07,19.7,37.05,United States,Credit Card
504914,10588,2026-07-11,P6909,Home & Kitchen,5,56.69,9.0,257.94,United Kingdom,Credit Card
506210,10740,2026-08-15,P7941,,2,13.9,1.4,27.41,Pakistan,Digital Wallet
509578,11143,2026-04-03,P1792,Home & Kitchen,2,106.57,9.6,192.68,United Kingdom,Credit Card
500211,10022,2026-08-10,P8067,Home & Kitchen,5,182.03,14.4,779.09,United Kingdom,Debit Card
502275,10262,2026-04-04,P5065,Sports,1,106.64,2.3,104.19,United Kingdom,Cash on Delivery
502328,10270,2026-07-19,P2309,Electronics,5,603.09,24.7,2270.63,Canada,Bank Transfer
504950,10589,2026-08-15,P1543,Beauty,7,129.01,0.1,902.17,Pakistan,Digital Wallet
503319,10387,2026-08-07,P6402,Beauty,5,84.69,17.0,351.46,United Kingdom,Cash on Delivery
509834,11179,2026-07-15,P8836,Books,3,66.5,15.8,167.98,United Kingdom,Cash on Delivery
504607,10548,2026-04-18,P2768,Sports,1,117.86,10.4,105.6,United States,Digital Wallet
501438,10158,2026-07-17,P9046,Clothing,1,88.2,36.0,56.45,United Kingdom,Cash on Delivery
500467,10052,2026-07-19,P1583,Accessories,2,116.23,22.0,181.32,Pakistan,Debit Card
505466,10645,2026-07-13,P3697,Electronics,3,670.02,10.2,1805.03,Pakistan,Debit Card
503329,10389,2026-07-04,P8279,Electronics,2,175.62,40.3,209.69,Pakistan,Debit Card
505828,10695,2026-08-14,P4553,Electronics,5,464.44,6.3,2175.9,Pakistan,Bank Transfer
508607,11028,2026-07-26,P6990,Clothing,2,155.89,44.5,173.04,Canada,Digital Wallet
500696,10073,2026-07-21,P7487,Books,6,72.7,14.1,374.7,Pakistan,Bank Transfer
507267,10875,2026-08-06,P9976,Clothing,5,111.59,11.3,494.9,United States,Debit Card
509144,11085,2026-02-17,P8912,Electronics,2,566.99,17.5,935.53,United Kingdom,Cash on Delivery
508180,10978,2026-06-16,P4262,Accessories,3,21.13,0.3,63.2,Pakistan,Digital Wallet
509938,11195,2026-06-17,P5504,Electronics,5,434.3,11.0,1932.63,Canada,Debit Card
501314,10145,2026-08-04,P8607,Electronics,5,355.52,7.8,1638.95,Pakistan,Debit Card
502301,10266,2026-07-30,P1232,Books,2,9.61,16.6,16.03,Pakistan,Debit Card
502039,10231,2026-03-14,P8260,Electronics,3,329.04,23.6,754.16,Pakistan,Credit Card
507108,10855,2026-07-08,P8290,Clothing,4,47.47,19.8,152.28,Pakistan,Cash on Delivery
503666,10430,2026-08-09,P9197,Home & Kitchen,6,211.96,6.0,1195.45,Pakistan,Digital Wallet
500914,10099,2026-07-12,P4460,Electronics,7,291.43,11.6,1803.37,United Kingdom,Credit Card
500012,10001,2026-08-11,P9828,Beauty,4,44.66,20.7,141.66,Pakistan,Bank Transfer
508583,11022,2026-06-09,P7383,Home & Kitchen,2,83.54,17.2,138.34,Canada,Debit Card
506427,10771,2026-07-12,P2405,Accessories,6,48.67,11.8,257.56,Pakistan,Cash on Delivery
501536,10168,2026-06-10,P1360,Home & Kitchen,1,200.66,11.5,177.58,Canada,Debit Card
500736,10077,2026-06-01,P9776,Accessories,3,103.11,31.7,211.27,Pakistan,Digital Wallet
508201,10979,2026-05-24,P3064,Home & Kitchen,3,333.55,5.9,941.61,Pakistan,Bank Transfer
508652,11033,2026-06-23,P5076,Clothing,3,42.67,15.0,108.81,United Kingdom,Credit Card
500453,10050,2026-08-14,P3261,Books,3,13.44,18.6,32.82,Pakistan,Debit Card
504345,10514,2025-11-25,P4494,Sports,2,71.12,20.0,113.79,Pakistan,Cash on Delivery
500927,10100,2026-07-17,P9660,Home & Kitchen,6,86.78,4.2,498.81,Pakistan,Bank Transfer
506291,10753,2026-03-23,P3252,Clothing,2,66.97,19.3,108.09,United Kingdom,Debit Card
508281,10985,2026-04-14,P2252,Clothing,1,76.38,27.3,55.53,United States,Bank Transfer
508722,11038,2026-06-27,P6395,Accessories,3,55.47,22.2,129.47,Canada,Bank Transfer
506473,10774,2026-03-15,P2276,Clothing,5,135.81,10.0,611.14,United States,Credit Card
500037,10005,2026-07-30,P4358,Clothing,4,79.6,5.0,302.48,Pakistan,Bank Transfer
505770,10688,2026-07-31,P7550,Accessories,4,74.14,20.8,234.88,Canada,Bank Transfer
502554,10296,2026-03-21,P9151,Electronics,3,506.47,23.0,1169.95,Pakistan,Digital Wallet
507632,10911,2026-07-22,P5832,Home & Kitchen,2,48.28,14.3,82.75,United Kingdom,Debit Card
509998,11200,2026-07-30,P1055,Home & Kitchen,7,101.27,12.9,617.44,Pakistan,Bank Transfer
506620,10793,2026-03-02,P3708,Electronics,1,688.7,21.8,538.56,United Kingdom,Bank Transfer
500940,10100,2026-08-07,P8962,Books,4,49.8,5.2,188.84,Pakistan,Credit Card
507398,10887,2026-06-25,P3609,Books,2,24.24,6.9,45.13,United States,Debit Card
506128,10731,2026-08-08,P2992,Accessories,5,86.05,18.8,349.36,United States,Digital Wallet
509829,11179,2026-04-28,P1022,Electronics,3,328.92,31.3,677.9,Canada,Bank Transfer
502680,10312,2026-07-20,P5320,Accessories,6,27.54,11.8,145.74,Pakistan,Credit Card
504354,10515,2026-08-02,P9001,Clothing,2,163.88,7.0,304.82,United Kingdom,Bank Transfer
503058,10361,2026-07-30,P7187,Electronics,5,97.48,16.3,407.95,Pakistan,Cash on Delivery
507880,10941,2026-07-11,P1228,Beauty,1,128.45,13.0,111.75,Pakistan,Debit Card
500738,10077,2026-07-29,P1185,Beauty,1,78.69,18.5,64.13,Pakistan,Cash on Delivery
500538,10061,2026-06-23,P2025,Sports,1,59.68,14.5,51.03,Pakistan,Cash on Delivery
503325,10388,2026-07-12,P4429,Clothing,3,161.31,17.3,400.21,United Kingdom,Digital Wallet
504239,10493,2026-08-01,P7339,Clothing,2,66.27,6.3,124.19,United Kingdom,Bank Transfer
501400,10153,2026-07-26,P3811,Home & Kitchen,4,202.11,8.9,736.49,Pakistan,Debit Card
504046,10464,2026-02-06,P3535,Electronics,1,392.38,11.9,345.69,Pakistan,Credit Card
505137,10608,2026-05-10,P7786,Beauty,4,37.21,5.7,140.36,Pakistan,Credit Card
504229,10493,2026-03-20,P2799,Home & Kitchen,3,185.4,13.0,483.89,Australia,Cash on Delivery
504191,10484,2026-06-30,P5385,Home & Kitchen,1,245.45,2.2,240.05,Canada,Cash on Delivery
509142,11084,2026-01-13,P7013,Accessories,2,61.14,19.6,98.31,Pakistan,Debit Card
505538,10656,2026-06-20,P9077,Clothing,4,143.75,3.5,554.88,Canada,Digital Wallet
502692,10313,2026-07-29,P5324,Clothing,7,127.23,10.3,798.88,United Kingdom,Bank Transfer
505340,10630,2026-08-10,P2137,Electronics,4,627.55,1.3,2477.57,United Kingdom,Digital Wallet
509917,11191,2026-08-01,P6722,Electronics,5,534.34,11.9,2353.77,United States,Digital Wallet
507670,10918,2026-01-27,P8893,Home & Kitchen,2,163.9,4.9,311.74,Pakistan,Cash on Delivery
509173,11090,2026-07-23,P4267,Books,5,64.59,20.4,257.07,Canada,Digital Wallet
501807,10202,2026-06-22,P5006,Clothing,2,38.63,8.6,70.62,Pakistan,Cash on Delivery
505111,10605,2026-07-06,P5223,Sports,6,110.96,2.0,652.44,Pakistan,Cash on Delivery
503989,10460,2026-07-23,P1293,Accessories,2,15.19,6.8,28.31,Australia,Debit Card
503455,10406,2026-02-13,P8824,Home & Kitchen,2,31.97,5.3,60.55,Pakistan,Credit Card
502907,10337,2026-02-07,P3424,Sports,3,166.49,23.5,382.09,Pakistan,Debit Card
506651,10799,2026-06-14,P3369,Beauty,2,140.21,4.5,267.8,Australia,Credit Card
508287,10985,2026-06-25,P2740,Electronics,3,272.17,42.1,472.76,Pakistan,Digital Wallet
506244,10746,2025-07-14,P9961,Electronics,1,515.87,20.4,410.63,Pakistan,Digital Wallet
502697,10313,2026-08-03,P5945,Home & Kitchen,4,305.45,12.8,1065.41,Pakistan,Cash on Delivery
504016,10461,2026-06-27,P9807,Sports,6,47.28,6.3,265.81,Pakistan,Cash on Delivery
504339,10512,2026-06-02,P2294,Accessories,1,62.32,14.7,53.16,United States,Cash on Delivery
504645,10557,2026-08-02,P8708,Beauty,3,110.95,5.9,313.21,Pakistan,Cash on Delivery
507739,10926,2026-08-14,P1661,Sports,6,156.82,6.1,883.52,Australia,Bank Transfer
507091,10853,2026-07-12,P4295,Sports,3,146.42,9.2,398.85,Canada,Credit Card
504692,10561,2026-08-03,P2699,Clothing,2,171.09,25.6,254.58,Australia,Digital Wallet
501739,10191,2026-08-11,P5385,Clothing,3,59.58,3.2,173.02,Canada,Bank Transfer
505406,10640,2026-04-21,P6394,Clothing,5,161.14,12.5,704.99,Pakistan,Credit Card
504588,10545,2026-06-30,P7327,Clothing,3,42.02,18.1,103.24,Pakistan,Digital Wallet
503125,10370,2026-07-28,P4685,Home & Kitchen,3,128.36,8.5,352.35,Pakistan,Digital Wallet
502157,10247,2026-05-25,P8938,Clothing,2,132.8,12.1,233.46,Australia,Digital Wallet
505333,10629,2026-08-12,P3594,Home & Kitchen,2,341.98,9.8,616.93,Pakistan,Debit Card
508636,11031,2026-07-05,P7621,Books,5,67.34,13.9,289.9,Pakistan,Credit Card
501825,10205,2026-05-05,P9692,Books,3,18.27,21.5,43.03,United States,Bank Transfer
504230,10493,2026-03-22,P3420,Electronics,1,467.47,4.7,445.5,Canada,Cash on Delivery
503487,10408,2026-08-13,P7546,Clothing,5,53.98,10.3,242.1,Pakistan,Debit Card
509053,11074,2026-07-04,P9820,Beauty,7,30.02,1.0,208.04,Pakistan,Credit Card
509768,11170,2026-06-20,P5134,Electronics,4,220.66,3.5,851.75,Pakistan,Debit Card
503647,10429,2026-06-22,P9524,Home & Kitchen,5,172.71,8.2,792.74,Pakistan,Digital Wallet
505902,10704,2026-07-25,P1972,Clothing,6,109.82,5.5,622.68,United States,Bank Transfer
506385,10765,2026-08-10,P9192,Electronics,6,340.34,7.9,1880.72,Pakistan,Bank Transfer
505638,10669,2026-06-16,P2140,Home & Kitchen,4,174.66,23.5,534.46,United Kingdom,Digital Wallet
506423,10770,2026-07-02,P6059,Sports,3,182.65,26.9,400.55,Canada,Credit Card
507826,10937,2026-07-08,P7446,Beauty,2,108.2,14.5,185.02,Canada,Cash on Delivery
507743,10926,2026-08-15,P9730,Electronics,5,93.47,5.5,441.65,Canada,Digital Wallet
503012,10354,2026-07-23,P8569,Sports,5,190.33,13.5,823.18,Pakistan,Bank Transfer
507671,10918,2026-02-12,P1139,Accessories,2,43.76,9.1,79.56,United States,Credit Card
509548,11137,2026-01-09,P5125,Home & Kitchen,1,264.25,1.1,261.34,Pakistan,Credit Card
509977,11199,2026-07-11,P6540,Accessories,3,33.82,31.6,69.4,Australia,Debit Card
503080,10365,2025-10-05,P7254,Clothing,2,20.27,22.4,31.46,United Kingdom,Debit Card
503520,10414,2026-03-20,P3613,Clothing,2,128.05,14.0,220.25,United Kingdom,Bank Transfer
504978,10591,2026-08-13,P2961,Electronics,4,101.74,0.9,403.3,Pakistan,Cash on Delivery
507619,10909,2026-08-15,P3007,Books,3,76.0,12.6,199.27,Pakistan,Cash on Delivery
504347,10514,2026-02-26,P4343,Sports,3,92.56,10.6,248.25,United States,Digital Wallet
508440,11005,2026-04-20,P5893,Electronics,1,88.79,44.2,49.54,United Kingdom,Digital Wallet
501346,10149,2026-05-31,P1792,Home & Kitchen,7,345.68,12.6,2114.87,Pakistan,Bank Transfer
507087,10853,2026-04-25,P8242,Electronics,4,184.47,18.2,603.59,United States,Cash on Delivery
508947,11067,2026-08-14,P8677,Home & Kitchen,3,94.79,1.7,279.54,United Kingdom,Cash on Delivery
505651,10671,2026-08-02,P6927,Clothing,3,91.34,18.5,223.33,United Kingdom,Cash on Delivery
508081,10966,2026-05-08,P4041,Sports,5,244.24,1.9,1198.0,Pakistan,Bank Transfer
501791,10198,2026-03-16,P4963,Electronics,3,235.85,21.1,558.26,United Kingdom,Digital Wallet
507428,10890,2026-05-06,P9076,Beauty,2,43.97,5.6,83.02,United States,Debit Card
509579,11143,2026-06-10,P4552,Home & Kitchen,1,299.68,21.3,235.85,United Kingdom,Credit Card
509959,11196,2025-09-21,P8624,Sports,3,112.49,6.0,317.22,Pakistan,Debit Card
502270,10261,2026-04-15,P4509,Home & Kitchen,1,333.99,2.6,325.31,Pakistan,Credit Card
509766,11170,2026-05-25,P1040,Electronics,5,546.76,16.9,2271.79,Pakistan,Cash on Delivery
502955,10345,2026-06-03,P1958,Accessories,3,103.92,6.8,290.56,United Kingdom,Bank Transfer
503443,10405,2026-05-24,P1117,Clothing,5,91.23,18.0,374.04,United States,Digital Wallet
507735,10926,2026-08-13,P2349,Accessories,5,42.06,5.8,198.1,Pakistan,Bank Transfer
500833,10087,2026-07-12,P2773,Electronics,2,149.59,15.2,253.7,United States,Credit Card
506498,10776,2026-06-17,P3658,Home & Kitchen,3,105.42,5.4,299.18,Pakistan,Digital Wallet
502991,10348,2026-08-14,P9676,Home & Kitchen,5,142.49,14.3,610.57,Pakistan,Bank Transfer
507792,10935,2026-06-06,P2898,Books,2,75.25,0.2,150.2,Pakistan,Digital Wallet
502150,10245,2026-08-10,P3559,Books,6,30.42,2.0,178.87,Pakistan,Digital Wallet
504022,10461,2026-07-21,P5489,Accessories,7,102.6,5.7,677.26,Pakistan,Digital Wallet
507614,10909,2026-08-01,P4594,Electronics,1,348.99,7.4,323.16,United States,Bank Transfer
506123,10731,2026-07-26,P2308,Clothing,1,72.65,1.0,71.92,Pakistan,Bank Transfer
503338,10390,2026-06-23,P1542,Home & Kitchen,3,258.1,38.9,473.1,United Kingdom,Bank Transfer
504343,10514,2025-11-01,P9116,Home & Kitchen,3,231.18,22.2,539.57,Pakistan,Digital Wallet
504463,10525,2026-06-23,P1118,Accessories,3,14.06,17.1,34.97,Canada,Digital Wallet
502375,10278,2026-02-19,P7937,Home & Kitchen,3,189.55,6.9,529.41,Pakistan,Debit Card
509043,11073,2026-08-03,P8827,Home & Kitchen,5,253.84,6.3,1189.24,Canada,Digital Wallet
505570,10659,2025-10-25,P4835,Home & Kitchen,2,304.12,16.2,509.71,United Kingdom,Digital Wallet
508598,11028,2026-06-04,P1308,Home & Kitchen,3,181.08,19.6,436.76,Australia,Cash on Delivery
508503,11014,2026-07-11,P4560,Accessories,5,112.63,7.1,523.17,Pakistan,Debit Card
508879,11056,2026-07-14,P7173,Clothing,4,171.64,8.5,628.2,Australia,Bank Transfer
501886,10210,2026-07-01,P1988,Electronics,3,590.05,14.3,1517.02,Pakistan,Digital Wallet
501197,10131,2026-05-15,P2425,Clothing,2,163.99,16.5,273.86,Pakistan,Bank Transfer
506426,10770,2026-07-30,P5488,Accessories,2,68.14,37.8,84.77,Pakistan,Debit Card
508910,11062,2026-02-17,P9131,Clothing,2,105.81,4.5,202.1,United States,Cash on Delivery
502935,10340,2026-07-31,P1852,Home & Kitchen,5,169.47,11.3,751.6,Pakistan,Credit Card
506341,10761,2026-07-01,P8242,Accessories,1,92.66,8.6,84.69,United Kingdom,Debit Card
501429,10156,2026-08-14,P6392,Sports,3,205.67,6.6,576.29,Pakistan,Bank Transfer
506306,10755,2026-06-16,P6000,Electronics,3,362.99,12.5,952.85,Pakistan,Cash on Delivery
503649,10429,2026-07-03,P1096,Electronics,5,355.12,3.6,1711.68,Pakistan,Cash on Delivery
501937,10217,2026-08-10,P4142,Accessories,2,50.83,0.7,100.95,Australia,Debit Card
505171,10611,2026-07-28,P8130,Sports,3,52.89,10.1,142.64,Australia,Debit Card
507763,10930,2026-08-06,P9342,Clothing,1,174.07,18.1,142.56,Canada,Credit Card
506392,10765,2026-08-15,P8315,Accessories,3,26.46,11.4,70.33,Canada,Bank Transfer
501153,10127,2026-05-06,P1952,Home & Kitchen,1,100.17,31.8,68.32,United States,Bank Transfer
506249,10747,2026-04-07,P6358,Beauty,5,73.84,24.7,278.01,Pakistan,Cash on Delivery
507036,10846,2026-05-03,P9488,Sports,2,228.71,13.8,394.3,United States,Debit Card
504228,10492,2026-07-24,P8150,Accessories,1,87.47,22.1,68.14,Pakistan,Cash on Delivery
504974,10591,2026-08-10,P8224,Sports,3,68.14,11.3,181.32,Pakistan,Bank Transfer
506400,10767,2026-07-17,P1893,Books,3,40.31,33.1,80.9,United Kingdom,Debit Card
503639,10425,2026-08-09,P7739,Accessories,3,97.72,12.0,257.98,United Kingdom,Credit Card
503971,10459,2026-08-09,P5780,Electronics,7,136.0,11.4,843.47,United Kingdom,Debit Card
509593,11147,2026-06-03,P4355,Sports,3,241.05,24.6,545.26,Pakistan,Credit Card
503375,10395,2026-07-29,P1155,Clothing,3,77.66,18.8,189.18,Pakistan,Cash on Delivery
502486,10291,2026-06-08,P7449,Accessories,6,64.74,3.9,373.29,Australia,Digital Wallet
506953,10833,2026-08-14,P8661,Electronics,4,427.65,3.3,1654.15,Canada,Debit Card
500605,10066,2026-02-17,P7884,Home & Kitchen,2,95.98,13.2,166.62,United States,Cash on Delivery
507443,10891,2026-07-04,P3809,Books,2,45.68,36.6,57.92,United Kingdom,Bank Transfer
505927,10705,2026-08-13,P7463,Clothing,3,87.38,7.1,243.53,United States,Credit Card
502453,10286,2026-07-03,P5472,Books,6,50.08,2.6,292.67,Pakistan,Credit Card
503608,10423,2026-08-01,P7579,Electronics,4,661.45,14.9,2251.58,United Kingdom,Digital Wallet
501483,10162,2026-03-03,P7104,Accessories,1,95.55,23.3,73.29,Canada,Digital Wallet
504518,10532,2025-12-25,P2626,Beauty,3,37.7,24.3,85.62,Canada,Cash on Delivery
503037,10357,2026-07-04,P7762,Sports,2,30.92,6.6,57.76,United States,Digital Wallet
509351,11112,2026-05-22,P7900,Clothing,2,94.46,22.2,146.98,Pakistan,Bank Transfer
507691,10920,2026-07-18,P4777,Home & Kitchen,7,56.93,13.3,345.51,Canada,Digital Wallet
504115,10471,2026-08-15,P8599,Clothing,7,78.73,13.0,479.47,Pakistan,Cash on Delivery
501426,10156,2026-07-30,P4577,Sports,2,96.6,14.4,165.38,Pakistan,Credit Card
500496,10057,2026-07-28,P6912,Accessories,6,119.65,12.9,625.29,Pakistan,Digital Wallet
503352,10394,2026-02-12,P4615,Clothing,2,151.35,21.8,236.71,Canada,Digital Wallet
508793,11045,2025-11-06,P3111,Electronics,1,456.49,14.8,388.93,Pakistan,Digital Wallet
500758,10079,2026-07-17,P7227,Books,5,74.91,21.6,293.65,United States,Digital Wallet
500837,10088,2025-12-30,P2513,Clothing,1,58.87,18.0,48.27,United Kingdom,Bank Transfer
504326,10509,2026-02-13,P5170,Home & Kitchen,2,270.2,19.6,434.48,Pakistan,Bank Transfer
502127,10244,2026-06-26,P5494,Sports,1,99.72,6.5,93.24,United States,Debit Card
501022,10109,2026-08-10,P6645,Beauty,2,28.12,16.9,46.74,Australia,Debit Card
508761,11040,2026-07-09,P1659,Clothing,1,62.17,1.0,61.55,United States,Cash on Delivery
505613,10666,2026-08-10,P5419,Books,4,43.9,7.9,161.73,United Kingdom,Digital Wallet
505580,10661,2026-07-22,P8280,Home & Kitchen,5,102.6,15.8,431.95,Pakistan,Bank Transfer
501057,10114,2026-06-19,P6637,Books,3,60.66,44.8,100.45,Pakistan,Credit Card
509541,11136,2026-07-05,P1608,Accessories,2,74.29,10.9,132.38,United States,Digital Wallet
506855,10823,2026-04-29,P7094,Sports,4,128.15,18.9,415.72,United Kingdom,Credit Card
507348,10883,2026-07-21,P5182,Beauty,4,65.35,9.9,235.52,Pakistan,Cash on Delivery
509044,11073,2026-08-04,P8736,Electronics,6,97.72,7.0,545.28,United Kingdom,Credit Card
502128,10244,2026-06-30,P8228,Clothing,5,143.67,4.7,684.59,Pakistan,Credit Card
502766,10322,2026-06-13,P6192,Home & Kitchen,1,245.76,39.5,148.68,United Kingdom,Credit Card
502108,10239,2026-07-10,P8138,Sports,1,56.89,18.5,46.37,Australia,Cash on Delivery
503616,10424,2026-07-25,P5986,Books,3,28.21,22.4,65.67,United States,Digital Wallet
501544,10168,2026-08-05,P2948,Beauty,3,134.51,24.4,305.07,Pakistan,Digital Wallet
506913,10829,2026-06-10,P5445,Books,3,39.62,35.2,77.02,United States,Bank Transfer
501718,10188,2026-05-10,P1870,Sports,1,104.51,5.6,98.66,Pakistan,Credit Card
507434,10890,2026-07-09,P3915,Sports,5,182.17,21.8,712.28,United States,Cash on Delivery
507364,10884,2026-06-05,P6372,Electronics,4,86.85,12.4,304.32,Pakistan,Digital Wallet
506234,10743,2026-07-26,P4765,Accessories,1,75.28,28.6,53.75,United States,Cash on Delivery
500724,10076,2026-05-29,P5646,Home & Kitchen,3,249.7,24.5,565.57,Pakistan,Digital Wallet
506672,10802,2026-06-23,P4520,Home & Kitchen,2,81.41,10.4,145.89,United States,Debit Card
508028,10961,2026-06-11,P7445,Electronics,2,272.17,14.8,463.78,Pakistan,Debit Card
505491,10648,2026-07-22,P4532,Sports,1,166.8,18.0,136.78,Pakistan,Debit Card
501127,10124,2026-07-08,P3426,Sports,6,82.97,5.8,468.95,Canada,Cash on Delivery
502956,10345,2026-06-26,P8807,Electronics,2,416.73,18.6,678.44,Pakistan,Digital Wallet
505155,10609,2026-03-29,P7456,Electronics,2,640.87,24.8,963.87,Pakistan,Cash on Delivery
504816,10577,2026-07-31,P4277,Home & Kitchen,3,290.38,4.4,832.81,Pakistan,Digital Wallet
506201,10740,2026-07-26,P1976,Electronics,4,262.18,15.7,884.07,Australia,Debit Card
506223,10742,2026-08-12,P7748,Clothing,3,174.35,12.7,456.62,Pakistan,Cash on Delivery
508685,11035,2026-06-23,P5002,Electronics,5,596.01,6.0,2801.25,Pakistan,Cash on Delivery
507113,10855,2026-08-04,P8736,Clothing,1,160.08,7.7,147.75,Canada,Bank Transfer
505274,10622,2026-07-13,P4798,Clothing,3,156.49,4.5,448.34,Pakistan,Debit Card
508535,11017,2026-05-16,P6688,Home & Kitchen,2,40.97,15.3,69.4,Pakistan,Bank Transfer
503043,10357,2026-07-28,P1833,Books,3,18.66,5.5,52.9,Pakistan,Credit Card
506911,10829,2026-05-25,P4443,Books,2,69.25,36.6,87.81,Pakistan,Bank Transfer
500149,10015,2026-08-15,P1220,Clothing,4,23.61,3.0,91.61,United Kingdom,Debit Card
507573,10903,2026-08-02,P7836,Electronics,2,359.15,22.1,559.56,Pakistan,Digital Wallet
504205,10487,2026-07-24,P1984,Clothing,2,111.82,9.8,201.72,United States,Debit Card
505492,10648,2026-07-24,P2633,Books,1,48.25,9.4,43.71,Pakistan,Debit Card
502689,10312,2026-08-09,P8649,Clothing,6,21.83,10.9,116.7,Australia,Credit Card
504220,10491,2026-05-19,P7812,Electronics,1,256.4,16.7,213.58,Pakistan,Cash on Delivery
509101,11079,2026-08-11,P4700,Electronics,5,650.02,11.3,2882.84,Pakistan,Bank Transfer
500841,10088,2026-05-11,P9379,Electronics,3,210.44,8.7,576.4,United Kingdom,Debit Card
508136,10974,2026-07-23,P9647,,2,622.34,13.2,1080.38,Pakistan,Debit Card
506437,10771,2026-08-04,P9327,Sports,2,75.36,0.2,150.42,Pakistan,Digital Wallet
509699,11163,2026-05-24,P9451,Clothing,4,126.73,11.1,450.65,United Kingdom,Bank Transfer
506199,10740,2026-07-24,P1896,Accessories,4,106.46,21.3,335.14,United Kingdom,Cash on Delivery
502794,10326,2026-08-05,P6160,Home & Kitchen,2,204.35,26.0,302.44,Australia,Digital Wallet
507625,10910,2026-06-08,P3687,Home & Kitchen,3,130.43,2.7,380.73,Canada,Bank Transfer
508474,11010,2026-07-17,P2795,Home & Kitchen,1,251.75,8.2,231.11,United Kingdom,Credit Card
507889,10944,2026-03-28,P9391,Accessories,2,15.31,33.7,20.3,Pakistan,Digital Wallet
506607,10790,2026-04-11,P3604,Accessories,1,41.39,22.7,31.99,Pakistan,Bank Transfer
509194,11095,2026-06-07,P8206,Books,1,9.39,11.7,8.29,Pakistan,Cash on Delivery
508247,10983,2026-07-18,P1043,Home & Kitchen,2,163.03,7.7,300.95,Pakistan,Credit Card
501392,10153,2026-07-06,P3623,Electronics,2,611.6,10.5,1094.76,Pakistan,Bank Transfer
501921,10216,2026-08-08,P4676,Home & Kitchen,1,211.57,14.6,180.68,Pakistan,Cash on Delivery
507018,10843,2026-08-12,P6155,Clothing,2,31.67,17.7,52.13,Pakistan,Digital Wallet
503621,10425,2026-07-03,P1053,Home & Kitchen,4,69.5,8.8,253.54,Pakistan,Debit Card
504848,10583,2026-07-16,P5866,Electronics,1,468.22,12.4,410.16,United Kingdom,Cash on Delivery
502291,10263,2026-08-14,P2832,Electronics,4,215.68,10.0,776.45,United Kingdom,Debit Card
502133,10244,2026-07-29,P7609,Home & Kitchen,2,37.38,4.8,71.17,United States,Cash on Delivery
500550,10061,2026-07-25,P6901,Clothing,5,64.74,22.8,249.9,United States,Credit Card
501740,10191,2026-08-12,P3302,Home & Kitchen,7,289.16,4.6,1931.01,Pakistan,Cash on Delivery
505289,10624,2026-03-18,P9183,Beauty,2,134.86,23.3,206.88,Pakistan,Bank Transfer
501817,10202,2026-08-10,P8224,Clothing,2,55.42,14.7,94.55,United States,Credit Card
504698,10562,2026-07-25,P1497,Books,5,44.21,6.2,207.34,United States,Cash on Delivery
505181,10613,2026-02-28,P9962,Clothing,2,34.12,7.0,63.46,Pakistan,Digital Wallet
503018,10355,2026-06-03,P1034,Clothing,4,109.98,13.5,380.53,Pakistan,Bank Transfer
500017,10002,2026-01-21,P1446,Accessories,3,50.86,13.1,132.59,United Kingdom,Credit Card
501770,10196,2026-05-24,P8182,Books,1,12.32,5.0,11.7,United Kingdom,Bank Transfer
501888,10210,2026-07-06,P6752,Sports,4,175.24,6.4,656.1,United Kingdom,Digital Wallet
502152,10245,2026-08-14,P8456,Clothing,3,87.12,2.5,254.83,United States,Bank Transfer
501642,10180,2026-06-15,P2061,Sports,3,212.61,3.4,616.14,United Kingdom,Credit Card
507846,10939,2026-07-02,P6456,Electronics,7,612.4,12.9,3733.8,Canada,Bank Transfer
504193,10486,2026-02-08,P3848,Sports,2,177.84,18.3,290.59,Pakistan,Cash on Delivery
509432,11122,2026-03-20,P3297,Home & Kitchen,3,36.88,6.8,103.12,United Kingdom,Credit Card
508898,11059,2026-05-02,P3827,Clothing,3,117.17,24.8,264.34,Pakistan,Debit Card
500533,10060,2026-07-19,P4775,Home & Kitchen,3,276.62,9.1,754.34,Pakistan,Digital Wallet
500132,10014,2026-07-26,P6649,Sports,4,178.13,9.0,648.39,Australia,Digital Wallet
507722,10924,2026-08-03,P9713,Books,2,22.54,44.7,24.93,Pakistan,Digital Wallet
508458,11008,2026-06-21,P2140,Beauty,2,111.63,42.4,128.6,Australia,Bank Transfer
500964,10101,2026-07-30,P5993,Beauty,2,143.3,4.3,274.28,Australia,Bank Transfer
508719,11038,2026-05-19,P2132,Books,1,10.04,43.7,5.65,Australia,Credit Card
506412,10769,2026-07-01,P8893,Home & Kitchen,1,64.92,10.9,57.84,Canada,Debit Card
508285,10985,2026-06-09,P6590,Home & Kitchen,1,162.27,26.7,118.94,United Kingdom,Bank Transfer
507853,10939,2026-07-06,P6653,Accessories,4,48.11,14.6,164.34,Canada,Cash on Delivery
501095,10121,2026-01-30,P5177,Home & Kitchen,1,323.61,20.7,256.62,Canada,Bank Transfer
506929,10831,2026-07-17,P7880,Home & Kitchen,5,231.88,13.9,998.24,Pakistan,Credit Card
509254,11101,2026-08-08,P4713,Electronics,4,258.36,0.6,1027.24,Pakistan,Debit Card
501561,10169,2026-07-24,P6396,Home & Kitchen,7,90.21,5.4,597.37,Canada,Digital Wallet
501670,10182,2026-06-13,P6184,Books,6,43.36,11.5,230.24,Australia,Debit Card
506087,10727,2026-07-25,P3170,Beauty,4,124.53,3.1,482.68,Australia,Cash on Delivery
506669,10802,2026-06-16,P9648,Books,3,17.28,20.6,41.16,United States,Digital Wallet
505933,10706,2026-01-28,P1426,Clothing,3,72.88,15.4,184.97,Pakistan,Cash on Delivery
508829,11049,2026-01-08,P3075,Beauty,3,41.57,23.9,94.9,Pakistan,Credit Card
507945,10950,2026-07-11,P6648,Clothing,3,65.8,18.5,160.88,Pakistan,Credit Card
503508,10411,2026-07-26,P9982,Books,4,56.71,22.9,174.89,Pakistan,Digital Wallet
502002,10225,2026-08-13,P1788,Sports,2,223.47,8.4,409.4,Pakistan,Credit Card
505866,10702,2026-07-13,P6150,Beauty,7,141.89,6.9,924.7,Australia,Digital Wallet
500168,10017,2026-07-20,P9307,Beauty,5,77.22,24.5,291.51,Australia,Cash on Delivery
502588,10300,2026-08-08,P6767,Clothing,6,169.7,7.0,946.93,Australia,Digital Wallet
505905,10704,2026-08-04,P7517,Clothing,6,58.26,0.4,348.16,Canada,Cash on Delivery
509529,11134,2026-08-01,P1206,Books,5,68.03,16.7,283.34,Australia,Cash on Delivery
506384,10765,2026-08-09,P3030,Clothing,4,53.91,11.6,190.63,United Kingdom,Debit Card
507824,10937,2026-07-03,P7587,Clothing,4,78.9,10.4,282.78,Canada,Debit Card
509779,11172,2025-12-29,P7192,Electronics,2,127.87,11.5,226.33,Pakistan,Credit Card
504629,10553,2026-07-16,P5058,Sports,2,91.98,24.4,139.07,Pakistan,Debit Card
508560,11020,2026-07-31,P6313,Home & Kitchen,2,211.45,10.4,378.92,Pakistan,Debit Card
509291,11106,2026-08-02,P7201,Clothing,2,50.82,21.6,79.69,Australia,Bank Transfer
506874,10824,2026-08-09,P1780,Home & Kitchen,3,189.61,22.8,439.14,Pakistan,Cash on Delivery
506521,10777,2026-06-25,P3659,Home & Kitchen,3,273.39,1.0,811.97,Australia,Digital Wallet
508979,11069,2026-06-19,P7689,Electronics,1,527.51,21.3,415.15,United States,Bank Transfer
506647,10797,2026-03-01,P9669,Clothing,1,170.39,5.0,161.87,Pakistan,Debit Card
509825,11178,2026-08-12,P6971,Home & Kitchen,6,67.37,13.9,348.03,United Kingdom,Bank Transfer
500210,10022,2026-08-09,P2537,Electronics,4,315.9,14.5,1080.38,United States,Cash on Delivery
505278,10622,2026-08-14,P5542,Home & Kitchen,2,160.49,7.8,295.94,Pakistan,Credit Card
501919,10216,2026-08-05,P8445,Sports,1,122.5,10.8,109.27,United States,Bank Transfer
500718,10075,2026-06-19,P2734,Home & Kitchen,1,163.8,31.6,112.04,United Kingdom,Digital Wallet
504868,10586,2026-05-26,P4784,Home & Kitchen,2,92.7,12.6,162.04,Australia,Bank Transfer
507834,10937,2026-07-28,P7151,Electronics,6,593.33,8.7,3250.26,Pakistan,Cash on Delivery
501298,10144,2026-05-06,P9350,Beauty,3,76.43,11.2,203.61,Pakistan,Credit Card
509193,11095,2026-05-30,P8105,Electronics,1,117.49,15.4,99.4,Pakistan,Credit Card
504617,10550,2026-07-03,P9396,Accessories,1,99.22,24.3,75.11,USA,Credit Card
503128,10370,2026-07-29,P2709,Clothing,6,39.52,6.0,222.89,Pakistan,Cash on Delivery
509795,11175,2026-07-19,P4165,Accessories,2,59.21,2.3,115.7,Australia,Debit Card
503979,10459,2026-08-14,P9664,Accessories,6,34.54,12.5,181.34,United Kingdom,Credit Card
509924,11193,2026-05-01,P1879,Accessories,2,13.27,1.7,26.09,Pakistan,Bank Transfer
508317,10990,2026-07-06,P5548,Clothing,2,155.13,42.8,177.47,Pakistan,Cash on Delivery
504393,10517,2026-06-08,P7385,Clothing,1,121.28,2.7,118.01,United Kingdom,Bank Transfer
501287,10142,2026-08-12,P9715,Beauty,5,71.68,10.8,319.69,Pakistan,Cash on Delivery
504355,10515,2026-08-04,P9431,Accessories,4,77.03,9.2,279.77,Pakistan,Bank Transfer
507013,10843,2026-05-31,P3898,Home & Kitchen,1,84.34,6.5,78.86,Pakistan,Debit Card
503885,10449,2026-08-13,P4734,Sports,4,213.79,17.7,703.8,Pakistan,Cash on Delivery
505749,10684,2026-04-05,P5165,Books,1,49.71,21.5,39.02,United Kingdom,Debit Card
509169,11088,2026-07-24,P9329,Clothing,1,20.26,8.0,18.64,Australia,Debit Card
502407,10283,2026-06-17,P2106,Home & Kitchen,4,336.99,2.2,1318.3,Canada,Credit Card
502013,10226,2026-08-06,P6230,Electronics,3,185.49,8.0,511.95,Pakistan,Cash on Delivery
505153,10608,2026-08-15,P4059,Clothing,5,45.81,10.7,204.54,Pakistan,Digital Wallet
508551,11020,2026-07-18,P7946,Clothing,4,141.68,5.8,533.85,Pakistan,Debit Card
504376,10516,2026-08-05,P7416,Sports,7,213.23,9.6,1349.32,Pakistan,Digital Wallet
508822,11048,2026-08-12,P9075,Clothing,3,42.13,4.4,120.83,Australia,Digital Wallet
504273,10498,2026-08-07,P7275,Electronics,2,661.36,6.3,1239.39,Pakistan,Digital Wallet
505825,10695,2026-08-08,P1314,Books,4,35.41,0.9,140.37,United States,Debit Card
506699,10806,2026-05-31,P8125,Sports,3,72.75,15.1,185.29,United Kingdom,Credit Card
507243,10872,2026-05-05,P5776,Home & Kitchen,5,305.68,16.8,1271.63,Australia,Bank Transfer
500449,10050,2026-07-23,P1105,Clothing,2,97.17,16.5,162.27,Pakistan,Debit Card
502227,10255,2026-07-08,P4459,Clothing,2,38.98,20.8,61.74,United Kingdom,Cash on Delivery
505756,10686,2026-01-14,P9155,Electronics,2,527.14,19.6,847.64,Pakistan,Credit Card
500810,10084,2026-08-12,P6950,Clothing,4,75.98,8.3,278.69,Australia,Digital Wallet
504180,10481,2026-06-20,P8715,Books,3,50.55,1.9,148.77,United Kingdom,Digital Wallet
509000,11070,2026-07-19,P6243,Electronics,5,205.29,23.5,785.23,United Kingdom,Credit Card
505438,10642,2026-07-22,P8829,Accessories,2,109.93,1.7,216.12,Pakistan,Digital Wallet
507533,10900,2026-08-08,P4837,Clothing,2,115.36,9.3,209.26,Pakistan,Digital Wallet
506369,10763,2026-07-04,P6937,Clothing,4,170.37,24.8,512.47,Pakistan,Debit Card
508416,11002,2026-07-15,P3991,Accessories,2,65.02,6.2,121.98,United Kingdom,Debit Card
501477,10161,2026-07-05,P3253,Home & Kitchen,5,99.21,7.0,461.33,Pakistan,Credit Card
501790,10198,2026-02-25,P1201,Electronics,2,404.48,13.8,697.32,Pakistan,Cash on Delivery
502008,10226,2026-07-16,P2403,Beauty,4,24.14,22.1,75.22,United States,Bank Transfer
500682,10072,2026-06-24,P9562,Clothing,5,95.26,2.2,465.82,Australia,Bank Transfer
502816,10331,2026-04-25,P2934,Beauty,2,31.75,14.5,54.29,Pakistan,Cash on Delivery
509431,11122,2026-02-22,P7420,Home & Kitchen,3,94.83,17.1,235.84,United Kingdom,Credit Card
503774,10437,2026-07-29,P7172,Clothing,2,124.07,4.2,237.72,Pakistan,Cash on Delivery
506495,10776,2026-06-15,P7100,Clothing,5,47.15,12.4,206.52,Australia,Cash on Delivery
508878,11056,2026-07-14,P9604,Books,3,15.07,14.0,38.88,Canada,Credit Card
507361,10883,2026-08-12,P8992,Accessories,3,68.45,6.4,192.21,Australia,Bank Transfer
508366,10997,2026-02-18,P7743,Clothing,3,147.85,19.6,356.61,Canada,Credit Card
507474,10896,2026-06-24,P5125,Clothing,2,121.62,20.9,192.4,Canada,Cash on Delivery
500046,10006,2026-07-23,P1890,Sports,3,163.81,13.3,426.07,Pakistan,Debit Card
500030,10004,2026-07-07,P4303,Clothing,1,27.94,19.3,22.55,Australia,Cash on Delivery
508250,10983,2026-08-05,P5097,Books,4,11.64,10.5,41.67,Canada,Digital Wallet
506935,10833,2026-08-07,P6758,Sports,6,123.2,8.0,680.06,Pakistan,Digital Wallet
501468,10161,2026-05-11,P3177,Clothing,1,49.09,5.3,46.49,United Kingdom,Bank Transfer
501665,10181,2026-05-02,P2584,Electronics,2,445.4,9.1,809.74,United Kingdom,Bank Transfer
501416,10156,2026-05-22,P6818,Clothing,1,147.1,11.2,130.62,Pakistan,Debit Card
506480,10775,2026-04-12,P6503,Home & Kitchen,2,36.97,41.4,43.33,United Kingdom,Cash on Delivery
504852,10584,2026-06-04,P4316,Clothing,1,65.63,11.0,58.41,United Kingdom,Digital Wallet
502470,10287,2026-06-25,P3844,Clothing,2,41.61,24.3,63.0,United Kingdom,Bank Transfer
504373,10516,2026-08-02,P2874,Electronics,7,242.59,8.9,1547.0,Australia,Bank Transfer
508524,11015,2026-06-28,P2917,Home & Kitchen,3,207.19,25.9,460.58,Pakistan,Bank Transfer
500429,10047,2026-06-07,P9128,Beauty,2,82.88,18.6,134.93,United States,Credit Card
505244,10619,2026-07-22,P2693,Electronics,2,309.12,35.8,396.91,Pakistan,Bank Transfer
502119,10241,2025-10-25,P5320,Accessories,2,30.39,8.5,55.61,United States,Cash on Delivery
500385,10041,2026-08-01,P3001,Home & Kitchen,7,63.86,2.6,435.4,Australia,Debit Card
501945,10218,2026-07-09,P4336,Electronics,3,618.06,25.7,1377.66,Pakistan,Credit Card
504224,10491,2026-07-25,P4621,Clothing,3,43.89,15.5,111.26,Australia,Credit Card
500473,10054,2026-01-04,P8586,Clothing,1,134.42,4.5,128.37,United Kingdom,Bank Transfer
502129,10244,2026-07-05,P7054,Books,5,53.37,0.8,264.72,Pakistan,Cash on Delivery
506556,10782,2026-06-14,P2124,Clothing,2,108.04,12.5,189.07,United States,Debit Card
506998,10841,2026-06-29,P5609,Clothing,3,25.09,9.7,67.97,Pakistan,Debit Card
501055,10114,2026-06-09,P2896,Home & Kitchen,3,180.48,31.8,369.26,United Kingdom,Credit Card
503274,10381,2026-07-09,P5800,Accessories,2,93.0,14.2,159.59,Pakistan,Bank Transfer
504961,10590,2026-06-18,P9253,Sports,1,145.82,0.7,144.8,Pakistan,Cash on Delivery
505363,10634,2026-03-17,P5522,Accessories,1,91.82,20.9,72.63,Australia,Cash on Delivery
505816,10694,2026-08-14,P1197,Home & Kitchen,5,64.33,13.4,278.55,Pakistan,Digital Wallet
500811,10084,2026-08-12,P2028,Home & Kitchen,4,237.53,3.7,914.97,United Kingdom,Debit Card
504573,10542,2026-05-24,P5103,Clothing,1,84.44,1.4,83.26,United Kingdom,Credit Card
506137,10732,2026-08-02,P9208,Electronics,3,524.37,35.9,1008.36,United Kingdom,Digital Wallet
502388,10280,2026-06-29,P9604,Accessories,1,70.68,23.9,53.79,United Kingdom,Debit Card
509648,11160,2026-07-13,P7068,Sports,6,59.77,12.8,312.72,Pakistan,Cash on Delivery
506225,10743,2026-06-05,P1824,Home & Kitchen,1,141.22,23.9,107.47,Canada,Credit Card
500111,10012,2026-02-24,P8008,Clothing,1,112.76,9.4,102.16,Pakistan,Cash on Delivery
508909,11062,2025-10-28,P5763,Sports,2,169.41,18.6,275.8,United Kingdom,Debit Card
501745,10191,2026-08-13,P7794,Clothing,4,117.8,4.0,452.35,United Kingdom,Debit Card
507851,10939,2026-07-05,P4057,Accessories,5,80.46,8.9,366.5,Pakistan,Cash on Delivery
501452,10159,2026-08-04,P2258,Sports,5,192.14,2.0,941.49,Pakistan,Bank Transfer
500319,10032,2026-07-19,P4145,Home & Kitchen,4,99.68,7.8,367.62,United States,Debit Card
508593,11025,2025-11-27,P5793,Home & Kitchen,2,303.03,6.6,566.06,Pakistan,Digital Wallet
503333,10389,2026-07-15,P9303,Sports,1,174.4,24.1,132.37,United Kingdom,Bank Transfer
501922,10216,2026-08-12,P9247,Home & Kitchen,3,31.14,2.9,90.71,United States,Credit Card
505865,10702,2026-07-12,P3835,Home & Kitchen,6,334.0,12.7,1749.49,Canada,Digital Wallet
509528,11134,2026-07-15,P7324,Sports,4,53.82,20.0,172.22,Pakistan,Digital Wallet
503685,10431,2026-08-11,P9556,Home & Kitchen,7,58.37,12.2,358.74,United States,Bank Transfer
504275,10498,2026-08-08,P8432,Books,2,54.6,11.1,97.08,Pakistan,Cash on Delivery
504889,10587,2026-07-07,P2840,Home & Kitchen,3,122.58,7.4,340.53,United Kingdom,Bank Transfer
505225,10618,2026-08-05,P1595,Beauty,5,29.83,22.2,116.04,Pakistan,Bank Transfer
507472,10895,2026-02-24,P3248,Home & Kitchen,1,289.57,0.6,287.83,Pakistan,Debit Card
503605,10423,2026-07-21,P7868,Clothing,4,115.69,6.1,434.53,United Kingdom,Cash on Delivery
501052,10114,2026-05-24,P8595,Electronics,2,287.54,21.7,450.29,United Kingdom,Digital Wallet
504156,10476,2025-11-07,P4976,Home & Kitchen,1,134.7,21.7,105.47,United Kingdom,Debit Card
509676,11161,2026-07-10,P4497,Accessories,3,77.38,16.5,193.84,Pakistan,Credit Card
500099,10011,2026-08-14,P3240,Accessories,7,54.52,13.1,331.65,Australia,Cash on Delivery
507508,10899,2026-06-25,P4572,Books,6,10.42,7.3,57.96,Pakistan,Cash on Delivery
501456,10160,2025-12-21,P1724,Sports,3,113.84,25.0,256.14,Pakistan,Debit Card
507688,10920,2026-07-10,P8385,Accessories,7,114.85,13.5,695.42,Pakistan,Digital Wallet
504004,10460,2026-08-08,P6603,Home & Kitchen,7,83.61,0.1,584.68,United States,Cash on Delivery
506866,10824,2026-06-24,P1359,Home & Kitchen,3,276.23,24.0,629.8,Pakistan,Cash on Delivery
504509,10531,2026-03-25,P1535,Clothing,2,151.25,35.6,194.81,United Kingdom,Bank Transfer
503299,10385,2026-05-31,P6050,Beauty,3,112.4,43.1,191.87,Pakistan,Debit Card
503799,10440,2026-07-07,P1679,Sports,2,201.95,10.3,362.3,Pakistan,Credit Card
504281,10500,2025-12-19,P5819,Beauty,1,54.89,7.1,50.99,Pakistan,Digital Wallet
509051,11074,2026-06-25,P3072,Sports,7,111.13,1.5,766.24,United States,Bank Transfer
506462,10773,2026-07-26,P1483,,3,440.54,6.4,1237.04,United Kingdom,Credit Card
507912,10946,2026-08-07,P8249,Beauty,7,76.23,9.4,483.45,United Kingdom,Debit Card
501414,10155,2026-03-12,P3818,Beauty,1,49.35,22.4,38.3,Canada,Credit Card
500540,10061,2026-07-02,P3620,Home & Kitchen,1,218.42,17.1,181.07,United Kingdom,Debit Card
505815,10694,2026-08-03,P4575,Books,1,57.64,14.9,49.05,Australia,Digital Wallet
508199,10979,2026-05-04,P4897,Home & Kitchen,2,135.36,11.2,240.4,Pakistan,Bank Transfer
503680,10431,2026-08-07,P6426,Sports,3,242.05,10.8,647.73,Pakistan,Bank Transfer
500754,10079,2026-06-21,P4898,Home & Kitchen,4,194.51,11.1,691.68,United Kingdom,Credit Card
504196,10487,2026-06-04,P9875,Electronics,7,283.77,10.1,1785.76,Pakistan,Digital Wallet
502650,10309,2026-06-01,P6502,Accessories,2,34.57,44.9,38.1,Pakistan,Digital Wallet
504522,10534,2026-06-25,P5416,Clothing,1,150.35,12.5,131.56,Pakistan,Credit Card
509519,11134,2026-05-04,P7445,Books,5,60.12,10.8,268.14,Pakistan,Credit Card
503118,10370,2026-06-30,P4997,Home & Kitchen,5,293.05,9.4,1327.52,Pakistan,Cash on Delivery
503728,10435,2026-08-03,P6998,Home & Kitchen,3,258.87,14.7,662.45,Pakistan,Credit Card
503886,10449,2026-08-15,P4261,Accessories,3,110.42,22.2,257.72,Pakistan,Cash on Delivery
507107,10855,2026-07-03,P4113,Clothing,4,90.83,1.9,356.42,United States,Credit Card
508068,10964,2026-08-10,P7467,Electronics,1,249.92,17.3,206.68,United Kingdom,Credit Card
507325,10880,2026-07-20,P6011,Electronics,3,565.08,12.6,1481.64,United Kingdom,Credit Card
508483,11011,2026-08-08,P6349,Electronics,1,194.09,17.5,160.12,United States,Bank Transfer
508767,11040,2026-08-03,P5780,Books,4,49.2,2.3,192.27,United Kingdom,Digital Wallet
506500,10776,2026-06-26,P3702,Clothing,3,169.16,11.5,449.12,United States,Bank Transfer
508426,11004,2026-05-03,P7626,Home & Kitchen,2,88.27,27.3,128.34,United Kingdom,Digital Wallet
507963,10953,2026-08-09,P1939,Sports,1,51.54,11.2,45.77,Pakistan,Debit Card
500601,10065,2026-08-08,P9235,Clothing,5,38.45,24.8,144.57,Pakistan,Debit Card
509249,11101,2026-08-05,P8628,Sports,4,227.93,4.8,867.96,Pakistan,Credit Card
508919,11065,2026-06-09,P2197,Clothing,3,94.11,5.2,267.65,Pakistan,Digital Wallet
506814,10820,2026-06-08,P4745,Home & Kitchen,4,36.89,3.9,141.81,United Kingdom,Debit Card
505411,10640,2026-06-16,P2720,Clothing,2,68.11,20.0,108.98,Pakistan,Debit Card
508747,11039,2026-08-01,P2417,Electronics,4,150.61,6.5,563.28,Pakistan,Bank Transfer
505522,10654,2026-05-23,P7874,Electronics,2,569.98,20.5,906.27,Pakistan,Digital Wallet
501044,10112,2026-07-26,P3200,Clothing,2,107.17,16.0,180.05,Canada,Cash on Delivery
507334,10881,2026-07-01,P3242,Home & Kitchen,5,36.56,7.2,169.64,Pakistan,Debit Card
501557,10169,2026-07-15,P6743,Home & Kitchen,4,46.83,8.0,172.33,United Kingdom,Digital Wallet
503739,10435,2026-08-13,P8943,Clothing,3,69.6,9.2,189.59,Pakistan,Digital Wallet
503522,10415,2026-03-13,P7140,Beauty,2,22.26,19.8,35.71,Pakistan,Credit Card
500180,10019,2026-02-20,P1294,Electronics,2,322.92,11.3,572.86,United States,Cash on Delivery
502115,10240,2026-07-16,P9784,Electronics,5,477.39,9.7,2155.42,United Kingdom,Bank Transfer
501699,10185,2026-08-10,P3480,Accessories,5,83.34,3.7,401.28,Canada,Cash on Delivery
501379,10151,2026-03-05,P7644,Electronics,3,530.3,24.0,1209.08,Canada,Cash on Delivery
507229,10871,2026-05-05,P1643,Sports,2,101.31,3.8,194.92,Pakistan,Debit Card
509143,11084,2026-03-24,P9335,Sports,1,225.4,4.1,216.16,Pakistan,Digital Wallet
500618,10067,2026-07-04,P9055,Beauty,5,27.83,12.3,122.03,United States,Digital Wallet
503181,10375,2026-07-26,P7399,Home & Kitchen,4,184.24,13.0,641.16,United States,Credit Card
509851,11183,2026-05-05,P8263,Accessories,1,116.37,19.4,93.79,Pakistan,Cash on Delivery
501600,10174,2026-05-24,P1160,Sports,2,188.75,15.2,320.12,Canada,Credit Card
505963,10709,2026-05-16,P6695,Sports,1,159.24,12.7,139.02,Pakistan,Cash on Delivery
501615,10176,2026-07-09,P4237,Electronics,3,651.98,17.2,1619.52,Pakistan,Bank Transfer
505920,10705,2026-08-08,P4834,Home & Kitchen,6,75.19,13.1,392.04,Australia,Cash on Delivery
509591,11146,2026-04-14,P3080,Clothing,1,35.93,12.2,31.55,Pakistan,Cash on Delivery
503891,10450,2026-07-11,P8942,Accessories,6,36.76,7.8,203.36,United States,Digital Wallet
502083,10237,2026-07-29,P7121,Beauty,2,77.37,22.7,119.61,Canada,Cash on Delivery
504574,10543,2026-03-30,P3748,Accessories,2,29.31,22.8,45.25,Canada,Credit Card
505594,10664,2026-06-16,P6228,Clothing,2,61.41,2.9,119.26,United Kingdom,Cash on Delivery
505121,10605,2026-07-29,P9005,Clothing,7,66.72,11.6,412.86,Pakistan,Debit Card
504587,10544,2026-07-06,P2469,Electronics,2,575.66,16.1,965.96,Pakistan,Digital Wallet
504902,10587,2026-08-13,P9705,Electronics,7,403.62,4.7,2692.55,Canada,Debit Card
508252,10983,2026-08-10,P2830,Beauty,3,121.37,0.7,361.56,Canada,Credit Card
505916,10705,2026-08-04,P1371,Accessories,3,55.57,8.0,153.37,Pakistan,Credit Card
505129,10607,2026-05-17,P6325,Sports,4,239.79,12.7,837.35,Pakistan,Cash on Delivery
508334,10993,2026-05-28,P8330,Electronics,3,242.84,16.5,608.31,United Kingdom,Cash on Delivery
501918,10216,2026-08-05,P6053,Clothing,5,109.31,21.9,426.86,Canada,Credit Card
508330,10993,2026-04-23,P1772,Beauty,1,81.89,10.5,73.29,Pakistan,Digital Wallet
505707,10678,2026-08-06,P4516,Books,3,64.44,4.3,185.01,United States,Bank Transfer
505384,10638,2026-07-05,P4663,Clothing,3,84.81,23.9,193.62,United States,Debit Card
506336,10760,2026-07-31,P1279,Electronics,3,561.51,42.4,970.29,Canada,Bank Transfer
502054,10234,2026-07-17,P2015,Accessories,2,101.15,23.0,155.77,United Kingdom,Digital Wallet
507612,10909,2026-07-27,P2204,Accessories,3,78.73,12.2,207.37,United States,Digital Wallet
509209,11096,2026-07-10,P8937,Books,3,31.88,16.3,80.05,Australia,Credit Card
503963,10458,2026-07-07,P9892,Beauty,1,15.86,19.5,12.77,Pakistan,Bank Transfer
501126,10124,2026-07-05,P6360,Clothing,5,67.09,11.4,297.21,Pakistan,Debit Card
503428,10401,2026-08-11,P1438,Sports,6,103.65,4.8,592.05,Australia,Credit Card
504601,10547,2026-08-09,P7381,Electronics,5,661.75,6.3,3100.3,Canada,Bank Transfer
503721,10435,2026-07-30,P2096,Home & Kitchen,3,103.22,3.5,298.82,United Kingdom,Digital Wallet
502389,10281,2025-12-04,P2129,Home & Kitchen,2,194.9,15.4,329.77,Australia,Cash on Delivery
501322,10146,2026-07-12,P9022,Books,7,76.64,9.5,485.51,Pakistan,Cash on Delivery
501603,10174,2026-06-13,P2602,Beauty,3,22.06,11.8,58.37,United States,Cash on Delivery
507224,10870,2026-03-31,P4249,Clothing,3,166.71,3.7,481.63,Pakistan,Digital Wallet
507425,10889,2026-08-14,P7463,Home & Kitchen,7,241.69,14.5,1446.51,Pakistan,Debit Card
504336,10511,2026-05-12,P9335,Books,3,11.19,23.4,25.71,Pakistan,Digital Wallet
505593,10664,2026-05-29,P8166,Accessories,1,100.78,5.4,95.34,Pakistan,Digital Wallet
504411,10518,2026-08-07,P3501,Home & Kitchen,1,151.26,20.3,120.55,United Kingdom,Digital Wallet
505858,10701,2026-03-29,P8753,Beauty,1,103.18,4.0,99.05,United States,Digital Wallet
509343,11111,2026-08-02,P2102,Sports,3,69.32,16.8,173.02,United States,Cash on Delivery
503991,10460,2026-07-26,P7832,Clothing,5,99.02,13.2,429.75,United States,Cash on Delivery
506079,10727,2026-07-16,P5384,Home & Kitchen,2,68.32,4.9,129.94,Australia,Debit Card
501559,10169,2026-07-19,P1962,Clothing,6,166.48,10.5,894.0,Pakistan,Debit Card
504682,10561,2026-06-10,P4021,Sports,2,27.75,39.6,33.52,Pakistan,Bank Transfer
507557,10902,2026-07-24,P1566,Electronics,2,647.32,14.5,1106.92,Pakistan,Cash on Delivery
503772,10437,2026-07-26,P1175,Books,4,10.25,14.1,35.22,Pakistan,Credit Card
508779,11042,2026-07-26,P3130,Sports,2,175.95,35.4,227.33,United States,Credit Card
503457,10407,2026-06-23,P4459,Clothing,3,70.63,14.2,181.8,United Kingdom,Debit Card
508383,10998,2026-08-10,P9413,Sports,3,61.58,14.3,158.32,United States,Cash on Delivery
501354,10149,2026-07-09,P2146,Accessories,7,68.22,2.2,467.03,United States,Digital Wallet
500045,10006,2026-07-21,P8616,Home & Kitchen,5,67.99,14.6,290.32,Pakistan,Cash on Delivery
509872,11187,2026-06-06,P4716,Clothing,3,45.28,6.4,127.15,Canada,Cash on Delivery
500748,10078,2026-08-14,P9348,Books,5,64.44,0.2,321.56,United States,Cash on Delivery
507917,10946,2026-08-09,P7643,Books,2,61.66,15.0,104.82,Pakistan,Credit Card
504241,10494,2026-05-02,P1817,Home & Kitchen,5,327.2,9.8,1475.67,Australia,Bank Transfer
505628,10668,2026-04-20,P7865,Books,2,68.89,13.6,119.04,United States,Credit Card
504657,10558,2026-07-12,P7683,Electronics,5,536.28,13.6,2316.73,Pakistan,Credit Card
504238,10493,2026-07-20,P8442,Electronics,1,532.34,23.1,409.37,Canada,Debit Card
503460,10407,2026-07-02,P1645,Clothing,5,39.2,21.2,154.45,United Kingdom,Cash on Delivery
507381,10885,2026-03-19,P7256,Beauty,1,121.48,20.4,96.7,Pakistan,Credit Card
505549,10656,2026-07-29,P8990,Home & Kitchen,2,265.7,8.3,487.29,United Kingdom,Credit Card
507075,10851,2026-08-06,P3262,Clothing,6,148.83,14.6,762.6,United Kingdom,Debit Card
505838,10697,2026-08-01,P5265,Sports,4,106.1,13.0,369.23,United Kingdom,Debit Card
508091,10967,2026-07-06,P1328,Beauty,1,81.64,28.9,58.05,Australia,Digital Wallet
505474,10645,2026-07-26,P4516,Books,5,55.59,4.8,264.61,Pakistan,Bank Transfer
503614,10424,2026-04-26,P1263,Sports,2,97.1,13.7,167.59,Pakistan,Digital Wallet
507501,10899,2026-06-09,P5023,Electronics,4,196.49,7.4,727.8,Pakistan,Debit Card
507053,10847,2026-07-24,P7611,Electronics,2,202.41,6.5,378.51,Pakistan,Debit Card
507367,10884,2026-06-19,P3409,Electronics,5,693.78,7.9,3194.86,United States,Cash on Delivery
508019,10960,2026-05-02,P6056,Clothing,3,56.18,28.8,120.0,United Kingdom,Digital Wallet
509638,11157,2026-07-30,P9557,Books,2,40.02,19.2,64.67,United States,Bank Transfer
509055,11074,2026-07-06,P7105,Clothing,4,54.85,7.8,202.29,Pakistan,Digital Wallet
500664,10069,2026-08-09,P9402,Clothing,4,99.63,11.4,353.09,Pakistan,Bank Transfer
502319,10269,2026-07-09,P7937,Home & Kitchen,1,106.17,20.7,84.19,United States,Cash on Delivery
503542,10418,2026-05-20,P6075,Sports,1,180.09,8.7,164.42,Canada,Bank Transfer
503677,10430,2026-08-13,P7350,Electronics,5,586.83,4.6,2799.18,Pakistan,Cash on Delivery
509599,11149,2026-03-02,P5047,Books,2,26.2,8.6,47.89,Pakistan,Debit Card
503091,10368,2025-11-14,P3452,Accessories,3,32.43,8.1,89.41,Canada,Digital Wallet
500675,10071,2026-08-05,P1815,Electronics,1,431.1,28.9,306.51,Australia,Cash on Delivery
508676,11034,2026-08-07,P8330,Clothing,3,58.4,12.4,153.48,Pakistan,Digital Wallet
504884,10587,2026-06-24,P4968,Sports,7,54.23,10.0,341.65,Pakistan,Credit Card
508079,10966,2026-04-20,P1783,Clothing,3,41.65,0.7,124.08,Pakistan,Debit Card
501962,10221,2026-06-24,P3661,Home & Kitchen,1,265.05,9.2,240.67,United States,Cash on Delivery
501840,10206,2026-08-12,P8089,Home & Kitchen,6,348.42,11.8,1843.84,Australia,Credit Card
507168,10860,2026-08-11,P5332,Electronics,2,346.42,4.3,663.05,Pakistan,Digital Wallet
509898,11189,2026-06-13,P7592,Accessories,2,58.28,15.0,99.08,Pakistan,Debit Card
503538,10417,2026-05-30,P3714,Clothing,1,42.96,16.6,35.83,United States,Bank Transfer
508026,10961,2026-06-09,P9212,Home & Kitchen,5,296.69,5.3,1404.83,United States,Digital Wallet
504866,10586,2026-05-07,P4277,Clothing,4,131.43,1.2,519.41,Pakistan,Credit Card
504174,10477,2026-08-14,P4423,Home & Kitchen,6,271.01,11.6,1437.44,United States,Cash on Delivery
508088,10966,2026-07-27,P2878,Home & Kitchen,1,188.37,12.5,164.82,Canada,Debit Card
504377,10516,2026-08-07,P3344,Clothing,4,168.04,8.5,615.03,Canada,Bank Transfer
506211,10741,2025-12-25,P8003,Sports,1,222.24,17.8,182.68,Pakistan,Credit Card
504766,10570,2026-05-25,P1739,Home & Kitchen,2,114.14,17.9,187.42,United Kingdom,Cash on Delivery
500411,10045,2026-07-11,P9183,Books,2,60.94,22.2,94.82,Pakistan,Debit Card
500613,10067,2026-06-27,P4891,Home & Kitchen,6,301.61,14.7,1543.64,Pakistan,Digital Wallet
506126,10731,2026-08-04,P1959,,4,569.35,2.8,2213.63,Australia,Bank Transfer
505210,10617,2026-07-15,P6801,Clothing,4,100.09,2.7,389.55,United Kingdom,Debit Card
501430,10157,2026-01-26,P5992,Clothing,1,61.97,20.5,49.27,United States,Cash on Delivery
502425,10284,2026-07-22,P8547,Electronics,4,198.79,14.2,682.25,Pakistan,Digital Wallet
508841,11050,2026-07-27,P9190,Clothing,2,59.66,5.1,113.23,Australia,Digital Wallet
503833,10441,2026-07-30,P4482,Clothing,4,177.97,1.1,704.05,United Kingdom,Debit Card
504718,10564,2026-07-15,P4442,Home & Kitchen,7,113.05,11.9,697.18,United Kingdom,Credit Card
507185,10861,2026-07-17,P3914,Home & Kitchen,2,127.67,36.5,162.14,United Kingdom,Credit Card
501417,10156,2026-05-27,P5074,Home & Kitchen,5,288.94,5.7,1362.35,Pakistan,Bank Transfer
507199,10867,2026-05-21,P9955,Electronics,1,322.4,11.5,285.32,Pakistan,Cash on Delivery
500604,10065,2026-08-14,P5412,Beauty,5,111.56,21.4,438.43,Australia,Cash on Delivery
501272,10139,2026-08-13,P9172,Electronics,5,109.56,11.4,485.35,Pakistan,Cash on Delivery
503964,10459,2026-08-03,P6022,Clothing,5,146.61,3.8,705.19,United States,Digital Wallet
506367,10763,2026-06-20,P5503,Beauty,5,86.51,21.0,341.71,United States,Cash on Delivery
508746,11039,2026-07-31,P1607,Books,5,37.64,6.1,176.72,Australia,Debit Card
500247,10026,2026-07-14,P6930,Clothing,3,113.65,15.2,289.13,United States,Cash on Delivery
509226,11097,2026-07-29,P3988,Home & Kitchen,2,312.44,19.4,503.65,Pakistan,Cash on Delivery
501982,10223,2026-07-22,P5003,Sports,2,162.7,0.2,324.75,United States,Digital Wallet
502835,10333,2026-07-26,P6685,Accessories,3,107.44,14.4,275.91,Pakistan,Credit Card
505375,10635,2026-08-11,P5902,Beauty,4,27.82,9.0,101.26,Pakistan,Debit Card
500199,10022,2026-07-15,P5823,Clothing,6,81.89,8.2,451.05,Pakistan,Credit Card
500485,10057,2026-07-05,P1745,Accessories,7,56.4,13.5,341.5,Canada,Bank Transfer
506083,10727,2026-07-22,P6789,Home & Kitchen,6,262.13,0.7,1561.77,Pakistan,Credit Card
508956,11068,2026-07-19,P9593,Electronics,3,268.07,1.3,793.76,United States,Debit Card
500455,10051,2026-02-11,P2490,Sports,1,65.02,6.0,61.12,Australia,Credit Card
509798,11176,2026-02-22,P1183,Sports,2,191.97,5.2,363.98,Pakistan,Bank Transfer
508826,11048,2026-08-13,P1899,Clothing,5,21.82,14.0,93.83,Canada,Debit Card
506515,10776,2026-07-29,P3378,Clothing,6,23.22,14.8,118.7,Pakistan,Digital Wallet
501721,10189,2026-07-10,P1675,Accessories,1,14.52,3.4,14.03,Australia,Debit Card
507050,10847,2026-07-11,P8983,Beauty,6,75.11,6.9,419.56,Canada,Digital Wallet
506382,10765,2026-08-07,P9662,Accessories,2,17.36,6.0,32.64,Australia,Cash on Delivery
508165,10976,2026-04-29,P7570,Sports,5,81.16,22.1,316.12,Pakistan,Bank Transfer
505767,10688,2026-05-20,P2808,Sports,3,208.94,3.3,606.13,Pakistan,Bank Transfer
505809,10693,2026-03-12,P4382,Accessories,3,77.94,20.0,187.06,United Kingdom,Bank Transfer
504626,10553,2026-03-11,P7436,Clothing,2,161.15,17.6,265.58,Pakistan,Debit Card
500862,10092,2025-12-30,P2842,Home & Kitchen,1,300.9,21.2,237.11,Australia,Bank Transfer
502094,10238,2026-07-29,P7360,Clothing,5,45.21,4.5,215.88,United States,Cash on Delivery
500947,10100,2026-08-15,P2351,Books,3,50.12,5.6,141.94,Australia,Bank Transfer
505641,10669,2026-07-29,P9496,Clothing,1,109.08,16.4,91.19,Pakistan,Digital Wallet
501444,10159,2026-07-20,P8097,Books,4,29.04,13.8,100.13,United States,Cash on Delivery
501280,10141,2026-04-03,P5858,Electronics,2,183.92,10.9,327.75,Pakistan,Credit Card
503110,10370,2026-06-06,P8701,Accessories,7,115.73,3.7,780.14,Australia,Digital Wallet
508952,11068,2026-07-10,P5198,Beauty,4,35.55,12.3,124.71,United Kingdom,Digital Wallet
507609,10909,2026-07-21,P8992,Clothing,5,165.67,20.8,656.05,Pakistan,Bank Transfer
505135,10607,2026-08-03,P1066,Books,3,17.22,16.0,43.39,Canada,Bank Transfer
503016,10354,2026-08-03,P2236,Beauty,2,56.97,5.3,107.9,Pakistan,Debit Card
502302,10266,2026-08-01,P4684,Beauty,2,32.72,38.0,40.57,United Kingdom,Debit Card
502004,10225,2026-08-14,P8888,Home & Kitchen,3,195.4,2.9,569.2,Pakistan,Cash on Delivery
504580,10543,2026-06-11,P8429,Sports,2,98.81,18.2,161.65,Pakistan,Bank Transfer
508704,11036,2026-03-10,P6351,,2,63.84,1.6,125.64,Pakistan,Debit Card
501005,10108,2026-03-10,P6930,Home & Kitchen,3,175.84,44.4,293.3,United Kingdom,Digital Wallet
505138,10608,2026-05-11,P9238,Home & Kitchen,5,54.16,13.5,234.24,Pakistan,Cash on Delivery
504317,10508,2026-04-13,P2382,,3,286.01,39.2,521.68,United States,Digital Wallet
506558,10782,2026-06-27,P6256,Books,3,50.82,23.2,117.09,United States,Cash on Delivery
504387,10517,2026-05-12,P9936,Accessories,1,77.33,15.4,65.42,Pakistan,Digital Wallet
502132,10244,2026-07-27,P2511,Sports,2,92.61,5.9,174.29,United States,Credit Card
504265,10498,2026-07-25,P5181,Books,2,12.65,12.1,22.24,Pakistan,Credit Card
502057,10235,2026-06-09,P4726,Clothing,5,57.95,6.4,271.21,Pakistan,Digital Wallet
505386,10638,2026-07-12,P7492,Sports,4,87.44,7.9,322.13,Pakistan,Bank Transfer
500229,10024,2026-06-11,P4381,Clothing,2,102.75,15.8,173.03,United Kingdom,Cash on Delivery
502889,10336,2026-07-31,P1212,Books,5,39.69,1.4,195.67,United States,Cash on Delivery
504472,10526,2026-07-02,P1108,Beauty,2,18.57,7.0,34.54,Pakistan,Credit Card
506064,10726,2026-02-02,P6932,Electronics,1,674.32,44.2,376.27,United Kingdom,Bank Transfer
507924,10947,2026-07-03,P4157,Electronics,4,450.99,4.6,1720.98,Australia,Digital Wallet
507649,10914,2026-04-11,P1128,Beauty,2,144.67,9.4,262.14,United Kingdom,Bank Transfer
508381,10998,2026-08-08,P8059,Clothing,4,126.05,4.7,480.5,United Kingdom,Credit Card
500209,10022,2026-08-09,P5633,,2,121.56,3.3,235.1,Pakistan,Credit Card
502758,10322,2026-01-28,P6627,Electronics,2,154.99,36.4,197.15,Pakistan,Bank Transfer
508471,11010,2026-05-25,P1487,Beauty,1,149.8,0.5,149.05,Australia,Digital Wallet
502948,10343,2026-06-13,P4404,Electronics,4,645.42,13.6,2230.57,United Kingdom,Digital Wallet
507116,10855,2026-08-06,P4586,Clothing,2,179.49,12.9,312.67,Pakistan,Credit Card
506330,10760,2026-05-05,P5752,Home & Kitchen,1,135.9,33.8,89.97,United Kingdom,Bank Transfer
501728,10190,2026-08-10,P5973,Clothing,2,107.4,0.6,213.51,Australia,Digital Wallet
504176,10479,2026-02-26,P4578,Beauty,2,57.38,0.8,113.84,United Kingdom,Digital Wallet
500337,10033,2026-08-08,P7694,Home & Kitchen,3,186.13,0.8,553.92,Australia,Digital Wallet
504984,10591,2026-08-15,P2077,Home & Kitchen,3,244.79,2.0,719.68,Pakistan,Debit Card
506878,10825,2026-03-10,P3659,Home & Kitchen,1,269.61,19.7,216.5,United States,Bank Transfer
507248,10872,2026-06-19,P2525,Home & Kitchen,2,35.62,15.7,60.06,United States,Bank Transfer
508452,11007,2026-04-28,P5956,Books,2,14.69,6.1,27.59,Australia,Digital Wallet
501226,10134,2026-04-20,P6656,Clothing,5,87.14,11.5,385.59,Australia,Debit Card
507608,10909,2026-07-21,P8300,Clothing,1,132.22,17.5,109.08,Australia,Bank Transfer
506827,10821,2026-08-08,P9848,Home & Kitchen,1,187.0,31.7,127.72,U.S.A.,Digital Wallet
503540,10417,2026-07-18,P7216,Accessories,3,91.37,9.4,248.34,United Kingdom,Bank Transfer
505868,10702,2026-07-15,P8209,Electronics,2,226.09,8.9,411.94,Pakistan,Debit Card
502111,10240,2026-06-06,P9594,Books,3,58.38,9.1,159.2,Australia,Credit Card
502691,10312,2026-08-11,P5038,Electronics,6,530.58,11.6,2814.2,Pakistan,Debit Card
507153,10859,2026-07-03,P9413,Electronics,1,112.32,24.0,85.36,Canada,Bank Transfer
503707,10434,2026-06-29,P3824,Sports,5,65.39,13.5,282.81,Australia,Cash on Delivery
501017,10109,2026-07-26,P2772,Sports,5,51.55,17.6,212.39,United Kingdom,Cash on Delivery
508511,11014,2026-08-04,P9443,Sports,3,91.99,0.9,273.49,United Kingdom,Digital Wallet
502807,10330,2026-07-01,P5540,Home & Kitchen,3,92.89,22.4,216.25,Pakistan,Bank Transfer
505015,10597,2026-07-16,P5785,Home & Kitchen,3,129.3,21.9,302.95,Australia,Credit Card
501928,10217,2026-05-07,P3662,Sports,4,73.93,9.2,268.51,Canada,Bank Transfer
500350,10036,2026-07-05,P5362,Books,2,22.47,44.0,25.17,Pakistan,Digital Wallet
505173,10611,2026-08-15,P7783,Accessories,4,20.38,1.2,80.54,Pakistan,Credit Card
504192,10485,2026-06-26,P7444,Electronics,3,392.1,1.7,1156.3,United Kingdom,Credit Card
501934,10217,2026-07-15,P3823,Electronics,1,169.46,2.8,164.72,United Kingdom,Bank Transfer
506901,10828,2026-06-29,P6586,Beauty,1,41.01,15.3,34.74,Pakistan,Cash on Delivery
504823,10578,2026-04-08,P8074,Books,2,12.52,11.2,22.24,Pakistan,Bank Transfer
500564,10062,2026-07-18,P6640,Books,1,18.7,21.0,14.77,United States,Bank Transfer
501582,10172,2026-06-30,P4980,Home & Kitchen,2,59.72,13.4,103.44,Pakistan,Bank Transfer
504694,10562,2026-05-28,P9106,Electronics,2,493.36,19.5,794.31,Pakistan,Debit Card
502175,10251,2026-04-06,P2718,Home & Kitchen,5,74.12,13.5,320.57,Pakistan,Bank Transfer
507028,10845,2026-07-21,P4664,Home & Kitchen,6,213.02,12.6,1117.08,Australia,Digital Wallet
504880,10587,2026-06-10,P9714,Home & Kitchen,7,289.28,5.0,1923.71,United Kingdom,Credit Card
502228,10255,2026-07-10,P3609,Home & Kitchen,5,261.31,12.0,1149.76,Australia,Credit Card
501115,10123,2026-07-10,P6020,Home & Kitchen,3,190.89,0.1,572.1,Australia,Cash on Delivery
503126,10370,2026-07-28,P2249,Accessories,4,89.48,1.5,352.55,Australia,Credit Card
503544,10418,2026-06-07,P9526,Books,2,44.7,8.1,82.16,Pakistan,Debit Card
505048,10600,2026-07-29,P3064,Home & Kitchen,5,331.78,9.4,1502.96,Australia,Debit Card
507476,10896,2026-06-25,P4273,Electronics,4,315.64,14.1,1084.54,United States,Credit Card
500821,10085,2026-05-08,P1637,Beauty,1,112.16,18.2,91.75,Pakistan,Credit Card
506532,10778,2026-03-04,P7582,Home & Kitchen,1,202.26,38.4,124.59,Pakistan,Debit Card
502272,10262,2025-12-06,P1629,Electronics,1,541.7,12.6,473.45,Pakistan,Cash on Delivery
505545,10656,2026-07-09,P9859,Home & Kitchen,4,296.87,4.3,1136.42,United Kingdom,Bank Transfer
500081,10010,2026-07-05,P1287,Clothing,3,76.29,32.3,154.94,Canada,Cash on Delivery
501323,10146,2026-07-13,P8622,Clothing,2,68.79,7.1,127.81,Pakistan,Credit Card
509405,11120,2026-06-20,P1112,Electronics,2,413.35,1.3,815.95,Pakistan,Bank Transfer
501614,10176,2026-07-02,P1363,Electronics,2,249.69,23.3,383.02,United States,Digital Wallet
500831,10087,2026-05-13,P4574,Clothing,2,153.65,36.8,194.21,Pakistan,Credit Card
503883,10449,2026-08-03,P7612,Home & Kitchen,1,125.15,21.6,98.12,United States,Debit Card
508641,11031,2026-07-16,P5149,Electronics,5,632.22,10.2,2838.67,Pakistan,Digital Wallet
504464,10525,2026-07-27,P2289,Beauty,1,32.75,29.9,22.96,United States,Debit Card
505339,10630,2026-07-27,P6234,Electronics,5,483.68,21.2,1905.7,Pakistan,Cash on Delivery
508066,10964,2026-08-10,P8429,,4,47.65,13.9,164.11,United Kingdom,Debit Card
501649,10180,2026-07-12,P4477,Beauty,4,53.6,5.5,202.61,Canada,Digital Wallet
504065,10467,2026-05-26,P8171,Electronics,1,349.12,8.0,321.19,Pakistan,Cash on Delivery
509665,11160,2026-08-08,P3015,Accessories,3,102.88,0.5,307.1,United Kingdom,Bank Transfer
503038,10357,2026-07-05,P4424,Clothing,5,60.95,9.0,277.32,USA,Debit Card
503320,10387,2026-08-11,P6713,Beauty,4,90.21,8.7,329.45,Australia,Bank Transfer
507143,10857,2026-08-07,P9010,Electronics,6,151.64,13.6,786.1,United States,Cash on Delivery
506889,10827,2026-08-06,P9555,Beauty,4,70.33,0.1,281.04,United States,Digital Wallet
505092,10604,2026-06-16,P3020,Clothing,4,109.18,13.3,378.64,Pakistan,Debit Card
503720,10435,2026-07-30,P8986,Accessories,2,112.29,12.3,196.96,United Kingdom,Digital Wallet
502423,10284,2026-07-18,P1912,Electronics,5,552.88,5.5,2612.36,Pakistan,Debit Card
500749,10078,2026-08-15,P5666,Clothing,6,166.74,3.4,966.43,Pakistan,Cash on Delivery
505271,10622,2026-06-12,P5263,Clothing,5,69.52,0.5,345.86,Australia,Credit Card
502373,10277,2026-07-23,P9533,Electronics,2,170.62,34.4,223.85,Pakistan,Debit Card
504693,10561,2026-08-09,P4102,Books,2,37.11,34.2,48.84,Pakistan,Digital Wallet
509879,11188,2026-07-18,P6198,Books,3,35.62,6.2,100.23,Australia,Cash on Delivery
508370,10998,2026-08-03,P9833,Beauty,2,74.78,4.0,143.58,United Kingdom,Debit Card
507319,10880,2026-05-30,P5482,Electronics,2,264.58,3.9,508.52,U.S.A.,Debit Card
504368,10516,2026-07-30,P8958,Books,4,16.9,6.9,62.94,United Kingdom,Debit Card
506785,10818,2026-07-27,P2778,Clothing,2,113.82,11.6,201.23,Pakistan,Debit Card
507401,10888,2026-07-14,P5563,Electronics,3,304.67,3.2,884.76,Pakistan,Digital Wallet
501139,10124,2026-08-09,P8804,Home & Kitchen,4,85.14,9.3,308.89,United Kingdom,Credit Card
507631,10911,2026-03-22,P7633,Beauty,2,34.46,15.9,57.96,Pakistan,Debit Card
502231,10256,2026-07-01,P6229,Electronics,3,181.82,8.0,501.82,United Kingdom,Credit Card
502164,10248,2026-03-03,P4302,Accessories,2,65.35,7.2,121.29,Pakistan,Bank Transfer
505217,10618,2026-07-26,P3572,Electronics,2,104.49,14.5,178.68,United Kingdom,Digital Wallet
509444,11126,2026-05-10,P4549,Clothing,2,39.96,3.7,76.96,United Kingdom,Bank Transfer
509237,11098,2026-07-19,P1903,Clothing,1,42.84,1.6,42.15,Pakistan,Bank Transfer
504561,10540,2026-08-14,P9821,Sports,2,131.23,6.4,245.66,United States,Cash on Delivery
501570,10171,2026-03-28,P5723,Clothing,3,118.7,3.5,343.64,Pakistan,Digital Wallet
500172,10017,2026-08-07,P2990,Accessories,4,50.6,13.2,175.68,Pakistan,Debit Card
507163,10860,2026-08-10,P5581,Sports,6,84.37,10.4,453.57,Australia,Cash on Delivery
502087,10237,2026-08-03,P4967,Sports,4,140.01,20.5,445.23,Australia,Debit Card
504667,10558,2026-07-31,P3408,Sports,7,183.58,0.4,1279.92,United Kingdom,Digital Wallet
504565,10540,2026-08-15,P5564,Home & Kitchen,7,135.55,11.5,839.73,Pakistan,Digital Wallet
507089,10853,2026-06-04,P3760,Accessories,5,92.46,21.0,365.22,Australia,Cash on Delivery
506569,10784,2026-05-27,P2374,Accessories,3,11.35,15.8,28.67,Pakistan,Bank Transfer
504783,10573,2026-03-31,P1309,Sports,5,125.47,12.4,549.56,Pakistan,Cash on Delivery
502684,10312,2026-08-03,P7291,Accessories,7,38.54,2.9,261.96,Pakistan,Digital Wallet
501832,10206,2026-08-05,P4223,Electronics,4,225.61,11.7,796.85,United States,Credit Card
508546,11020,2026-07-15,P4722,Electronics,6,218.77,9.3,1190.55,Australia,Credit Card
505065,10601,2026-08-14,P5466,Accessories,5,95.9,24.2,363.46,Pakistan,Debit Card
509130,11082,2026-07-30,P3351,Electronics,7,290.64,8.0,1871.72,United Kingdom,Bank Transfer
509355,11112,2026-07-09,P8241,Sports,5,160.14,10.0,720.63,Pakistan,Cash on Delivery
504412,10519,2025-06-25,P5963,Home & Kitchen,2,254.94,15.0,433.4,Pakistan,Credit Card
507207,10868,2026-07-02,P9399,Books,1,77.93,23.4,59.69,Australia,Bank Transfer
509890,11188,2026-08-13,P4583,Clothing,4,122.95,12.6,429.83,United Kingdom,Bank Transfer
500834,10087,2026-08-02,P4291,Clothing,3,35.96,23.9,82.1,United States,Digital Wallet
506821,10821,2026-03-12,P8693,Accessories,1,88.07,18.8,71.51,United Kingdom,Digital Wallet
503781,10438,2026-04-10,P1259,Beauty,3,57.43,26.6,126.46,Pakistan,Digital Wallet
509012,11071,2026-07-24,P5663,Home & Kitchen,3,87.56,12.1,230.9,Pakistan,Bank Transfer
507499,10898,2026-03-17,P3468,Electronics,3,272.42,10.4,732.26,Canada,Credit Card
503424,10401,2026-07-30,P8793,Clothing,4,27.37,13.0,95.25,Pakistan,Credit Card
500065,10007,2026-07-30,P2814,Accessories,5,12.83,2.9,62.29,United Kingdom,Debit Card
502963,10347,2026-04-01,P7630,Clothing,1,76.65,3.2,74.2,Pakistan,Cash on Delivery
505669,10673,2026-08-05,P4427,Accessories,6,27.37,3.8,157.98,United Kingdom,Bank Transfer
508962,11068,2026-07-30,P3121,Accessories,4,18.9,8.9,68.87,Pakistan,Digital Wallet
500354,10037,2026-05-15,P8727,Clothing,1,151.08,4.3,144.58,Canada,Bank Transfer
508171,10976,2026-07-13,P5633,Accessories,4,84.07,22.2,261.63,United States,Credit Card
504030,10462,2026-03-08,P8330,Books,2,23.83,12.9,41.51,United States,Debit Card
508534,11017,2026-05-09,P3328,Clothing,1,128.9,4.6,122.97,Pakistan,Bank Transfer
503651,10429,2026-08-10,P7879,Accessories,2,25.59,4.3,48.98,United Kingdom,Digital Wallet
506739,10812,2026-03-15,P8359,Clothing,2,155.34,29.7,218.41,Pakistan,Cash on Delivery
503297,10385,2026-05-27,P2932,Beauty,2,138.66,33.4,184.7,United Kingdom,Digital Wallet
504127,10473,2026-06-18,P7593,Clothing,3,175.03,14.8,447.38,Australia,Cash on Delivery
508043,10963,2026-06-16,P3601,Home & Kitchen,1,234.19,18.3,191.33,United States,Credit Card
504767,10570,2026-06-07,P2014,Electronics,3,494.03,0.6,1473.2,United Kingdom,Bank Transfer
500472,10054,2025-11-16,P1680,Beauty,2,24.71,21.8,38.65,Canada,Debit Card
503761,10437,2026-06-20,P5489,Accessories,2,89.15,14.8,151.91,Pakistan,Cash on Delivery
508617,11029,2026-08-08,P8023,Home & Kitchen,2,346.47,2.1,678.39,Pakistan,Cash on Delivery
503566,10420,2026-07-28,P8091,Beauty,1,113.45,29.8,79.64,United States,Cash on Delivery
502760,10322,2026-03-16,P5108,Home & Kitchen,2,187.21,28.6,267.34,United Kingdom,Debit Card
500868,10092,2026-04-04,P4973,Clothing,3,40.11,37.4,75.33,United Kingdom,Digital Wallet
509382,11117,2026-07-07,P8930,Books,3,31.1,0.8,92.55,Pakistan,Credit Card
508688,11035,2026-06-27,P7609,Accessories,6,113.12,10.3,608.81,Pakistan,Cash on Delivery
504052,10466,2026-06-16,P4193,Clothing,5,118.23,2.0,579.33,Pakistan,Cash on Delivery
506130,10732,2026-07-16,P7147,Beauty,1,58.61,32.2,39.74,Pakistan,Cash on Delivery
503244,10378,2026-08-13,P3384,Clothing,2,44.88,11.7,79.26,Pakistan,Digital Wallet
504842,10582,2025-09-13,P1414,Electronics,2,607.65,16.9,1009.91,Pakistan,Bank Transfer
509330,11110,2026-07-06,P3680,Clothing,3,155.53,1.9,457.72,Pakistan,Credit Card
505640,10669,2026-07-25,P1245,Clothing,3,118.18,19.7,284.7,,Cash on Delivery
505780,10690,2026-05-12,P6116,Home & Kitchen,1,60.9,6.4,57.0,Pakistan,Debit Card
508540,11017,2026-08-01,P7939,Clothing,3,97.74,3.6,282.66,Pakistan,Cash on Delivery
501075,10118,2026-04-16,P6768,Home & Kitchen,3,199.31,13.6,516.61,United States,Cash on Delivery
502957,10345,2026-07-04,P9560,Home & Kitchen,1,37.76,8.6,34.51,Pakistan,Debit Card
506752,10813,2026-08-06,P9594,Accessories,2,77.81,6.0,146.28,United States,Bank Transfer
508657,11033,2026-08-04,P1787,Accessories,4,111.82,25.0,335.46,United States,Debit Card
507272,10875,2026-08-09,P1311,Sports,7,182.84,5.0,1215.89,Pakistan,Credit Card
504759,10568,2026-04-02,P5158,Books,1,40.04,5.6,37.8,Pakistan,Credit Card
504862,10584,2026-08-02,P6635,Sports,3,241.95,10.5,649.64,United Kingdom,Cash on Delivery
507025,10845,2026-07-16,P7477,Sports,7,140.62,5.2,933.15,Pakistan,Credit Card
507647,10913,2026-06-27,P4778,Accessories,3,12.71,6.9,35.5,Pakistan,Bank Transfer
507161,10860,2026-08-09,P3594,Sports,5,243.32,13.3,1054.79,United States,Credit Card
500073,10009,2026-05-24,P9711,Home & Kitchen,3,82.27,5.6,232.99,Pakistan,Digital Wallet
504901,10587,2026-08-10,P1157,Home & Kitchen,7,211.68,4.3,1418.04,Pakistan,Bank Transfer
504375,10516,2026-08-04,P1629,Electronics,7,676.4,3.1,4588.02,Canada,Digital Wallet
506698,10806,2026-05-29,P4794,Clothing,1,98.08,17.9,80.52,Australia,Cash on Delivery
509805,11177,2026-04-23,P7107,Home & Kitchen,3,107.84,21.9,252.67,Pakistan,Credit Card
501101,10121,2026-07-04,P1400,Books,2,29.38,27.5,42.6,Pakistan,Credit Card
509537,11136,2026-06-16,P7122,Home & Kitchen,3,136.46,3.4,395.46,Canada,Debit Card
507655,10916,2025-11-15,P1700,Electronics,2,395.71,1.3,781.13,Pakistan,Credit Card
505235,10619,2026-04-18,P8742,Clothing,1,43.03,18.8,34.94,Canada,Credit Card
505165,10611,2026-07-04,P9248,Home & Kitchen,4,148.17,7.1,550.6,Pakistan,Debit Card
500118,10013,2026-05-11,P6185,Accessories,3,93.06,30.1,195.15,Pakistan,Cash on Delivery
502022,10228,2026-06-23,P7228,Electronics,3,633.06,5.5,1794.73,Australia,Bank Transfer
509885,11188,2026-07-26,P2603,Electronics,6,331.37,13.7,1715.83,United Kingdom,Debit Card
502638,10307,2026-04-01,P7352,Accessories,1,33.68,4.6,32.13,Pakistan,Debit Card
502034,10229,2026-03-29,P3113,Electronics,1,597.22,1.3,589.46,Pakistan,Bank Transfer
502564,10297,2026-06-23,P5499,Sports,2,200.25,28.6,285.96,Canada,Debit Card
508665,11034,2026-07-10,P3097,Beauty,4,119.56,5.1,453.85,Pakistan,Debit Card
503543,10418,2026-06-07,P6014,Home & Kitchen,3,38.52,15.6,97.53,Pakistan,Credit Card
501219,10133,2026-07-31,P6620,Clothing,5,111.45,8.0,512.67,Canada,Bank Transfer
509714,11164,2026-06-22,P8641,Clothing,2,137.23,39.8,165.22,United Kingdom,Cash on Delivery
506711,10809,2026-06-28,P2851,Sports,3,54.3,20.9,128.85,Canada,Bank Transfer
502903,10336,2026-08-11,P7840,Electronics,4,644.08,12.6,2251.7,Australia,Cash on Delivery
503026,10355,2026-07-23,P1942,Books,4,47.14,2.6,183.66,United Kingdom,Digital Wallet
502510,10292,2026-08-07,P8136,Home & Kitchen,2,60.57,11.4,107.33,United States,Bank Transfer
504201,10487,2026-06-28,P1257,Books,4,55.99,5.7,211.19,Pakistan,Cash on Delivery
503207,10376,2026-07-09,P9421,Home & Kitchen,4,182.01,0.9,721.49,Pakistan,Debit Card
504489,10529,2026-07-10,P9681,Accessories,7,36.79,12.2,226.11,United Kingdom,Credit Card
502755,10320,2026-08-13,P2739,Clothing,5,35.26,0.0,176.3,Canada,Credit Card
508889,11057,2026-07-04,P8841,Beauty,2,88.99,15.5,150.39,United States,Digital Wallet
500177,10019,2025-10-22,P1215,Electronics,2,121.91,18.1,199.69,Pakistan,Credit Card
501643,10180,2026-06-19,P8224,Sports,7,56.01,11.5,346.98,United Kingdom,Debit Card
509292,11106,2026-08-15,P5028,Sports,1,149.87,23.5,114.65,Pakistan,Cash on Delivery
503518,10413,2025-11-17,P5932,Accessories,2,103.83,6.9,193.33,Pakistan,Credit Card
501374,10150,2026-07-22,P3473,Sports,4,122.06,9.0,444.3,Canada,Bank Transfer
501720,10189,2026-04-02,P7750,Beauty,1,80.64,6.9,75.08,Pakistan,Debit Card
503995,10460,2026-07-30,P5636,Electronics,6,503.93,14.2,2594.23,Pakistan,Debit Card
503688,10431,2026-08-11,P8135,Home & Kitchen,3,45.38,4.5,130.01,United States,Debit Card
502264,10260,2026-08-04,P4727,Beauty,4,122.69,8.5,449.05,United States,Bank Transfer
500087,10011,2026-08-12,P8206,Electronics,3,97.26,1.2,288.28,Pakistan,Bank Transfer
502848,10334,2026-08-04,P6932,Clothing,2,33.49,2.9,65.04,United Kingdom,Debit Card
508687,11035,2026-06-24,P8601,Beauty,7,80.66,10.6,504.77,United Kingdom,Digital Wallet
500403,10043,2026-07-09,P5335,Sports,5,26.66,0.2,133.03,Pakistan,Debit Card
509900,11189,2026-07-22,P7279,Accessories,1,71.33,1.4,70.33,United States,Digital Wallet
504077,10469,2026-06-23,P2833,Books,4,38.42,14.6,131.24,United Kingdom,Debit Card
506835,10822,2026-08-03,P1740,Beauty,5,31.22,0.2,155.79,Pakistan,Cash on Delivery
506537,10778,2026-05-19,P3800,Sports,1,27.78,34.0,18.33,United States,Credit Card
502456,10286,2026-07-13,P6036,Home & Kitchen,5,110.93,0.4,552.43,United States,Credit Card
502751,10320,2026-06-12,P2891,Home & Kitchen,2,156.81,3.2,303.58,Pakistan,Debit Card
502214,10255,2026-03-25,P5706,Books,1,29.5,3.1,28.59,United Kingdom,Bank Transfer
501027,10110,2026-08-10,P9437,Books,6,13.75,2.6,80.36,United States,Cash on Delivery
509703,11163,2026-06-25,P2845,Home & Kitchen,2,225.56,3.2,436.68,Canada,Digital Wallet
501421,10156,2026-07-03,P2935,Sports,4,74.87,23.7,228.5,Australia,Digital Wallet
502436,10284,2026-08-11,P7476,Sports,6,199.5,3.7,1152.71,United States,Credit Card
504277,10498,2026-08-14,P9547,Books,6,14.24,0.5,85.01,United Kingdom,Debit Card
509609,11151,2026-04-12,P6552,Books,1,31.18,29.9,21.86,Australia,Digital Wallet
501278,10141,2026-03-22,P5000,Electronics,3,321.91,18.3,789.0,Pakistan,Debit Card
506220,10742,2026-07-29,P3916,Home & Kitchen,3,341.33,21.2,806.9,Pakistan,Credit Card
504907,10588,2026-06-17,P8304,Accessories,6,14.27,4.8,81.51,Pakistan,Digital Wallet
505064,10601,2026-07-28,P6411,Clothing,4,167.09,21.7,523.33,Pakistan,Cash on Delivery
501978,10223,2026-07-14,P2235,Electronics,2,548.46,9.9,988.32,Pakistan,Bank Transfer
501061,10115,2026-03-29,P6125,Home & Kitchen,2,302.41,21.7,473.57,United States,Debit Card
505014,10597,2026-03-01,P1645,Sports,1,110.94,12.1,97.52,Australia,Digital Wallet
504535,10537,2026-04-09,P1376,Clothing,1,131.2,18.6,106.8,Pakistan,Bank Transfer
506993,10838,2026-08-15,P9849,Clothing,1,62.32,19.8,49.98,United States,Debit Card
509253,11101,2026-08-08,P2744,Home & Kitchen,5,135.73,9.2,616.21,United Kingdom,Bank Transfer
501502,10165,2026-07-25,P6565,Clothing,3,83.22,6.6,233.18,United States,Cash on Delivery
508568,11020,2026-08-10,P2602,Books,2,22.62,8.5,41.39,United States,Cash on Delivery
509314,11108,2026-08-04,P4897,Home & Kitchen,1,217.81,18.6,177.3,Pakistan,Debit Card
508836,11050,2026-07-22,P6356,Sports,2,235.68,1.3,465.23,Pakistan,Credit Card
508920,11065,2026-06-14,P9831,Electronics,2,469.62,13.6,811.5,Pakistan,Credit Card
504918,10588,2026-07-18,P1604,Books,3,51.95,3.1,151.02,Pakistan,Bank Transfer
500678,10072,2026-04-30,P9774,Home & Kitchen,2,195.48,16.3,327.23,Australia,Credit Card
505076,10602,2026-07-28,P4536,Books,4,9.05,22.6,28.02,Pakistan,Debit Card
508064,10964,2026-08-05,P8101,Clothing,1,97.2,19.3,78.44,United Kingdom,Bank Transfer
507568,10902,2026-08-15,P2191,Beauty,4,140.58,10.7,502.15,Pakistan,Digital Wallet
500102,10011,2026-08-14,P9362,Clothing,4,148.66,7.5,550.04,United States,Digital Wallet
500957,10101,2026-07-16,P6012,Electronics,2,315.75,5.2,598.66,Pakistan,Bank Transfer
508556,11020,2026-07-30,P4419,Electronics,3,640.42,14.8,1636.91,Australia,Debit Card
503785,10439,2026-05-28,P6383,Electronics,2,559.68,28.8,796.98,United States,Debit Card
509630,11156,2026-04-25,P6038,Electronics,3,667.91,39.1,1220.27,Pakistan,Debit Card
507173,10860,2026-08-13,P7137,Electronics,3,275.41,6.8,770.05,Pakistan,Credit Card
504043,10463,2026-06-27,P7922,Sports,2,154.77,39.5,187.27,Australia,Cash on Delivery
502648,10309,2026-05-05,P6689,Sports,2,98.7,18.3,161.28,Pakistan,Digital Wallet
506000,10717,2026-07-03,P4939,Clothing,1,96.48,44.3,53.74,Australia,Credit Card
507927,10947,2026-07-11,P1674,Clothing,2,89.96,5.7,169.66,Pakistan,Credit Card
502826,10332,2026-04-25,P6452,Sports,3,152.95,36.8,289.99,United States,Credit Card
504094,10470,2026-03-01,P8408,Accessories,2,69.25,25.0,103.88,Canada,Digital Wallet
507774,10931,2026-07-28,P6204,Clothing,3,137.16,4.7,392.14,Pakistan,Digital Wallet
509258,11101,2026-08-11,P7802,Clothing,7,48.09,5.1,319.46,United States,Cash on Delivery
508113,10969,2026-05-06,P1478,Beauty,3,65.65,14.9,167.6,Pakistan,Cash on Delivery
504772,10570,2026-08-03,P6665,Sports,4,135.92,5.6,513.23,United Kingdom,Bank Transfer
501947,10219,2026-03-18,P4083,Books,3,21.16,17.0,52.69,United Kingdom,Bank Transfer
506109,10729,2026-07-23,P9421,Books,3,48.28,12.9,126.16,Canada,Bank Transfer
502299,10265,2026-03-26,P4630,Clothing,2,95.58,5.2,181.22,Pakistan,Debit Card
507844,10939,2026-06-25,P4003,Books,4,9.61,1.2,37.98,Australia,Credit Card
504382,10516,2026-08-10,P6951,Beauty,7,95.84,1.9,658.13,Canada,Credit Card
505425,10641,2026-08-02,P1042,Clothing,7,163.83,8.0,1055.07,Australia,Credit Card
506771,10817,2026-05-31,P4903,Home & Kitchen,2,272.19,17.4,449.66,United Kingdom,Cash on Delivery
508578,11022,2026-05-02,P1558,Clothing,3,91.36,1.1,271.07,United States,Debit Card
504291,10503,2026-06-28,P1920,Clothing,1,148.68,6.2,139.46,Pakistan,Credit Card
500528,10059,2026-08-14,P1037,Home & Kitchen,7,310.0,6.5,2028.95,United States,Credit Card
501233,10134,2026-07-11,P5840,Clothing,4,32.45,3.8,124.87,Canada,Credit Card
500779,10080,2026-08-04,P1443,Sports,6,124.25,2.1,729.84,Pakistan,Digital Wallet
505859,10701,2026-04-24,P9863,Clothing,1,32.13,13.7,27.73,Pakistan,Bank Transfer
503059,10361,2026-08-01,P3592,Beauty,1,96.96,18.2,79.31,United States,Debit Card
508587,11023,2025-12-19,P4979,Home & Kitchen,2,121.31,24.8,182.45,Pakistan,Debit Card
501860,10207,2026-08-07,P9644,Sports,5,86.48,14.6,369.27,United Kingdom,Debit Card
508438,11005,2026-04-05,P5036,Electronics,3,417.76,40.4,746.95,United States,Cash on Delivery
507403,10888,2026-07-14,P8215,Clothing,2,97.37,13.2,169.03,United Kingdom,Bank Transfer
504639,10557,2026-06-23,P7766,Clothing,4,150.21,11.4,532.34,Pakistan,Credit Card
504250,10494,2026-07-10,P1158,Electronics,1,94.6,8.4,86.65,United Kingdom,Debit Card
501992,10224,2026-07-05,P6243,Accessories,4,114.79,16.3,384.32,Pakistan,Cash on Delivery
507379,10884,2026-08-07,P2011,Electronics,4,175.51,1.5,691.51,Canada,Digital Wallet
507305,10879,2026-07-15,P4158,Accessories,7,12.18,0.0,85.26,United Kingdom,Cash on Delivery
505303,10626,2026-07-12,P1616,Accessories,4,64.82,4.1,248.65,Pakistan,Bank Transfer
508192,10978,2026-07-22,P2396,Accessories,7,116.7,4.5,780.14,United Kingdom,Debit Card
507447,10891,2026-08-01,P9527,Sports,2,192.05,37.0,241.98,United Kingdom,Bank Transfer
502471,10288,2026-01-19,P7460,Beauty,2,40.44,16.6,67.45,United Kingdom,Credit Card
507197,10867,2026-04-27,P8510,Electronics,3,293.33,9.7,794.63,United States,Bank Transfer
505312,10627,2026-07-04,P3410,Beauty,1,28.5,10.3,25.56,Pakistan,Bank Transfer
509035,11073,2026-07-08,P6849,Clothing,4,139.01,1.8,546.03,Pakistan,Cash on Delivery
501396,10153,2026-07-13,P9273,Beauty,4,89.65,13.5,310.19,Pakistan,Digital Wallet
504002,10460,2026-08-07,P6172,Sports,3,42.59,4.6,121.89,Pakistan,Digital Wallet
505371,10635,2026-08-08,P1020,Clothing,4,47.22,5.0,179.44,United Kingdom,Bank Transfer
503235,10378,2026-07-09,P3545,Electronics,7,402.14,9.8,2539.11,United Kingdom,Digital Wallet
501042,10112,2026-06-19,P1676,Beauty,4,129.64,14.9,441.29,Canada,Cash on Delivery
503298,10385,2026-05-30,P1765,Accessories,2,115.63,31.8,157.72,Pakistan,Digital Wallet
507256,10874,2026-01-10,P6288,Books,3,35.93,20.2,86.02,United States,Digital Wallet
500257,10027,2026-06-21,P6724,Beauty,5,135.21,3.6,651.71,United Kingdom,Credit Card
507286,10876,2026-06-26,P7005,Home & Kitchen,5,289.67,20.2,1155.78,Australia,Digital Wallet
508616,11029,2026-05-21,P8211,Beauty,2,42.84,13.1,74.46,United States,Bank Transfer
507816,10936,2026-07-27,P5218,Clothing,3,79.76,11.6,211.52,Pakistan,Cash on Delivery
505843,10699,2026-04-01,P2596,Sports,2,131.56,22.3,204.44,Pakistan,Digital Wallet
502089,10237,2026-08-03,P5757,Sports,5,35.61,1.3,175.74,Canada,Credit Card
507702,10920,2026-08-11,P5800,Home & Kitchen,7,112.48,11.5,696.81,Australia,Bank Transfer
500503,10057,2026-08-07,P3825,Home & Kitchen,4,125.26,0.3,499.54,United States,Cash on Delivery
505265,10622,2026-05-23,P9133,Clothing,1,177.75,6.6,166.02,Australia,Cash on Delivery
508814,11048,2026-08-02,P8458,Electronics,2,254.19,14.0,437.21,United States,Digital Wallet
501345,10149,2026-05-30,P2794,Beauty,6,132.18,7.6,732.81,Canada,Credit Card
508455,11008,2026-03-29,P3985,Accessories,2,79.02,19.5,127.22,Pakistan,Digital Wallet
505046,10600,2026-07-17,P2416,Clothing,6,77.2,4.5,442.36,Pakistan,Debit Card
502248,10260,2026-07-17,P8454,Home & Kitchen,2,220.16,5.7,415.22,Pakistan,Bank Transfer
504981,10591,2026-08-14,P7386,Sports,7,179.61,12.4,1101.37,Australia,Debit Card
500372,10038,2026-08-15,P4690,Clothing,4,44.2,5.6,166.9,United States,Debit Card
508454,11008,2026-03-25,P5057,Books,3,71.96,33.9,142.7,United Kingdom,Debit Card
503370,10395,2026-07-18,P2353,Home & Kitchen,5,159.38,3.0,772.99,Pakistan,Digital Wallet
502006,10226,2026-07-06,P3790,Sports,1,48.54,9.3,44.03,United Kingdom,Bank Transfer
503656,10430,2026-08-06,P6449,Sports,4,26.99,13.7,93.17,Canada,Digital Wallet
508327,10993,2026-04-14,P6129,Beauty,5,109.86,20.3,437.79,Pakistan,Credit Card
507521,10899,2026-07-27,P8575,Clothing,3,38.49,10.3,103.58,Pakistan,Cash on Delivery
504001,10460,2026-08-04,P6382,Books,5,28.68,7.7,132.36,United States,Cash on Delivery
506072,10727,2026-06-26,P3663,Sports,4,164.65,2.6,641.48,Canada,Digital Wallet
508736,11039,2026-07-15,P1063,Clothing,2,149.37,12.9,260.2,Pakistan,Credit Card
500997,10106,2026-04-27,P8791,Clothing,2,136.9,17.9,224.79,United States,Debit Card
508179,10978,2026-06-04,P7847,Home & Kitchen,6,260.04,12.1,1371.45,United Kingdom,Credit Card
503290,10385,2026-03-20,P3713,Electronics,3,171.4,44.6,284.87,United States,Cash on Delivery
501176,10129,2026-08-05,P5555,Books,6,68.94,1.3,408.26,United States,Debit Card
500551,10061,2026-07-25,P8396,Sports,3,240.02,21.1,568.13,United States,Bank Transfer
500744,10078,2026-08-12,P1124,,7,216.95,11.8,1339.45,Pakistan,Digital Wallet
507223,10870,2025-12-28,P9275,Clothing,3,110.73,22.0,259.11,Pakistan,Digital Wallet
504554,10540,2026-08-04,P7684,Clothing,5,156.91,3.1,760.23,Australia,Credit Card
502859,10334,2026-08-13,P2261,Home & Kitchen,7,339.03,3.9,2280.65,Pakistan,Bank Transfer
508820,11048,2026-08-05,P9185,Sports,2,69.31,8.3,127.11,Pakistan,Debit Card
503459,10407,2026-07-02,P7992,Electronics,4,143.68,16.9,477.59,Pakistan,Bank Transfer
502724,10317,2026-06-10,P1753,Accessories,3,70.44,18.2,172.86,United States,Digital Wallet
506847,10822,2026-08-12,P4617,Sports,3,33.01,7.2,91.9,Canada,Bank Transfer
507615,10909,2026-08-04,P4007,Books,2,45.39,9.7,81.97,Pakistan,Credit Card
507547,10902,2026-07-13,P2358,Beauty,6,124.32,7.4,690.72,Pakistan,Credit Card
509174,11090,2026-07-25,P8246,Home & Kitchen,4,112.93,7.9,416.03,United States,Cash on Delivery
506393,10766,2026-05-03,P6656,Clothing,2,105.39,4.7,200.87,United Kingdom,Cash on Delivery
505358,10633,2026-03-09,P2465,Clothing,3,79.76,18.3,195.49,Pakistan,Cash on Delivery
509488,11132,2026-01-05,P4475,Clothing,1,77.36,13.0,67.3,Australia,Digital Wallet
502968,10348,2026-07-05,P4480,Clothing,2,122.24,8.4,223.94,United States,Credit Card
500693,10073,2026-07-15,P4065,Home & Kitchen,4,84.75,10.6,303.07,Pakistan,Credit Card
502533,10294,2026-03-18,P8058,Accessories,3,68.14,7.3,189.5,Canada,Credit Card
506399,10767,2026-07-04,P7595,Clothing,2,100.78,27.1,146.94,Australia,Debit Card
500982,10103,2026-07-19,P6491,Clothing,5,71.31,21.6,279.54,Pakistan,Digital Wallet
505364,10634,2026-05-24,P5486,Beauty,2,106.67,20.4,169.82,Pakistan,Digital Wallet
500079,10010,2026-04-08,P4748,Books,2,18.16,26.9,26.55,Pakistan,Cash on Delivery
504053,10466,2026-06-17,P8051,Books,5,21.14,10.7,94.39,United Kingdom,Debit Card
506258,10747,2026-07-30,P2337,Clothing,4,78.19,6.4,292.74,Canada,Credit Card
509576,11142,2026-07-06,P5187,Home & Kitchen,3,134.14,17.4,332.4,Pakistan,Cash on Delivery
509025,11072,2026-07-16,P5717,Beauty,3,130.48,6.7,365.21,United States,Cash on Delivery
503107,10370,2026-05-31,P3580,Sports,4,110.07,13.9,379.08,Australia,Cash on Delivery
503601,10423,2026-07-08,P5660,Electronics,5,272.36,7.6,1258.3,Canada,Cash on Delivery
506073,10727,2026-06-28,P3593,Clothing,5,117.8,8.5,538.94,United States,Digital Wallet
508126,10973,2026-05-01,P1805,Sports,2,51.45,38.2,63.59,United Kingdom,Bank Transfer
502142,10245,2026-07-19,P3609,Electronics,5,635.52,3.9,3053.67,,Debit Card
506310,10755,2026-07-11,P4571,Books,7,74.51,3.6,502.79,Pakistan,Bank Transfer
502268,10260,2026-08-12,P3607,,3,94.5,1.7,278.68,Pakistan,Cash on Delivery
500445,10050,2026-07-06,P9215,Home & Kitchen,1,283.66,16.2,237.71,Canada,Cash on Delivery
504883,10587,2026-06-20,P1198,Beauty,3,38.75,8.8,106.02,United Kingdom,Cash on Delivery
504466,10525,2026-08-03,P4983,Home & Kitchen,1,349.53,18.5,284.87,United Kingdom,Credit Card
509026,11072,2026-07-18,P1158,Electronics,5,169.46,7.8,781.21,Pakistan,Digital Wallet
506632,10795,2026-07-27,P9043,Accessories,4,75.41,12.9,262.73,Pakistan,Debit Card
503316,10387,2026-06-21,P9649,Books,1,77.97,14.4,66.74,Pakistan,Digital Wallet
501701,10186,2026-02-13,P4887,Home & Kitchen,3,314.22,2.7,917.21,Pakistan,Credit Card
502526,10293,2026-03-10,P2067,Clothing,1,119.1,31.4,81.7,United Kingdom,Digital Wallet
500068,10008,2026-01-30,P8381,Electronics,2,288.09,5.8,542.76,Pakistan,Digital Wallet
501168,10129,2026-07-31,P1375,Home & Kitchen,4,254.55,14.9,866.49,United States,Digital Wallet
500048,10006,2026-07-28,P1896,Accessories,2,57.44,1.3,113.39,Pakistan,Bank Transfer
501053,10114,2026-06-04,P3824,Home & Kitchen,2,44.58,38.9,54.48,Pakistan,Cash on Delivery
504029,10462,2026-02-21,P2119,Home & Kitchen,1,200.25,14.4,171.41,Pakistan,Debit Card
500880,10093,2026-07-25,P4736,Electronics,3,593.53,23.8,1356.81,Canada,Bank Transfer
502651,10309,2026-06-05,P5120,Beauty,1,146.74,29.8,103.01,Pakistan,Bank Transfer
507759,10930,2026-06-14,P8590,Clothing,2,31.47,2.8,61.18,Canada,Bank Transfer
502439,10284,2026-08-13,P7123,Electronics,4,99.46,13.7,343.34,Pakistan,Cash on Delivery
504924,10588,2026-08-12,P4224,Clothing,7,65.89,3.3,446.01,United States,Credit Card
501467,10161,2026-05-07,P2210,Books,4,18.53,12.9,64.56,United Kingdom,Digital Wallet
507292,10876,2026-08-05,P3962,Clothing,4,108.8,24.3,329.45,Pakistan,Digital Wallet
505035,10600,2026-06-05,P2184,Electronics,3,89.14,3.5,258.06,Canada,Debit Card
502441,10284,2026-08-14,P9813,Beauty,6,144.84,10.0,782.14,United Kingdom,Debit Card
506554,10780,2026-04-02,P3227,Accessories,3,48.88,5.2,139.01,United Kingdom,Credit Card
500230,10024,2026-06-19,P1004,Clothing,2,35.3,1.4,69.61,United Kingdom,Credit Card
501320,10146,2026-07-08,P5364,Accessories,3,116.22,14.9,296.71,United States,Digital Wallet
500041,10006,2026-07-07,P1974,Home & Kitchen,5,67.42,12.3,295.64,Pakistan,Bank Transfer
500777,10080,2026-07-31,P2291,Books,6,27.17,6.3,152.75,United Kingdom,Debit Card
508950,11068,2026-07-06,P5937,Books,7,57.91,8.5,370.91,Pakistan,Digital Wallet
508404,11001,2026-07-10,P6545,Accessories,4,45.94,7.5,169.98,United Kingdom,Digital Wallet
501729,10190,2026-08-12,P2745,Electronics,4,187.31,8.4,686.3,Pakistan,Credit Card
503910,10451,2026-03-11,P2627,Books,2,20.42,35.7,26.26,Canada,Digital Wallet
500579,10064,2026-06-25,P2671,Clothing,2,114.69,3.7,220.89,Pakistan,Digital Wallet
509941,11195,2026-07-02,P1301,Beauty,4,72.76,13.0,253.2,United Kingdom,Cash on Delivery
505839,10697,2026-08-03,P1983,Electronics,5,663.52,14.1,2849.82,Pakistan,Cash on Delivery
508271,10984,2026-07-23,P9116,Electronics,3,381.57,4.4,1094.34,Pakistan,Credit Card
507275,10875,2026-08-11,P9216,Clothing,4,178.34,4.7,679.83,Pakistan,Debit Card
501491,10165,2026-07-02,P5376,Home & Kitchen,5,272.78,0.6,1355.72,United States,Debit Card
509109,11081,2026-06-01,P6194,Sports,1,220.7,24.5,166.63,United States,Digital Wallet
505610,10666,2026-08-06,P8456,Home & Kitchen,2,116.58,23.3,178.83,United Kingdom,Bank Transfer
500061,10007,2026-07-23,P4217,Accessories,5,36.09,5.7,170.16,Australia,Debit Card
505471,10645,2026-07-19,P9385,Accessories,3,21.1,14.0,54.44,United States,Cash on Delivery
503905,10450,2026-08-11,P7408,Home & Kitchen,3,292.49,3.0,851.15,Pakistan,Cash on Delivery
506531,10778,2026-02-23,P7973,Beauty,3,102.27,32.7,206.48,Pakistan,Bank Transfer
500402,10043,2026-07-08,P4641,Sports,5,167.97,12.4,735.71,Canada,Digital Wallet
500332,10033,2026-07-22,P5868,Home & Kitchen,2,82.0,2.9,159.24,United States,Cash on Delivery
502084,10237,2026-07-29,P8918,Sports,4,113.94,10.0,410.18,United States,Credit Card
509557,11141,2026-03-30,P4025,Beauty,3,92.11,34.0,182.38,United Kingdom,Cash on Delivery
500164,10016,2026-08-10,P5661,Clothing,5,148.38,3.4,716.68,Australia,Digital Wallet
504379,10516,2026-08-08,P9759,Electronics,5,538.2,3.6,2594.12,Canada,Credit Card
502715,10315,2026-08-04,P1722,Beauty,2,132.83,16.9,220.76,Canada,Cash on Delivery
508923,11066,2026-06-15,P8018,Beauty,2,78.37,24.6,118.18,Canada,Cash on Delivery
507346,10883,2026-07-18,P9610,Clothing,5,119.78,8.0,550.99,Pakistan,Bank Transfer
505453,10644,2026-04-30,P4048,Beauty,3,86.26,11.5,229.02,Australia,Debit Card
507046,10847,2026-06-19,P8274,Books,2,57.19,8.3,104.89,United Kingdom,Debit Card
501334,10146,2026-08-03,P1949,Electronics,4,284.43,5.3,1077.42,Pakistan,Bank Transfer
508698,11035,2026-08-05,P6927,Accessories,6,19.05,7.0,106.3,Australia,Bank Transfer
501659,10180,2026-08-09,P5907,Clothing,6,56.5,8.2,311.2,Pakistan,Credit Card
503578,10421,2026-06-20,P1503,Electronics,2,134.46,39.4,162.97,Pakistan,Debit Card
500753,10079,2026-06-21,P5861,Beauty,1,99.88,3.7,96.18,Pakistan,Debit Card
506584,10785,2026-06-17,P6813,Electronics,3,638.41,14.3,1641.35,United States,Digital Wallet
500706,10074,2026-04-07,P7057,Home & Kitchen,1,338.93,41.5,198.27,United Kingdom,Digital Wallet
503014,10354,2026-07-27,P4556,Sports,4,205.6,15.0,699.04,United Kingdom,Bank Transfer
508558,11020,2026-07-30,P5055,Electronics,6,447.48,1.8,2636.55,Australia,Credit Card
509875,11188,2026-07-06,P1597,Beauty,2,143.78,4.1,275.77,Canada,Debit Card
509582,11145,2026-05-31,P8698,Books,1,59.81,17.0,49.64,Pakistan,Credit Card
508928,11066,2026-07-19,P2715,Books,2,25.87,15.5,43.72,Canada,Debit Card
509556,11140,2026-07-01,P4528,Beauty,3,37.83,5.3,107.48,Pakistan,Cash on Delivery
508983,11069,2026-07-24,P8122,Home & Kitchen,5,276.74,19.5,1113.88,Pakistan,Debit Card
501834,10206,2026-08-06,P4297,Beauty,2,114.82,10.8,204.84,Pakistan,Debit Card
502996,10349,2026-07-12,P9828,Clothing,2,100.63,10.9,179.32,United Kingdom,Digital Wallet
505427,10641,2026-08-10,P7113,Home & Kitchen,2,41.55,1.6,81.77,Pakistan,Credit Card
503879,10448,2026-06-12,P1506,Beauty,3,103.02,30.9,213.56,United States,Digital Wallet
507156,10860,2026-08-08,P4987,Sports,3,140.38,7.5,389.55,Canada,Cash on Delivery
505081,10602,2026-08-08,P2799,Home & Kitchen,4,194.39,21.2,612.72,Australia,Bank Transfer
509114,11081,2026-08-06,P5598,Clothing,2,37.51,20.0,60.02,Pakistan,Debit Card
507244,10872,2026-05-13,P8444,Sports,5,201.94,7.5,933.97,Pakistan,Bank Transfer
505400,10639,2026-04-11,P4998,Beauty,1,128.24,12.0,112.85,Pakistan,Cash on Delivery
505395,10638,2026-07-30,P2693,Sports,3,183.12,15.8,462.56,Australia,Cash on Delivery
509427,11120,2026-08-15,P7824,Books,7,19.83,5.5,131.18,Pakistan,Bank Transfer
502246,10260,2026-07-16,P3014,Home & Kitchen,6,306.5,10.5,1645.9,Pakistan,Bank Transfer
500835,10087,2026-08-07,P8140,Beauty,3,77.68,21.3,183.4,Pakistan,Digital Wallet
508394,10999,2026-03-03,P3593,Accessories,1,26.31,20.4,20.94,Pakistan,Bank Transfer
509042,11073,2026-08-03,P4664,Clothing,7,150.61,3.5,1017.37,Pakistan,Digital Wallet
500432,10047,2026-06-19,P2079,Books,5,16.4,8.5,75.03,United States,Bank Transfer
503378,10396,2026-03-23,P7846,Books,2,35.39,14.2,60.73,United States,Debit Card
506817,10820,2026-06-25,P5067,Beauty,2,109.22,11.0,194.41,United Kingdom,Digital Wallet
508131,10973,2026-06-21,P7339,Clothing,2,134.32,32.0,182.68,Pakistan,Digital Wallet
509621,11152,2026-08-03,P4193,Electronics,1,689.33,26.3,508.04,United States,Bank Transfer
506066,10726,2026-04-14,P5356,Clothing,3,126.56,31.2,261.22,Australia,Bank Transfer
501193,10130,2026-07-24,P3163,Electronics,3,339.11,23.9,774.19,Pakistan,Bank Transfer
506934,10832,2026-07-26,P9816,Home & Kitchen,3,297.03,19.9,713.76,Australia,Debit Card
505461,10644,2026-08-02,P2630,Clothing,2,88.99,5.1,168.9,United States,Credit Card
503071,10362,2026-05-08,P6948,Sports,2,109.05,21.4,171.43,United Kingdom,Credit Card
503044,10357,2026-07-30,P1910,Books,5,14.43,4.7,68.76,Pakistan,Digital Wallet
503263,10380,2026-08-11,P6471,Clothing,5,101.15,14.1,434.44,Pakistan,Credit Card
502729,10318,2026-06-25,P1859,Books,3,67.85,23.1,156.53,Pakistan,Debit Card
503433,10404,2026-05-06,P6554,Home & Kitchen,2,38.61,38.5,47.49,Pakistan,Debit Card
500433,10047,2026-07-18,P8233,Accessories,4,18.57,9.4,67.3,Australia,Cash on Delivery
503272,10381,2026-07-05,P2732,Sports,4,93.73,10.1,337.05,United States,Bank Transfer
507001,10841,2026-07-03,P6060,Sports,4,148.38,6.2,556.72,Pakistan,Credit Card
509726,11165,2026-07-31,P5142,Clothing,2,94.48,5.3,178.95,Pakistan,Credit Card
500104,10011,2026-08-14,P8244,Clothing,3,40.09,7.9,110.77,Pakistan,Cash on Delivery
503315,10387,2026-06-11,P6315,Books,2,20.6,16.5,34.4,United States,Cash on Delivery
501656,10180,2026-07-29,P4564,Sports,5,30.16,10.4,135.12,United Kingdom,Bank Transfer
501533,10168,2026-05-16,P9989,Books,1,53.94,15.3,45.69,Pakistan,Digital Wallet
504680,10560,2026-03-07,P9704,Clothing,2,129.84,7.4,240.46,Pakistan,Credit Card
508813,11048,2026-08-02,P9582,Books,6,47.04,14.0,242.73,United States,Credit Card
509002,11070,2026-07-24,P7463,Beauty,5,21.01,22.4,81.52,United Kingdom,Credit Card
506622,10793,2026-06-03,P1658,Books,1,21.91,21.9,17.11,Pakistan,Digital Wallet
501443,10159,2026-07-20,P2244,Accessories,1,83.69,5.1,79.42,United States,Debit Card
500214,10022,2026-08-15,P1277,Beauty,6,61.12,7.7,338.48,United Kingdom,Bank Transfer
505356,10633,2026-01-06,P6241,Electronics,1,529.52,4.5,505.69,Pakistan,Bank Transfer
509218,11096,2026-08-06,P2721,Clothing,5,91.68,6.0,430.9,Pakistan,Digital Wallet
506322,10757,2026-07-21,P9989,Clothing,3,73.97,18.6,180.63,United States,Credit Card
504989,10593,2026-04-30,P7740,Books,3,43.09,23.2,99.28,Pakistan,Credit Card
501419,10156,2026-06-19,P3106,,3,176.34,3.8,508.92,United States,Digital Wallet
509516,11134,2026-04-06,P3773,Beauty,5,143.55,3.4,693.35,United Kingdom,Credit Card
508606,11028,2026-07-26,P8589,Home & Kitchen,1,307.39,44.9,169.37,Pakistan,Debit Card
500181,10019,2026-04-18,P5961,Books,2,71.18,21.7,111.47,Pakistan,Debit Card
504352,10515,2026-07-28,P8132,Clothing,3,134.47,0.5,401.39,United Kingdom,Digital Wallet
508700,11035,2026-08-07,P3228,Electronics,6,89.7,2.1,526.9,Canada,Credit Card
502446,10286,2026-06-10,P3358,Sports,2,28.76,15.0,48.89,Pakistan,Debit Card
505321,10629,2026-06-02,P7210,Clothing,6,58.56,1.7,345.39,Pakistan,Debit Card
508045,10963,2026-06-18,P8518,Clothing,5,116.07,15.0,493.3,United States,Digital Wallet
505684,10677,2026-08-02,P3645,Books,2,75.64,14.7,129.04,United States,Debit Card
503532,10416,2026-04-30,P6577,Accessories,2,119.14,18.4,194.44,Pakistan,Credit Card
508244,10983,2026-07-05,P2468,Sports,6,161.9,4.7,925.74,Pakistan,Cash on Delivery
507976,10956,2026-07-27,P6307,Accessories,3,14.26,18.4,34.91,United Kingdom,Bank Transfer
503698,10432,2026-07-11,P5888,Clothing,2,84.84,22.0,132.35,United States,Credit Card
500070,10009,2026-01-16,P1075,Books,2,60.64,19.5,97.63,Pakistan,Debit Card
500544,10061,2026-07-12,P5311,Beauty,5,69.61,14.6,297.23,United Kingdom,Cash on Delivery
501204,10132,2026-07-05,P6960,Clothing,1,92.51,0.7,91.86,Pakistan,Credit Card
503078,10363,2026-07-17,P1102,Sports,3,127.76,7.7,353.77,United States,Debit Card
509106,11081,2026-04-15,P1665,Clothing,1,136.48,17.2,113.01,United States,Digital Wallet
509120,11082,2026-07-03,P1607,Electronics,4,543.51,13.2,1887.07,Pakistan,Bank Transfer
509680,11161,2026-08-09,P3384,Books,1,21.51,15.3,18.22,Australia,Digital Wallet
506180,10737,2026-08-04,P7477,Electronics,5,497.44,21.4,1954.94,Pakistan,Credit Card
508329,10993,2026-04-16,P7092,Electronics,5,126.69,4.0,608.11,Pakistan,Bank Transfer
504284,10501,2026-05-22,P7970,Home & Kitchen,2,222.4,12.0,391.42,Pakistan,Digital Wallet
504007,10460,2026-08-11,P7017,Home & Kitchen,7,67.75,12.8,413.55,Canada,Digital Wallet
508713,11037,2026-08-11,P9396,Sports,4,57.17,22.4,177.46,United States,Debit Card
500877,10093,2026-04-14,P9254,Clothing,2,102.24,41.1,120.44,Australia,Digital Wallet
508060,10964,2026-07-20,P5439,Clothing,3,87.17,17.7,215.22,United Kingdom,Debit Card
500196,10022,2026-07-13,P6840,Clothing,2,122.85,7.9,226.29,United States,Bank Transfer
509746,11168,2026-07-14,P6827,Electronics,2,156.02,21.5,244.95,Pakistan,Bank Transfer
504010,10461,2026-06-02,P4974,Clothing,6,34.19,1.9,201.24,Australia,Credit Card
509962,11197,2026-02-09,P2146,Beauty,1,64.7,17.5,53.38,Australia,Debit Card
502571,10298,2026-07-08,P1762,Home & Kitchen,1,240.75,1.9,236.18,Canada,Credit Card
503753,10437,2026-06-02,P6175,Electronics,5,497.19,12.2,2182.66,United States,Debit Card
509247,11100,2026-08-04,P4779,Sports,5,95.47,10.7,426.27,Pakistan,Debit Card
508628,11030,2026-07-22,P6080,Electronics,1,358.66,15.6,302.71,Pakistan,Credit Card
509368,11113,2026-08-03,P4323,Clothing,1,154.48,18.7,125.59,United Kingdom,Digital Wallet
506159,10735,2026-08-06,P9884,Electronics,5,532.48,0.7,2643.76,United States,Digital Wallet
504791,10573,2026-07-21,P1226,Beauty,5,29.29,14.7,124.92,Australia,Cash on Delivery
505337,10630,2026-07-16,P5926,Sports,2,161.87,9.1,294.28,Australia,Cash on Delivery
503024,10355,2026-07-06,P4842,Clothing,2,121.86,5.7,229.83,Canada,Digital Wallet
502718,10316,2026-04-01,P1302,Beauty,2,139.61,18.3,228.12,Pakistan,Credit Card
508655,11033,2026-07-04,P3232,Clothing,1,52.98,18.2,43.34,United Kingdom,Credit Card
506916,10829,2026-06-16,P9901,Books,1,14.54,23.9,11.06,Pakistan,Cash on Delivery
503984,10460,2026-07-14,P9358,Sports,5,85.7,5.2,406.22,United States,Credit Card
507308,10879,2026-07-17,P8184,Clothing,7,39.43,7.2,256.14,Pakistan,Digital Wallet
505953,10708,2026-06-12,P8300,Sports,1,106.56,22.2,82.9,Pakistan,Debit Card
503844,10443,2026-08-02,P1546,Beauty,3,110.15,13.1,287.16,United States,Debit Card
502682,10312,2026-07-26,P2716,Beauty,6,53.73,2.7,313.68,Canada,Credit Card
504024,10461,2026-08-01,P2796,Electronics,3,675.81,3.0,1966.61,Canada,Digital Wallet
508715,11037,2026-08-12,P2215,Accessories,5,47.44,17.5,195.69,Australia,Cash on Delivery
503139,10371,2026-08-05,P9552,Clothing,4,154.21,10.6,551.45,United States,Debit Card
504237,10493,2026-06-19,P8202,Home & Kitchen,4,101.04,8.1,371.42,United Kingdom,Bank Transfer
500218,10023,2026-07-20,P4203,Home & Kitchen,2,48.34,4.2,92.62,Pakistan,Credit Card
506618,10791,2026-08-13,P9137,Clothing,3,160.59,11.2,427.81,Pakistan,Debit Card
509606,11150,2026-03-14,P3653,Electronics,3,507.46,24.2,1153.96,Canada,Digital Wallet
505268,10622,2026-06-01,P6512,Home & Kitchen,2,158.25,3.6,305.11,United States,Credit Card
502543,10295,2026-07-20,P5557,Electronics,5,483.99,9.1,2199.73,Australia,Debit Card
502870,10335,2026-07-01,P5751,Home & Kitchen,6,76.38,2.2,448.2,Australia,Bank Transfer
501244,10136,2026-06-12,P2212,Home & Kitchen,2,349.46,11.5,618.54,United States,Bank Transfer
500420,10045,2026-08-04,P3739,Beauty,3,80.14,10.1,216.14,Australia,Debit Card
506227,10743,2026-06-16,P4601,Sports,3,64.04,26.6,141.02,Pakistan,Debit Card
502058,10235,2026-06-11,P6474,Beauty,4,38.2,7.8,140.88,United States,Bank Transfer
508493,11014,2026-06-14,P4912,Electronics,2,601.73,8.0,1107.18,United Kingdom,Bank Transfer
506434,10771,2026-07-27,P1697,Clothing,7,42.38,8.2,272.33,United Kingdom,Credit Card
503422,10401,2026-07-27,P6809,Clothing,3,116.73,2.4,341.79,Pakistan,Debit Card
504510,10531,2026-04-10,P8218,Sports,2,103.73,44.6,114.93,United States,Digital Wallet
501166,10129,2026-07-30,P7659,Home & Kitchen,2,50.58,5.1,96.0,Pakistan,Cash on Delivery
500254,10027,2026-05-31,P1445,Home & Kitchen,4,38.67,14.0,133.02,Pakistan,Credit Card
500415,10045,2026-07-28,P2963,Electronics,2,449.07,25.0,673.61,United Kingdom,Credit Card
509175,11090,2026-07-26,P6279,Beauty,4,36.86,18.3,120.46,Pakistan,Credit Card
503469,10408,2026-06-29,P2346,Home & Kitchen,7,233.65,13.3,1418.02,Canada,Debit Card
503050,10360,2025-10-14,P8172,Accessories,1,39.27,5.3,37.19,United Kingdom,Cash on Delivery
500759,10079,2026-07-20,P6289,Clothing,2,83.77,14.1,143.92,Pakistan,Bank Transfer
501385,10152,2026-04-02,P6848,Accessories,3,30.08,18.3,73.73,Pakistan,Credit Card
500654,10069,2026-07-28,P5997,Clothing,6,141.24,4.3,811.0,United Kingdom,Cash on Delivery
501201,10132,2026-05-24,P7723,Accessories,5,39.63,14.5,169.42,Pakistan,Debit Card
502413,10283,2026-08-01,P1066,Sports,2,218.63,22.1,340.63,United Kingdom,Bank Transfer
505579,10661,2026-07-20,P3550,Sports,2,135.85,6.2,254.85,United Kingdom,Bank Transfer
505993,10716,2025-10-28,P2859,Electronics,1,318.38,1.8,312.65,Pakistan,Debit Card
505294,10625,2026-05-30,P5667,Clothing,2,145.28,7.7,268.19,Pakistan,Bank Transfer
503055,10361,2026-07-25,P8664,Clothing,2,23.39,24.6,35.27,Canada,Digital Wallet
502830,10332,2026-05-08,P5578,Accessories,3,86.02,15.1,219.09,United Kingdom,Bank Transfer
502970,10348,2026-07-08,P5870,Clothing,5,105.29,14.7,449.06,Pakistan,Digital Wallet
500328,10033,2026-07-10,P3073,Beauty,7,24.54,8.7,156.84,U.S.A.,Cash on Delivery
504270,10498,2026-07-29,P5479,Electronics,5,362.48,2.8,1761.65,Australia,Bank Transfer
505994,10717,2026-05-23,P7466,Electronics,1,663.58,26.3,489.06,United States,Debit Card
504392,10517,2026-06-01,P4451,Home & Kitchen,5,219.88,20.8,870.72,Pakistan,Bank Transfer
502063,10235,2026-07-22,P1824,Clothing,5,97.05,12.4,425.08,Australia,Digital Wallet
508301,10988,2026-06-02,P8218,Accessories,1,118.26,21.2,93.19,Pakistan,Digital Wallet
509013,11071,2026-07-25,P7962,Home & Kitchen,4,197.29,13.7,681.05,Canada,Debit Card
509329,11110,2026-06-25,P5931,,1,12.42,16.0,10.43,United States,Bank Transfer
505169,10611,2026-07-24,P1774,Home & Kitchen,5,81.88,2.6,398.76,United States,Cash on Delivery
504429,10521,2026-05-15,P4379,Books,3,51.2,10.3,137.78,Pakistan,Cash on Delivery
501281,10142,2026-06-08,P9123,Electronics,3,99.58,18.4,243.77,Pakistan,Credit Card
503381,10397,2026-01-20,P7992,Clothing,1,103.4,15.1,87.79,United States,Bank Transfer
502636,10307,2025-12-01,P9298,Clothing,3,131.77,17.8,324.94,Canada,Digital Wallet
503328,10389,2026-06-14,P8150,Home & Kitchen,3,251.01,35.1,488.72,Pakistan,Bank Transfer
506436,10771,2026-08-03,P9863,Sports,3,132.41,3.2,384.52,Canada,Credit Card
505018,10598,2026-05-07,P2958,Home & Kitchen,1,89.46,16.5,74.7,United Kingdom,Cash on Delivery
507324,10880,2026-07-13,P9206,Electronics,5,652.14,1.2,3221.57,United Kingdom,Cash on Delivery
503795,10440,2026-06-26,P3234,Electronics,6,287.88,1.9,1694.46,Pakistan,Digital Wallet
502663,10310,2026-05-17,P6981,Clothing,1,42.59,17.9,34.97,United States,Cash on Delivery
508282,10985,2026-04-28,P8038,Sports,2,176.66,26.5,259.69,Pakistan,Cash on Delivery
501282,10142,2026-06-16,P2345,Clothing,3,54.89,14.0,141.62,United States,Credit Card
504148,10474,2026-03-31,P3367,Home & Kitchen,1,147.2,19.3,118.79,United Kingdom,Digital Wallet
501362,10150,2026-06-05,P4389,Home & Kitchen,5,36.41,7.6,168.21,United Kingdom,Digital Wallet
501437,10158,2026-07-08,P8921,Home & Kitchen,3,67.0,39.9,120.8,United Kingdom,Credit Card
509628,11156,2026-04-01,P1188,Home & Kitchen,1,121.77,44.0,68.19,Pakistan,Credit Card
503441,10405,2026-04-07,P5856,Home & Kitchen,3,131.01,6.9,365.91,Pakistan,Credit Card
500056,10007,2026-07-07,P1807,Home & Kitchen,7,270.01,10.1,1699.17,United States,Bank Transfer
504597,10547,2026-08-04,P5210,Beauty,5,15.71,2.0,76.98,Canada,Credit Card
508479,11011,2026-07-26,P7561,Books,1,72.1,15.0,61.28,Australia,Credit Card
505365,10634,2026-05-26,P4246,Clothing,2,163.43,10.7,291.89,Pakistan,Cash on Delivery
501844,10206,2026-08-14,P2274,Sports,4,154.98,12.8,540.57,Canada,Cash on Delivery
505515,10651,2026-08-02,P3028,Sports,7,109.07,2.0,748.22,Pakistan,Bank Transfer
508573,11021,2025-12-03,P8645,Books,3,36.0,5.0,102.6,United Kingdom,Cash on Delivery
506263,10749,2026-04-11,P9593,Clothing,1,99.34,9.9,89.51,Canada,Digital Wallet
502880,10335,2026-08-05,P7010,Accessories,7,60.33,11.9,372.06,United Kingdom,Digital Wallet
501743,10191,2026-08-12,P7855,Clothing,3,178.01,0.4,531.89,Pakistan,Credit Card
508398,11000,2026-06-12,P4232,Books,1,74.83,24.8,56.27,United Kingdom,Bank Transfer
504169,10477,2026-08-05,P9180,Sports,2,168.46,6.4,315.36,Pakistan,Credit Card
505197,10614,2026-08-03,P5805,Electronics,5,97.21,9.8,438.42,United States,Credit Card
508993,11070,2026-06-10,P5332,Sports,1,80.26,9.6,72.56,Pakistan,Bank Transfer
500740,10078,2026-08-06,P1288,Home & Kitchen,6,79.71,9.1,434.74,Pakistan,Bank Transfer
509066,11074,2026-08-12,P1332,Home & Kitchen,4,106.68,4.2,408.8,Pakistan,Credit Card
501624,10176,2026-08-05,P9550,Books,4,73.73,15.2,250.09,Pakistan,Bank Transfer
500524,10059,2026-08-10,P5490,Books,5,19.73,12.8,86.02,Australia,Debit Card
507999,10958,2026-08-11,P2409,Sports,4,187.03,2.5,729.42,Pakistan,Credit Card
504419,10520,2026-04-20,P5386,Accessories,3,44.85,20.3,107.24,Pakistan,Cash on Delivery
505426,10641,2026-08-05,P2286,Sports,5,70.3,3.4,339.55,Pakistan,Credit Card
506689,10804,2026-07-04,P3253,Books,1,17.06,0.2,17.03,Canada,Digital Wallet
507382,10885,2026-04-03,P2598,Beauty,2,111.31,30.8,154.05,Pakistan,Bank Transfer
500435,10048,2026-04-03,P1400,Sports,2,86.27,0.7,171.33,United States,Cash on Delivery
502960,10346,2026-07-01,P3728,Clothing,3,150.44,16.9,375.05,Pakistan,Debit Card
500308,10032,2026-04-09,P5065,Clothing,3,53.3,16.1,134.16,Pakistan,Credit Card
501565,10169,2026-08-03,P5205,Home & Kitchen,4,342.92,6.9,1277.03,Australia,Digital Wallet
502631,10306,2026-02-16,P2063,Home & Kitchen,3,152.98,9.1,417.18,Pakistan,Debit Card
505597,10665,2026-07-25,P8263,Books,2,15.4,1.1,30.46,Australia,Digital Wallet
509477,11130,2026-07-08,P1941,Clothing,1,40.95,21.7,32.06,Pakistan,Bank Transfer
500401,10043,2026-07-01,P3892,Clothing,5,50.39,13.5,217.94,United States,Cash on Delivery
503826,10441,2026-06-29,P5368,Electronics,4,89.91,14.0,309.29,Canada,Bank Transfer
500881,10093,2026-07-26,P8836,Home & Kitchen,3,146.61,34.1,289.85,United States,Cash on Delivery
503997,10460,2026-07-31,P9402,Sports,2,214.99,14.8,366.34,United Kingdom,Debit Card
507118,10856,2026-05-20,P6321,Electronics,3,234.68,19.0,570.27,Australia,Debit Card
503265,10381,2026-06-05,P8823,Accessories,7,54.49,13.6,329.56,Australia,Bank Transfer
508406,11001,2026-07-18,P5268,Accessories,1,85.06,20.6,67.54,Pakistan,Credit Card
505009,10596,2026-05-06,P9180,Home & Kitchen,3,110.0,3.8,317.46,United States,Debit Card
505736,10682,2026-08-13,P5686,Books,3,60.78,18.8,148.06,Pakistan,Digital Wallet
505554,10657,2026-03-23,P9896,Electronics,3,655.93,2.1,1926.47,United Kingdom,Credit Card
500288,10030,2026-07-12,P4933,Home & Kitchen,5,64.15,13.0,279.05,Canada,Digital Wallet
505564,10658,2026-06-05,P4706,Accessories,2,30.0,9.5,54.3,United Kingdom,Credit Card
508324,10991,2026-07-27,P8432,Books,1,31.03,35.3,20.08,Pakistan,Digital Wallet
502623,10305,2026-07-17,P3759,Electronics,2,685.29,21.1,1081.39,Pakistan,Credit Card
508859,11054,2026-04-09,P9670,Electronics,2,525.07,41.6,613.28,United States,Bank Transfer
500476,10055,2026-02-12,P4175,Home & Kitchen,1,240.99,22.5,186.77,Australia,Debit Card
508591,11025,2025-08-26,P7077,Beauty,1,28.08,19.4,22.63,United Kingdom,Credit Card
509713,11163,2026-08-13,P9196,Accessories,2,35.83,14.5,61.27,United Kingdom,Digital Wallet
506522,10777,2026-07-12,P5850,Beauty,4,69.12,19.3,223.12,Pakistan,Debit Card
503111,10370,2026-06-07,P8419,Books,5,33.59,11.4,148.8,Australia,Debit Card
509470,11129,2026-08-15,P3962,Sports,2,163.25,7.9,300.71,Canada,Digital Wallet
500737,10077,2026-07-22,P1540,Clothing,3,143.45,19.3,347.29,Canada,Debit Card
503133,10371,2026-06-17,P5004,Clothing,3,141.46,10.9,378.12,Australia,Digital Wallet
508047,10963,2026-07-04,P6003,Accessories,5,119.87,17.2,496.26,Pakistan,Credit Card
506551,10779,2026-07-15,P7283,Electronics,1,536.63,32.5,362.23,United States,Digital Wallet
505407,10640,2026-05-14,P3503,Clothing,1,106.02,10.4,94.99,Pakistan,Cash on Delivery
505563,10658,2026-06-01,P9645,Sports,4,222.91,10.7,796.23,Pakistan,Cash on Delivery
505328,10629,2026-07-19,P3796,Accessories,4,40.03,10.7,142.99,Canada,Digital Wallet
506718,10810,2026-06-29,P3325,Clothing,2,95.76,7.7,176.77,Pakistan,Credit Card
505118,10605,2026-07-22,P2232,Clothing,3,31.45,9.8,85.1,United States,Digital Wallet
504619,10550,2026-08-03,P7683,Sports,3,76.24,26.8,167.42,Pakistan,Cash on Delivery
503689,10431,2026-08-12,P2521,Electronics,4,261.86,8.7,956.31,Canada,Digital Wallet
507716,10924,2026-06-28,P1615,Books,2,30.42,33.7,40.34,Canada,Bank Transfer
501839,10206,2026-08-12,P2041,Beauty,6,130.99,2.8,763.93,United States,Debit Card
501995,10225,2026-05-26,P2498,Books,1,74.44,10.2,66.85,United Kingdom,Debit Card
502399,10282,2026-07-16,P3807,Beauty,1,38.63,19.6,31.06,,Credit Card
506510,10776,2026-07-24,P7699,Clothing,5,26.05,10.5,116.57,Pakistan,Cash on Delivery
509356,11112,2026-07-21,P7880,Clothing,5,72.29,9.3,327.84,Australia,Cash on Delivery
504119,10472,2026-03-23,P3464,Beauty,2,19.63,11.2,34.86,Australia,Debit Card
505894,10704,2026-07-05,P7521,Electronics,3,264.9,8.6,726.36,Australia,Bank Transfer
500800,10084,2026-07-28,P8956,Sports,3,135.82,6.7,380.16,Pakistan,Digital Wallet
508423,11004,2026-02-25,P7478,Home & Kitchen,3,157.08,40.2,281.8,Australia,Credit Card
507680,10919,2026-05-13,P4049,Accessories,3,90.19,22.0,211.04,Australia,Bank Transfer
501405,10153,2026-08-12,P7586,Home & Kitchen,6,35.9,5.7,203.12,United States,Debit Card
505431,10641,2026-08-15,P4670,Electronics,2,261.34,9.7,471.98,Pakistan,Debit Card
500069,10009,2025-12-30,P2553,Accessories,2,56.16,5.3,106.37,Pakistan,Cash on Delivery
509543,11136,2026-07-17,P9205,Sports,6,33.65,2.2,197.46,United Kingdom,Cash on Delivery
502759,10322,2026-03-10,P1298,Clothing,2,136.35,38.7,167.17,United States,Bank Transfer
508294,10987,2026-01-31,P4039,Sports,3,123.84,24.9,279.01,Canada,Credit Card
501586,10172,2026-07-10,P1519,Sports,2,97.84,7.7,180.61,United States,Digital Wallet
506666,10801,2026-07-20,P7429,Beauty,2,59.69,30.8,82.61,Pakistan,Bank Transfer
508014,10959,2026-08-12,P8943,Home & Kitchen,4,82.11,5.3,311.03,Pakistan,Bank Transfer
501074,10118,2026-04-12,P5402,Home & Kitchen,1,125.48,2.8,121.97,United Kingdom,Cash on Delivery
503063,10361,2026-08-10,P1242,Home & Kitchen,4,61.05,11.1,217.09,Pakistan,Cash on Delivery
506487,10775,2026-06-04,P3914,Books,1,71.89,43.7,40.47,Canada,Debit Card
504705,10563,2026-07-08,P5600,Electronics,7,527.99,10.6,3304.16,United States,Digital Wallet
509069,11076,2026-05-08,P8415,Beauty,2,146.62,17.5,241.92,Pakistan,Digital Wallet
502603,10301,2026-07-25,P4379,Electronics,2,413.64,8.3,758.62,United States,Credit Card
507738,10926,2026-08-14,P6575,Home & Kitchen,4,172.37,3.2,667.42,Pakistan,Digital Wallet
501579,10172,2026-06-26,P2419,Electronics,4,627.93,12.3,2202.78,Pakistan,Debit Card
505058,10601,2026-04-26,P7363,Clothing,3,97.47,20.4,232.76,USA,Digital Wallet
505753,10685,2025-10-11,P8140,Beauty,3,42.9,15.6,108.62,United States,Debit Card
503548,10418,2026-06-22,P1555,Sports,3,247.69,17.9,610.06,Australia,Credit Card
500409,10044,2025-12-13,P7895,Beauty,1,113.18,17.3,93.6,Australia,Cash on Delivery
504097,10471,2026-08-06,P6186,Accessories,6,41.91,3.4,242.91,United States,Debit Card
506461,10773,2026-07-23,P5310,Electronics,7,604.8,7.6,3911.85,United States,Digital Wallet
505601,10665,2026-08-01,P3914,Beauty,4,44.25,3.7,170.45,Pakistan,Credit Card
505231,10618,2026-08-14,P1631,Beauty,3,16.34,17.6,40.39,United States,Cash on Delivery
503777,10437,2026-08-14,P3754,Clothing,3,141.86,2.4,415.37,United States,Cash on Delivery
502726,10317,2026-07-03,P5053,Electronics,3,278.16,15.2,707.64,United States,Digital Wallet
500477,10055,2026-02-21,P6255,Electronics,2,278.44,12.0,490.05,United States,Bank Transfer
501329,10146,2026-07-27,P4024,Beauty,4,97.35,5.7,367.2,United Kingdom,Digital Wallet
504035,10463,2026-01-19,P6538,Electronics,1,480.47,43.2,272.91,Pakistan,Bank Transfer
509642,11158,2026-02-28,P8824,Electronics,2,365.25,12.6,638.46,Pakistan,Debit Card
501777,10197,2026-04-22,P1166,Sports,3,176.59,27.5,384.08,United Kingdom,Bank Transfer
506096,10728,2026-07-05,P9372,Accessories,2,92.52,36.9,116.76,Australia,Credit Card
500751,10079,2026-06-13,P6718,Accessories,4,64.32,3.5,248.28,Pakistan,Credit Card
505792,10691,2026-06-20,P9536,Home & Kitchen,2,226.16,2.0,443.27,Pakistan,Digital Wallet
504060,10466,2026-07-15,P2819,Sports,5,102.4,14.0,440.32,Canada,Bank Transfer
509041,11073,2026-07-31,P1645,Books,6,51.3,12.6,269.02,Pakistan,Bank Transfer
506030,10722,2026-06-25,P5534,,2,44.84,11.6,79.28,Australia,Debit Card
505898,10704,2026-07-12,P5607,,7,316.01,6.8,2061.65,Australia,Debit Card
509338,11111,2026-05-12,P5799,Home & Kitchen,2,95.66,34.7,124.93,United Kingdom,Bank Transfer
509160,11088,2026-06-20,P4266,Home & Kitchen,3,163.72,24.2,372.3,Pakistan,Credit Card
509996,11200,2026-07-20,P3918,Home & Kitchen,6,138.89,7.2,773.34,Pakistan,Credit Card
505151,10608,2026-08-13,P4203,Clothing,4,44.12,23.3,135.36,United Kingdom,Digital Wallet
500468,10052,2026-08-02,P4185,Accessories,1,19.79,24.7,14.9,Australia,Digital Wallet
501545,10168,2026-08-09,P1189,Beauty,5,106.71,22.2,415.1,United Kingdom,Credit Card
506311,10755,2026-07-27,P5100,Sports,4,139.81,4.2,535.75,Australia,Credit Card
502683,10312,2026-07-30,P8026,Clothing,2,45.97,14.6,78.52,Canada,Debit Card
508966,11068,2026-08-11,P7319,Sports,6,74.41,14.1,383.51,Canada,Cash on Delivery
506181,10737,2026-08-07,P2318,Books,3,74.42,7.0,207.63,Pakistan,Digital Wallet
501025,10110,2026-08-08,P1947,Beauty,5,28.53,1.2,140.94,Pakistan,Cash on Delivery
505112,10605,2026-07-06,P6138,Electronics,3,107.49,2.3,315.05,Canada,Bank Transfer
508562,11020,2026-08-03,P8054,Beauty,7,123.01,9.5,779.27,Pakistan,Bank Transfer
505368,10635,2026-08-04,P6269,Accessories,2,28.44,7.1,52.84,United Kingdom,Debit Card
502354,10272,2026-08-06,P1150,Books,3,50.19,23.6,115.04,United States,Digital Wallet
507278,10875,2026-08-11,P8049,Clothing,2,158.23,14.5,270.57,Pakistan,Digital Wallet
503602,10423,2026-07-08,P3795,Books,2,55.95,9.7,101.05,Pakistan,Digital Wallet
500773,10080,2026-07-24,P2161,Sports,6,135.21,8.6,741.49,Australia,Debit Card
506773,10817,2026-07-01,P3219,Home & Kitchen,3,69.93,1.7,206.22,Pakistan,Digital Wallet
508809,11047,2026-07-31,P9177,Home & Kitchen,5,30.24,6.7,141.07,Australia,Debit Card
503382,10397,2026-03-07,P4669,Electronics,1,548.98,21.5,430.95,United Kingdom,Bank Transfer
500641,10068,2026-06-11,P8933,Accessories,2,90.26,21.9,140.99,Pakistan,Digital Wallet
504233,10493,2026-04-15,P7665,Home & Kitchen,1,124.53,22.9,96.01,United States,Debit Card
503815,10441,2026-05-23,P7045,Sports,7,133.22,3.0,904.56,Canada,Debit Card
504104,10471,2026-08-10,P9334,Accessories,3,28.82,8.6,79.02,United States,Debit Card
509925,11193,2026-05-12,P9216,Sports,3,160.48,16.3,402.97,Pakistan,Credit Card
501108,10123,2026-05-27,P5089,Clothing,5,169.03,3.3,817.26,United States,Cash on Delivery
503527,10415,2026-07-22,P2369,Books,3,66.72,8.8,182.55,Pakistan,Cash on Delivery
503495,10410,2026-08-01,P2467,Beauty,6,47.97,2.4,280.91,Australia,Credit Card
501420,10156,2026-07-01,P8856,Clothing,3,109.1,22.6,253.33,Canada,Debit Card
506923,10830,2026-05-18,P5676,Electronics,3,568.86,9.4,1546.16,Pakistan,Bank Transfer
503881,10448,2026-06-22,P2789,Beauty,3,40.97,24.0,93.41,Canada,Bank Transfer
508353,10996,2026-06-29,P4346,Accessories,5,86.67,4.4,414.28,Australia,Credit Card
506245,10746,2025-08-09,P6389,Clothing,1,127.18,19.0,103.02,Australia,Debit Card
504938,10589,2026-08-06,P6704,Sports,6,152.07,7.4,844.9,Canada,Bank Transfer
506798,10819,2026-07-07,P1836,Books,4,56.81,8.7,207.47,Pakistan,Credit Card
507812,10936,2026-06-29,P9686,Clothing,5,89.72,11.9,395.22,United Kingdom,Debit Card
501680,10182,2026-07-28,P5809,Sports,2,85.75,15.0,145.78,Australia,Bank Transfer
506715,10810,2026-06-23,P4299,Electronics,5,234.83,4.6,1120.14,Canada,Debit Card
500633,10068,2026-04-08,P4185,Clothing,3,149.9,44.2,250.93,Australia,Debit Card
502569,10298,2026-06-30,P9828,Accessories,5,88.37,4.0,424.18,Pakistan,Debit Card
507359,10883,2026-08-05,P3473,Home & Kitchen,3,67.59,2.9,196.89,United Kingdom,Cash on Delivery
502166,10249,2026-03-10,P6310,Home & Kitchen,3,44.45,19.7,107.08,Canada,Digital Wallet
508169,10976,2026-06-13,P1480,Beauty,5,135.68,9.3,615.31,Pakistan,Digital Wallet
508845,11050,2026-07-31,P8989,Home & Kitchen,3,215.14,3.7,621.54,United Kingdom,Bank Transfer
502825,10331,2026-07-31,P9285,Books,1,29.54,15.1,25.08,Canada,Cash on Delivery
504087,10469,2026-07-19,P7831,Electronics,2,388.17,22.9,598.56,Australia,Credit Card
506243,10745,2026-06-07,P8570,Accessories,2,18.22,20.7,28.9,Pakistan,Bank Transfer
508364,10997,2025-11-23,P3002,Clothing,2,162.53,7.5,300.68,Pakistan,Bank Transfer
503941,10457,2026-07-22,P4045,Home & Kitchen,4,210.22,1.2,830.79,United States,Credit Card
509179,11090,2026-08-04,P1346,Home & Kitchen,5,266.14,2.9,1292.11,Pakistan,Bank Transfer
508075,10965,2026-06-20,P7493,Sports,4,55.56,2.6,216.46,United Kingdom,Bank Transfer
509195,11095,2026-06-08,P3317,Accessories,4,24.82,4.7,94.61,United Kingdom,Cash on Delivery
504128,10473,2026-06-22,P7574,Books,6,71.19,8.3,391.69,Pakistan,Cash on Delivery
501172,10129,2026-08-03,P5185,Beauty,6,25.46,5.8,143.9,Pakistan,Bank Transfer
508668,11034,2026-07-24,P5356,Sports,7,59.85,13.3,363.23,United Kingdom,Credit Card
504222,10491,2026-06-04,P2248,Accessories,1,89.8,11.1,79.83,Pakistan,Digital Wallet
504834,10580,2026-08-06,P9939,Beauty,2,41.16,19.0,66.68,United States,Bank Transfer
502576,10298,2026-08-07,P5587,Books,4,32.33,0.5,128.67,Pakistan,Credit Card
501989,10224,2026-06-24,P2604,Clothing,4,62.76,22.7,194.05,Canada,Digital Wallet
506973,10835,2026-07-25,P8910,Home & Kitchen,1,48.23,12.4,42.25,Pakistan,Digital Wallet
505836,10697,2026-07-15,P1641,Beauty,5,93.16,16.2,390.34,United States,Credit Card
504532,10536,2025-10-31,P9052,Accessories,1,27.71,11.6,24.5,Pakistan,Cash on Delivery
503209,10376,2026-07-16,P7633,Sports,3,34.97,10.5,93.89,United States,Debit Card
503855,10444,2026-08-09,P3730,Electronics,4,394.32,2.5,1537.85,Pakistan,Credit Card
502628,10305,2026-07-26,P2405,Books,3,75.98,24.2,172.78,United Kingdom,Debit Card
507803,10935,2026-08-14,P7017,Beauty,3,127.77,10.9,341.53,Pakistan,Credit Card
501410,10154,2026-06-14,P4283,Beauty,1,107.92,2.6,105.11,United Kingdom,Cash on Delivery
508257,10984,2026-06-20,P6804,Beauty,7,39.11,13.7,236.26,Pakistan,Cash on Delivery
507386,10886,2026-05-15,P3382,Clothing,1,119.48,21.2,94.15,Pakistan,Digital Wallet
504303,10505,2026-07-15,P8593,Clothing,3,96.0,16.3,241.06,Pakistan,Digital Wallet
506750,10813,2026-07-29,P7061,Clothing,5,35.11,1.5,172.92,Pakistan,Debit Card
506555,10781,2026-04-05,P7686,Accessories,1,113.62,7.4,105.21,Pakistan,Digital Wallet
500815,10085,2026-03-25,P6781,Books,5,29.28,19.7,117.56,Canada,Bank Transfer
502404,10283,2026-06-03,P8582,Accessories,2,42.65,23.9,64.91,Australia,Bank Transfer
505397,10638,2026-08-03,P3898,Books,1,26.23,7.3,24.32,Australia,Cash on Delivery
509956,11195,2026-08-10,P2800,Clothing,2,44.82,14.5,76.64,Pakistan,Cash on Delivery
502131,10244,2026-07-21,P1981,Clothing,5,171.66,6.9,799.08,United Kingdom,Debit Card
501797,10200,2026-07-20,P6205,Clothing,3,68.1,43.2,116.04,United States,Bank Transfer
503090,10368,2025-09-28,P9613,Clothing,3,95.39,23.2,219.78,Pakistan,Credit Card
504184,10483,2026-02-15,P1413,Books,3,30.46,22.9,70.45,Pakistan,Credit Card
504564,10540,2026-08-15,P5249,Clothing,4,47.55,10.5,170.23,United States,Cash on Delivery
505030,10599,2026-07-22,P4980,Electronics,2,674.19,12.5,1179.83,Australia,Bank Transfer
508048,10963,2026-07-06,P6615,Beauty,2,57.17,6.7,106.68,United Kingdom,Digital Wallet
500122,10013,2026-07-12,P9462,Accessories,3,19.47,21.8,45.68,United Kingdom,Digital Wallet
500179,10019,2026-02-15,P5567,Sports,2,231.51,5.8,436.16,Pakistan,Debit Card
509250,11101,2026-08-05,P6032,Electronics,6,172.21,13.3,895.84,Pakistan,Debit Card
508095,10968,2026-03-25,P8066,Home & Kitchen,3,200.72,23.8,458.85,Canada,Cash on Delivery
506429,10771,2026-07-13,P8556,Electronics,7,619.06,3.4,4186.08,United Kingdom,Credit Card
509737,11166,2026-08-10,P4374,Accessories,2,109.68,43.6,123.72,Pakistan,Debit Card
504992,10593,2026-07-07,P6997,Clothing,4,93.31,16.3,312.4,United Kingdom,Debit Card
501157,10127,2026-06-27,P9261,Beauty,3,86.2,16.6,215.67,Pakistan,Bank Transfer
509003,11070,2026-07-24,P2579,Home & Kitchen,5,177.25,10.5,793.19,Canada,Digital Wallet
501532,10167,2026-08-04,P9235,Accessories,5,113.22,19.6,455.14,Australia,Cash on Delivery
508992,11070,2026-06-06,P5158,Beauty,3,94.7,23.5,217.34,Canada,Cash on Delivery
507859,10939,2026-07-20,P3960,Beauty,6,131.26,4.0,756.06,United Kingdom,Credit Card
509110,11081,2026-06-11,P7458,Accessories,3,86.4,30.9,179.11,United Kingdom,Cash on Delivery
501535,10168,2026-05-23,P5139,Clothing,1,110.42,24.2,83.7,United States,Bank Transfer
509259,11101,2026-08-11,P5431,Beauty,3,112.64,2.5,329.47,United Kingdom,Digital Wallet
505517,10651,2026-08-10,P9095,Sports,4,208.82,8.8,761.78,United Kingdom,Bank Transfer
502605,10301,2026-07-30,P4671,Accessories,7,72.93,3.8,491.11,United Kingdom,Bank Transfer
506127,10731,2026-08-07,P5762,Sports,2,140.74,5.2,266.84,Canada,Debit Card
509141,11084,2026-01-13,P1862,Home & Kitchen,1,121.06,6.3,113.43,United States,Debit Card
507458,10893,2026-07-13,P5356,Sports,3,124.13,40.6,221.2,Australia,Cash on Delivery
502177,10251,2026-05-30,P4972,Sports,5,52.42,11.2,232.74,Canada,Cash on Delivery
507990,10958,2026-08-05,P2819,Books,6,10.96,9.4,59.58,United States,Credit Card
502351,10272,2026-07-25,P5673,Books,1,40.94,26.6,30.05,Pakistan,Credit Card
509177,11090,2026-07-30,P4062,Beauty,4,113.51,24.0,345.07,Pakistan,Bank Transfer
503502,10410,2026-08-10,P4359,Electronics,2,242.1,5.9,455.63,United Kingdom,Debit Card
502134,10244,2026-07-29,P6301,Clothing,5,33.46,8.3,153.41,Canada,Debit Card
501480,10161,2026-07-22,P5310,Electronics,3,177.11,21.8,415.5,Pakistan,Credit Card
502793,10326,2026-07-29,P5223,Sports,2,183.12,34.1,241.35,Pakistan,Bank Transfer
504843,10582,2025-10-24,P3870,Books,3,31.43,11.1,83.82,United States,Digital Wallet
509780,11172,2026-01-12,P6889,Clothing,3,143.58,6.4,403.17,United States,Debit Card
509934,11193,2026-07-29,P3844,Sports,3,97.05,24.0,221.27,U.S.A.,Bank Transfer
504762,10568,2026-07-02,P9796,Beauty,1,21.03,5.0,19.98,Australia,Bank Transfer
507191,10864,2026-04-30,P9917,Home & Kitchen,3,345.2,21.7,810.87,Canada,Credit Card
506041,10723,2026-07-05,P9704,Clothing,3,107.69,3.3,312.41,Pakistan,Cash on Delivery
509636,11157,2026-07-21,P2910,Accessories,2,115.62,0.0,231.24,United States,Digital Wallet
503445,10405,2026-06-01,P5151,Clothing,1,33.82,23.9,25.74,United States,Cash on Delivery
508149,10975,2026-07-02,P3735,Home & Kitchen,4,180.4,8.3,661.71,United Kingdom,Cash on Delivery
507765,10931,2026-06-15,P3240,Sports,7,116.5,7.9,751.08,United States,Bank Transfer
503620,10425,2026-07-01,P3760,Home & Kitchen,4,240.56,5.1,913.17,Pakistan,Credit Card
501952,10220,2026-01-15,P1208,Books,3,48.47,17.7,119.67,United Kingdom,Bank Transfer
500555,10062,2026-06-07,P4483,Sports,5,27.87,11.2,123.74,Pakistan,Debit Card
504264,10498,2026-07-22,P9120,Electronics,4,443.79,12.2,1558.59,Canada,Bank Transfer
501163,10129,2026-07-27,P3995,Books,2,75.45,13.3,130.83,Pakistan,Debit Card
501584,10172,2026-07-04,P3413,Sports,3,31.58,6.8,88.3,United Kingdom,Digital Wallet
506151,10735,2026-07-27,P5528,Accessories,2,27.7,10.7,49.47,United Kingdom,Digital Wallet
509720,11164,2026-07-19,P3748,Clothing,2,176.56,32.0,240.12,United States,Credit Card
505837,10697,2026-07-16,P1089,Beauty,3,20.24,3.4,58.66,United Kingdom,Digital Wallet
505261,10621,2026-08-03,P8921,Clothing,3,135.74,21.3,320.48,Pakistan,Digital Wallet
505239,10619,2026-05-04,P8545,Clothing,3,91.77,30.2,192.17,Pakistan,Cash on Delivery
507913,10946,2026-08-08,P2870,Clothing,5,136.69,10.0,615.11,Canada,Bank Transfer
509162,11088,2026-06-23,P3853,,3,147.33,20.4,351.82,Pakistan,Debit Card
501598,10174,2026-05-10,P8719,Sports,1,108.46,23.1,83.41,Pakistan,Bank Transfer
507182,10861,2026-06-23,P8912,Accessories,3,100.01,26.5,220.52,Pakistan,Bank Transfer
500300,10030,2026-08-12,P9391,Books,2,71.15,8.3,130.49,Pakistan,Digital Wallet
509660,11160,2026-08-01,P1461,Clothing,5,149.21,14.8,635.63,Canada,Debit Card
506947,10833,2026-08-12,P3909,Clothing,5,37.04,2.2,181.13,Canada,Cash on Delivery
503794,10440,2026-06-10,P9541,Books,3,43.55,12.0,114.97,Pakistan,Digital Wallet
504572,10542,2026-05-19,P9528,Accessories,2,118.49,18.3,193.61,United Kingdom,Cash on Delivery
504335,10511,2026-04-05,P3092,Clothing,3,70.7,9.0,193.01,United States,Credit Card
502858,10334,2026-08-12,P6206,Clothing,4,46.58,9.5,168.62,United States,Credit Card
505694,10677,2026-08-13,P7925,Books,5,22.7,1.3,112.02,Canada,Digital Wallet
503142,10372,2026-07-16,P1793,Books,4,31.61,2.7,123.03,Canada,Debit Card
501359,10149,2026-07-28,P3680,Beauty,6,108.27,13.5,561.92,Pakistan,Digital Wallet
504533,10536,2025-12-05,P3743,Electronics,2,494.59,1.9,970.39,United Kingdom,Debit Card
509749,11169,2026-07-30,P2598,Electronics,5,616.9,5.1,2927.19,United States,Debit Card
505687,10677,2026-08-05,P9294,Books,6,46.89,0.4,280.21,United Kingdom,Bank Transfer
500486,10057,2026-07-08,P9853,Beauty,2,23.19,8.2,42.58,Pakistan,Credit Card
507836,10937,2026-07-28,P4973,Books,6,31.93,0.7,190.24,Pakistan,Bank Transfer
509554,11139,2026-06-16,P8284,Home & Kitchen,2,346.19,18.2,566.37,Canada,Digital Wallet
505900,10704,2026-07-17,P2189,Clothing,7,149.48,1.9,1026.48,Pakistan,Bank Transfer
508116,10969,2026-06-21,P7513,Home & Kitchen,3,126.58,24.0,288.6,United Kingdom,Cash on Delivery
507362,10884,2026-05-25,P4217,Clothing,6,96.45,12.3,507.52,Pakistan,Debit Card
501152,10127,2026-04-24,P7553,Electronics,3,91.33,24.2,207.68,Pakistan,Digital Wallet
505382,10637,2026-07-09,P6140,Sports,1,197.63,3.2,191.31,Pakistan,Cash on Delivery
509741,11167,2026-07-27,P9313,Clothing,1,103.98,19.3,83.91,Pakistan,Credit Card
505424,10641,2026-07-27,P5954,Home & Kitchen,7,131.82,4.2,883.98,Canada,Credit Card
508807,11047,2026-07-03,P3531,Clothing,1,109.54,9.8,98.81,Pakistan,Bank Transfer
505186,10614,2026-06-03,P1260,Electronics,7,638.2,12.2,3922.38,Pakistan,Digital Wallet
508409,11001,2026-07-28,P2922,Home & Kitchen,4,97.04,24.3,293.84,United States,Debit Card
506189,10738,2026-06-27,P9704,Home & Kitchen,2,195.09,37.5,243.86,Pakistan,Cash on Delivery
509702,11163,2026-06-16,P3418,Home & Kitchen,4,181.64,0.7,721.47,United States,Cash on Delivery
508269,10984,2026-07-21,P4729,Books,4,77.75,13.1,270.26,United Kingdom,Credit Card
505314,10628,2026-05-07,P4286,Home & Kitchen,1,223.05,23.6,170.41,Pakistan,Bank Transfer
509903,11190,2026-06-02,P9855,Beauty,3,80.41,26.8,176.58,Pakistan,Digital Wallet
500665,10069,2026-08-12,P4705,Electronics,5,487.41,7.2,2261.58,Canada,Bank Transfer
503353,10394,2026-03-22,P3898,Beauty,2,75.0,31.0,103.5,United States,Bank Transfer
508851,11051,2025-10-29,P5063,Accessories,3,84.95,7.8,234.97,United Kingdom,Bank Transfer
508061,10964,2026-07-25,P5006,Clothing,2,164.54,12.3,288.6,United Kingdom,Cash on Delivery
500642,10068,2026-06-20,P5349,Beauty,1,33.16,42.4,19.1,Pakistan,Bank Transfer
509242,11100,2026-03-31,P9661,Accessories,4,116.21,6.7,433.7,Pakistan,Bank Transfer
500176,10018,2026-07-07,P6953,Electronics,1,313.38,5.1,297.4,Pakistan,Credit Card
506431,10771,2026-07-18,P2400,Home & Kitchen,4,254.13,5.0,965.69,Australia,Debit Card
509910,11191,2026-07-20,P1718,Electronics,7,581.23,9.5,3682.09,United Kingdom,Debit Card
503438,10404,2026-07-04,P7984,Clothing,2,37.93,33.3,50.6,Pakistan,Bank Transfer
500786,10082,2026-02-03,P3921,Home & Kitchen,3,283.86,15.4,720.44,Pakistan,Debit Card
506391,10765,2026-08-14,P4968,Clothing,7,116.33,8.9,741.84,Pakistan,Digital Wallet
509065,11074,2026-08-02,P2538,Sports,3,231.63,12.6,607.33,Pakistan,Bank Transfer
509927,11193,2026-05-29,P2500,Home & Kitchen,1,207.68,23.7,158.46,Canada,Digital Wallet
503202,10376,2026-05-22,P2609,Electronics,3,175.13,3.6,506.48,United Kingdom,Credit Card
504803,10577,2026-07-01,P7710,Home & Kitchen,5,324.89,1.0,1608.21,United Kingdom,Credit Card
507835,10937,2026-07-28,P4181,Books,2,35.04,7.8,64.61,Pakistan,Credit Card
507940,10949,2026-04-06,P7025,Books,2,69.07,21.2,108.85,United States,Debit Card
500091,10011,2026-08-12,P8697,Home & Kitchen,5,253.31,9.1,1151.29,Pakistan,Digital Wallet
505762,10688,2026-04-04,P6574,Clothing,4,103.82,23.3,318.52,United Kingdom,Credit Card
509027,11072,2026-07-25,P2885,Electronics,3,268.39,22.9,620.79,United States,Credit Card
509504,11133,2026-07-14,P6737,Home & Kitchen,5,78.71,6.7,367.18,,Cash on Delivery
508237,10983,2026-06-05,P8702,Electronics,4,92.34,11.0,328.73,Pakistan,Credit Card
501971,10223,2026-07-02,P1493,Home & Kitchen,6,88.46,4.2,508.47,Pakistan,Digital Wallet
502905,10336,2026-08-14,P3184,Electronics,3,306.02,2.2,897.86,Pakistan,Debit Card
500530,10060,2026-07-10,P3460,Home & Kitchen,2,81.43,22.4,126.38,United States,Cash on Delivery
503635,10425,2026-07-31,P1643,Home & Kitchen,6,195.5,1.1,1160.1,Pakistan,Cash on Delivery
500996,10105,2026-01-03,P1774,Accessories,2,84.73,9.1,154.04,Pakistan,Credit Card
505852,10699,2026-07-13,P6306,Books,2,36.72,13.8,63.31,Pakistan,Bank Transfer
504226,10492,2026-06-24,P3660,Electronics,1,546.76,8.4,500.83,United Kingdom,Bank Transfer
505616,10666,2026-08-14,P1665,Electronics,5,610.85,15.2,2590.0,Pakistan,Debit Card
502312,10268,2026-03-03,P1332,Accessories,2,69.9,35.1,90.73,Australia,Bank Transfer
502154,10246,2025-08-25,P5260,Home & Kitchen,3,269.81,8.2,743.06,Pakistan,Bank Transfer
505317,10628,2026-06-27,P3964,Accessories,1,18.69,30.1,13.06,Pakistan,Credit Card
501427,10156,2026-08-02,P6828,Home & Kitchen,5,34.37,1.4,169.44,Australia,Debit Card
508630,11030,2026-08-04,P1288,Clothing,2,107.4,20.6,170.55,United States,Digital Wallet
506032,10722,2026-07-13,P3117,Beauty,4,30.55,2.6,119.02,Canada,Credit Card
504415,10519,2026-03-06,P7105,Books,3,40.62,4.3,116.62,Pakistan,Credit Card
508818,11048,2026-08-04,P2823,Accessories,2,62.28,6.2,116.84,Australia,Credit Card
503085,10366,2026-07-05,P9502,Books,2,20.18,24.0,30.67,Pakistan,Credit Card
507798,10935,2026-07-05,P2182,Home & Kitchen,2,172.81,24.5,260.94,Pakistan,Digital Wallet
509153,11087,2026-07-07,P4723,Home & Kitchen,1,204.48,18.7,166.24,United States,Cash on Delivery
508209,10981,2026-04-07,P8402,Beauty,4,113.8,19.4,366.89,Pakistan,Debit Card
509573,11142,2026-06-29,P9802,Home & Kitchen,1,307.99,19.5,247.93,Pakistan,Cash on Delivery
509534,11135,2026-06-11,P8953,Electronics,2,104.09,21.1,164.25,Pakistan,Cash on Delivery
500495,10057,2026-07-28,P8819,Sports,5,88.96,9.5,402.54,United Kingdom,Cash on Delivery
503749,10436,2026-07-25,P8974,Accessories,1,64.58,32.4,43.66,Canada,Cash on Delivery
502321,10269,2026-07-20,P3430,Accessories,5,95.71,6.1,449.36,United Kingdom,Cash on Delivery
504267,10498,2026-07-27,P2914,Clothing,7,23.39,3.9,157.34,Pakistan,Credit Card
503405,10400,2026-04-21,P1025,Home & Kitchen,1,265.05,15.2,224.76,United Kingdom,Digital Wallet
500151,10016,2026-07-03,P7297,Electronics,4,303.43,16.2,1017.1,United States,Credit Card
507369,10884,2026-06-23,P1570,Books,6,73.34,12.2,386.36,United States,Bank Transfer
500694,10073,2026-07-20,P7668,Sports,7,240.15,7.4,1556.65,Pakistan,Bank Transfer
504417,10520,2026-04-06,P7771,Accessories,5,105.84,8.7,483.16,United Kingdom,Credit Card
505697,10678,2026-06-14,P1328,Home & Kitchen,4,231.35,18.9,750.5,United Kingdom,Debit Card
501738,10191,2026-08-11,P7786,Beauty,4,16.03,7.6,59.25,United States,Cash on Delivery
503001,10349,2026-08-05,P1712,Home & Kitchen,4,300.1,13.5,1038.35,Australia,Bank Transfer
500167,10017,2026-07-20,P6818,Books,1,56.72,4.7,54.05,United States,Credit Card
506111,10729,2026-08-08,P2578,Clothing,2,89.18,23.8,135.91,Australia,Debit Card
504622,10552,2026-02-22,P1565,Clothing,2,81.68,13.9,140.65,Pakistan,Digital Wallet
502865,10335,2026-06-24,P8674,,4,14.29,1.4,56.36,United States,Cash on Delivery
508544,11018,2026-06-20,P1902,Books,2,52.16,2.3,101.92,United Kingdom,Credit Card
504702,10563,2026-06-15,P9407,Accessories,5,35.82,1.3,176.77,United Kingdom,Credit Card
502883,10336,2026-07-27,P3522,Electronics,3,409.82,13.0,1069.63,Pakistan,Credit Card
503031,10355,2026-08-04,P4955,Beauty,6,71.82,5.3,408.08,United Kingdom,Bank Transfer
508183,10978,2026-06-20,P1001,Beauty,7,45.02,10.6,281.74,Australia,Credit Card
508980,11069,2026-07-08,P4259,Beauty,2,25.03,9.7,45.2,Pakistan,Debit Card
508528,11016,2025-10-03,P6545,Clothing,2,150.77,18.8,244.85,United Kingdom,Debit Card
505681,10676,2025-11-06,P1909,Clothing,2,160.14,15.6,270.32,Pakistan,Credit Card
507209,10868,2026-07-18,P3247,Sports,3,131.9,5.4,374.33,Canada,Bank Transfer
505991,10715,2026-08-09,P6787,Clothing,3,70.56,11.1,188.18,Pakistan,Bank Transfer
502276,10262,2026-04-04,P4026,Accessories,1,47.29,9.7,42.7,Pakistan,Debit Card
507132,10857,2026-07-08,P8996,Sports,6,179.75,11.0,959.87,United States,Digital Wallet
505705,10678,2026-07-22,P6352,Clothing,4,130.67,21.4,410.83,United Kingdom,Debit Card
507998,10958,2026-08-10,P4997,Clothing,4,34.93,5.9,131.48,Pakistan,Bank Transfer
505292,10624,2026-07-23,P7335,Clothing,1,37.69,20.7,29.89,Pakistan,Credit Card
504304,10505,2026-07-23,P1946,Home & Kitchen,2,206.12,24.9,309.59,United States,Digital Wallet
507445,10891,2026-07-16,P3402,Electronics,2,317.41,27.0,463.42,United States,Digital Wallet
500428,10047,2026-05-25,P4808,Accessories,5,71.48,6.7,333.45,United Kingdom,Credit Card
507068,10851,2026-07-07,P4483,Accessories,3,62.82,14.2,161.7,United Kingdom,Cash on Delivery
506364,10763,2026-05-15,P5193,Electronics,5,519.85,8.1,2388.71,Pakistan,Digital Wallet
504215,10489,2025-10-24,P7734,Accessories,3,88.78,16.8,221.59,Pakistan,Bank Transfer
500426,10046,2026-05-05,P6062,Accessories,1,84.38,25.0,63.28,Pakistan,Cash on Delivery
502223,10255,2026-06-24,P5167,Home & Kitchen,3,270.39,10.7,724.37,Pakistan,Bank Transfer
500100,10011,2026-08-14,P6231,Clothing,2,96.23,6.0,180.91,United States,Digital Wallet
509244,11100,2026-05-13,P6560,Beauty,5,44.44,8.8,202.65,Canada,Debit Card
503307,10386,2026-07-17,P5928,Beauty,3,49.44,16.3,124.14,United Kingdom,Credit Card
502762,10322,2026-04-22,P8834,Home & Kitchen,1,240.46,25.3,179.62,Australia,Debit Card
505857,10700,2026-05-02,P8178,Electronics,3,135.65,20.8,322.3,United States,Bank Transfer
504738,10565,2026-06-27,P2684,Clothing,4,81.14,18.3,265.17,United Kingdom,Cash on Delivery
507092,10853,2026-07-14,P1595,Books,5,61.31,19.8,245.85,Australia,Digital Wallet
509632,11157,2026-07-09,P6801,Beauty,2,72.78,19.5,117.18,United States,Debit Card
503286,10383,2026-07-24,P9934,Clothing,3,45.61,9.7,123.56,United Kingdom,Debit Card
507712,10924,2026-03-15,P6843,Home & Kitchen,3,41.33,36.6,78.61,United Kingdom,Cash on Delivery
507868,10941,2026-04-10,P2208,Home & Kitchen,1,109.75,0.5,109.2,United Kingdom,Digital Wallet
506067,10726,2026-05-21,P7583,Clothing,1,78.28,41.5,45.79,United Kingdom,Debit Card
509235,11098,2026-06-25,P4061,Clothing,5,22.42,8.2,102.91,United Kingdom,Credit Card
503577,10421,2026-06-07,P6851,Home & Kitchen,1,152.83,44.4,84.97,Canada,Bank Transfer
501465,10161,2026-04-16,P9100,Clothing,4,32.46,15.9,109.2,United States,Credit Card
507675,10919,2026-01-05,P5527,Beauty,1,54.87,17.7,45.16,United Kingdom,Debit Card
502234,10257,2026-04-11,P5027,Accessories,1,42.91,12.0,37.76,Australia,Digital Wallet
501744,10191,2026-08-12,P3245,Electronics,6,254.55,8.4,1399.01,United Kingdom,Debit Card
509754,11169,2026-08-07,P7477,Clothing,6,163.98,9.4,891.4,Canada,Digital Wallet
506094,10727,2026-08-14,P6236,Home & Kitchen,7,323.97,7.5,2097.71,Pakistan,Credit Card
508781,11043,2026-04-20,P6265,Sports,1,61.17,11.6,54.07,United States,Debit Card
509401,11119,2026-05-28,P3026,Beauty,1,30.81,14.9,26.22,United States,Digital Wallet
508371,10998,2026-08-03,P4632,Accessories,5,82.6,1.7,405.98,Pakistan,Debit Card
505027,10599,2026-07-15,P2147,Home & Kitchen,1,228.39,2.8,222.0,Pakistan,Digital Wallet
509234,11098,2026-06-23,P5262,Books,1,22.58,13.1,19.62,United Kingdom,Cash on Delivery
503944,10457,2026-07-27,P3483,Sports,6,36.83,4.0,212.14,Canada,Cash on Delivery
506862,10824,2026-06-17,P7325,Clothing,2,115.01,20.1,183.79,United States,Digital Wallet
505350,10631,2026-08-10,P4766,Books,2,17.28,20.1,27.61,United States,Credit Card
509422,11120,2026-07-30,P4847,Electronics,2,291.37,12.0,512.81,United States,Bank Transfer
502121,10242,2026-03-22,P8114,Books,3,65.93,20.6,157.05,Pakistan,Credit Card
504972,10591,2026-08-10,P9307,Beauty,3,93.09,8.7,254.97,United Kingdom,Bank Transfer
508576,11021,2026-02-20,P3077,Beauty,3,74.24,17.8,183.08,United Kingdom,Credit Card
503784,10439,2026-05-12,P2269,Beauty,1,140.6,29.6,98.98,Pakistan,Cash on Delivery
506872,10824,2026-07-19,P5485,Clothing,4,100.12,11.4,354.83,Pakistan,Bank Transfer
500916,10099,2026-07-16,P2877,Sports,4,138.3,14.9,470.77,Pakistan,Bank Transfer
509394,11117,2026-08-14,P6277,Beauty,3,15.12,12.1,39.87,Canada,Cash on Delivery
507252,10872,2026-07-16,P8683,Electronics,3,408.59,19.4,987.97,United Kingdom,Cash on Delivery
508012,10959,2026-06-26,P3883,Sports,3,193.36,6.3,543.53,Pakistan,Cash on Delivery
505821,10695,2026-07-28,P6850,Beauty,3,21.32,10.9,56.99,United States,Digital Wallet
504403,10518,2026-06-05,P1699,Books,3,69.22,19.6,166.96,United Kingdom,Cash on Delivery
504863,10584,2026-08-15,P6419,Home & Kitchen,5,256.67,1.0,1270.52,United States,Bank Transfer
508515,11014,2026-08-06,P5652,Books,4,20.18,1.0,79.91,United States,Bank Transfer
505422,10641,2026-07-21,P2895,Sports,3,169.29,2.2,496.7,Australia,Bank Transfer
507733,10926,2026-08-12,P5102,Sports,3,154.48,2.9,450.0,Pakistan,Credit Card
501203,10132,2026-06-30,P1660,Electronics,5,608.39,14.7,2594.78,United Kingdom,Debit Card
503768,10437,2026-07-12,P7305,Clothing,7,62.12,12.4,380.92,Pakistan,Digital Wallet
505357,10633,2026-01-13,P3772,Clothing,3,64.21,12.0,169.51,United Kingdom,Debit Card
503852,10444,2026-07-27,P8226,Clothing,2,141.4,7.4,261.87,Pakistan,Credit Card
501926,10216,2026-08-15,P2075,Sports,2,167.64,19.5,269.9,United States,Digital Wallet
503114,10370,2026-06-29,P2237,Electronics,3,333.14,2.2,977.43,United Kingdom,Credit Card
502641,10308,2026-07-14,P1834,Beauty,2,142.05,24.8,213.64,United Kingdom,Bank Transfer
507639,10912,2026-07-21,P8958,Books,1,9.55,20.4,7.6,Pakistan,Credit Card
507360,10883,2026-08-07,P1615,Accessories,6,58.16,7.6,322.44,Canada,Credit Card
508182,10978,2026-06-16,P5788,Electronics,6,493.8,10.6,2648.74,Pakistan,Digital Wallet
507610,10909,2026-07-21,P5187,Books,5,54.58,17.3,225.69,Pakistan,Digital Wallet
502728,10318,2026-06-24,P4612,Accessories,1,84.03,19.3,67.81,Pakistan,Cash on Delivery
509597,11149,2025-12-26,P3250,Sports,1,133.26,16.0,111.94,Canada,Credit Card
504985,10592,2026-03-06,P3319,Sports,2,107.55,24.5,162.4,United States,Cash on Delivery
506846,10822,2026-08-11,P4430,Accessories,7,71.08,3.2,481.64,Pakistan,Debit Card
507698,10920,2026-08-01,P1095,Clothing,6,179.67,10.5,964.83,United States,Credit Card
504012,10461,2026-06-13,P7807,Sports,4,203.4,4.3,778.62,Canada,Bank Transfer
502626,10305,2026-07-24,P2695,Home & Kitchen,3,243.07,34.3,479.09,United Kingdom,Digital Wallet
507238,10871,2026-07-15,P4543,Accessories,4,40.76,21.6,127.82,United States,Credit Card
508255,10984,2026-06-19,P7822,Electronics,6,631.64,12.2,3327.48,Pakistan,Debit Card
509565,11141,2026-07-23,P1885,Clothing,1,27.47,32.4,18.57,Canada,Debit Card
500805,10084,2026-08-05,P1356,Clothing,2,66.45,0.4,132.37,Pakistan,Digital Wallet
504634,10557,2026-06-16,P2974,Books,4,77.86,13.6,269.08,United States,Bank Transfer
505247,10620,2026-05-24,P4465,Sports,3,159.61,32.7,322.25,United Kingdom,Digital Wallet
505566,10658,2026-07-10,P9572,Electronics,1,519.22,13.9,447.05,United Kingdom,Cash on Delivery
505739,10683,2026-06-26,P6819,Home & Kitchen,4,70.83,21.5,222.41,United Kingdom,Cash on Delivery
505143,10608,2026-06-17,P6524,Home & Kitchen,4,77.61,4.6,296.16,United States,Bank Transfer
508265,10984,2026-07-08,P7315,Sports,7,188.43,9.2,1197.66,Pakistan,Credit Card
504459,10525,2026-04-22,P8930,Sports,1,107.99,28.6,77.1,USA,Bank Transfer
501242,10136,2026-06-08,P7209,Beauty,4,49.03,8.3,179.84,Pakistan,Digital Wallet
506945,10833,2026-08-11,P9388,Sports,4,83.79,13.0,291.59,United Kingdom,Cash on Delivery
505740,10683,2026-07-02,P6739,Sports,1,131.2,21.9,102.47,Australia,Digital Wallet
505325,10629,2026-07-04,P4878,Books,2,10.12,12.0,17.81,Pakistan,Debit Card
500547,10061,2026-07-20,P2074,Sports,5,69.15,4.7,329.5,United States,Bank Transfer
503022,10355,2026-06-13,P9803,Electronics,7,117.73,0.6,819.17,United States,Bank Transfer
505761,10687,2026-07-24,P5715,Beauty,1,78.33,0.2,78.17,Pakistan,Bank Transfer
504031,10462,2026-03-25,P4349,Home & Kitchen,2,32.68,16.9,54.31,United Kingdom,Debit Card
500026,10004,2026-06-03,P7751,Sports,2,59.76,19.0,96.81,United Kingdom,Digital Wallet
504952,10590,2026-03-31,P6439,Accessories,4,69.9,1.8,274.57,United Kingdom,Bank Transfer
505152,10608,2026-08-14,P7074,Home & Kitchen,4,122.35,4.8,465.91,United States,Debit Card
502508,10291,2026-08-12,P3201,Books,3,76.86,10.4,206.6,Pakistan,Digital Wallet
501433,10158,2026-04-19,P1399,Electronics,3,579.57,28.9,1236.22,Pakistan,Credit Card
502582,10299,2026-07-17,P4610,Beauty,2,119.38,23.9,181.7,United States,Credit Card
501302,10144,2026-07-10,P6419,Books,3,38.64,22.0,90.42,Pakistan,Debit Card
505812,10694,2026-06-29,P7847,Home & Kitchen,3,272.82,5.7,771.81,Pakistan,Credit Card
507349,10883,2026-07-24,P8169,Beauty,3,96.52,8.6,264.66,United Kingdom,Credit Card
505281,10623,2026-06-12,P4576,Clothing,2,72.04,5.9,135.58,Australia,Credit Card
506114,10730,2026-07-16,P8135,Home & Kitchen,3,181.71,19.9,436.65,Pakistan,Bank Transfer
501221,10133,2026-08-03,P5190,Home & Kitchen,7,225.41,13.9,1358.55,Pakistan,Digital Wallet
507435,10890,2026-07-10,P3528,Home & Kitchen,4,215.06,10.3,771.64,Canada,Bank Transfer
502548,10295,2026-08-04,P9395,Electronics,2,399.91,5.4,756.63,United States,Digital Wallet
500750,10078,2026-08-15,P3063,Electronics,6,571.93,12.3,3009.5,Australia,Credit Card
500437,10048,2026-05-21,P2209,Electronics,2,160.02,22.5,248.03,United States,Cash on Delivery
504371,10516,2026-08-01,P3117,Clothing,5,96.69,4.1,463.63,Pakistan,Digital Wallet
504448,10522,2026-08-11,P1850,Books,3,69.89,7.5,193.94,Pakistan,Cash on Delivery
502847,10334,2026-08-04,P8714,Sports,3,77.48,6.4,217.56,Pakistan,Cash on Delivery
501173,10129,2026-08-03,P5576,Home & Kitchen,7,59.9,13.7,361.86,Pakistan,Cash on Delivery
507495,10897,2026-08-10,P7279,Clothing,2,149.92,20.2,239.27,Australia,Credit Card
502699,10313,2026-08-04,P4576,Clothing,7,158.36,1.3,1094.11,Canada,Cash on Delivery
509888,11188,2026-08-09,P8885,Electronics,6,326.54,5.3,1855.4,Pakistan,Cash on Delivery
509506,11133,2026-07-16,P9771,Electronics,7,233.03,13.5,1411.0,United Kingdom,Credit Card
506395,10766,2026-06-26,P6677,Electronics,1,273.46,23.0,210.56,Pakistan,Cash on Delivery
502481,10289,2026-07-23,P5258,Accessories,2,71.86,18.3,117.42,Australia,Digital Wallet
505456,10644,2026-06-04,P8164,Books,5,59.16,4.6,282.19,Canada,Digital Wallet
508444,11005,2026-07-10,P3521,Clothing,1,173.12,16.7,144.21,Pakistan,Cash on Delivery
502706,10313,2026-08-15,P2665,Home & Kitchen,7,334.49,1.4,2308.65,Pakistan,Bank Transfer
504661,10558,2026-07-19,P3915,Clothing,4,144.73,2.3,565.6,United Kingdom,Cash on Delivery
500326,10033,2026-07-05,P2645,Electronics,5,487.93,11.8,2151.77,Pakistan,Digital Wallet
501039,10111,2026-07-15,P5562,Clothing,4,43.92,4.9,167.07,Pakistan,Cash on Delivery
502637,10307,2026-01-13,P3546,Accessories,2,45.79,4.2,87.73,Pakistan,Digital Wallet
505022,10598,2026-06-25,P3996,Clothing,4,158.78,13.7,548.11,Canada,Bank Transfer
502499,10291,2026-07-17,P7896,Accessories,4,103.11,5.0,391.82,United Kingdom,Credit Card
501004,10108,2026-02-14,P9636,Sports,1,77.0,44.9,42.43,Pakistan,Debit Card
502861,10334,2026-08-15,P3217,Beauty,6,73.07,13.0,381.43,Pakistan,Debit Card
503233,10378,2026-06-26,P9467,Clothing,6,30.69,10.5,164.81,Pakistan,Debit Card
501870,10209,2026-07-29,P2970,Books,5,57.35,3.6,276.43,United States,Cash on Delivery
504245,10494,2026-06-14,P9442,Home & Kitchen,5,44.46,23.8,169.39,United States,Cash on Delivery
506927,10831,2026-06-25,P3529,Books,1,31.43,2.6,30.61,Pakistan,Debit Card
508385,10998,2026-08-12,P8254,Home & Kitchen,6,78.17,0.6,466.21,Pakistan,Digital Wallet
500534,10060,2026-07-21,P7032,Electronics,1,486.04,8.0,447.16,Canada,Bank Transfer
509827,11179,2026-03-10,P9424,Sports,2,75.19,20.4,119.7,Pakistan,Credit Card
507148,10858,2026-07-24,P1390,Books,1,42.43,13.8,36.57,Pakistan,Debit Card
507365,10884,2026-06-07,P4889,Clothing,4,102.32,12.3,358.94,United Kingdom,Debit Card
500585,10064,2026-07-30,P1329,Sports,1,193.13,15.5,163.19,United States,Digital Wallet
509914,11191,2026-07-25,P7552,Accessories,7,16.8,9.3,106.66,Canada,Credit Card
503035,10356,2026-02-20,P4955,Electronics,1,289.15,9.7,261.1,United Kingdom,Bank Transfer
504428,10520,2026-07-31,P1766,Home & Kitchen,1,285.68,5.8,269.11,Pakistan,Debit Card
504089,10469,2026-07-24,P1419,Clothing,3,96.37,4.5,276.1,Pakistan,Credit Card
501703,10187,2026-06-02,P6768,Accessories,2,66.35,22.6,102.71,Pakistan,Bank Transfer
504295,10503,2026-07-19,P2930,Beauty,4,118.4,19.6,380.77,Australia,Credit Card
505719,10681,2026-07-19,P3279,Clothing,1,108.25,32.7,72.85,USA,Cash on Delivery
500491,10057,2026-07-21,P7265,Clothing,4,80.29,12.5,281.02,Pakistan,Bank Transfer
506899,10828,2026-06-26,P9327,Sports,1,164.66,8.4,150.83,Pakistan,Cash on Delivery
504353,10515,2026-07-29,P9447,Clothing,6,105.9,7.3,589.02,United Kingdom,Debit Card
502836,10333,2026-08-02,P1228,Home & Kitchen,6,225.29,9.8,1219.27,United Kingdom,Credit Card
502266,10260,2026-08-11,P8684,Clothing,4,30.34,4.1,116.38,United States,Cash on Delivery
507718,10924,2026-07-09,P2200,Sports,2,144.88,23.7,221.09,United Kingdom,Debit Card
509523,11134,2026-06-15,P1321,Books,2,70.38,11.3,124.85,Canada,Cash on Delivery
508022,10960,2026-08-01,P6161,Clothing,3,34.57,34.0,68.45,Pakistan,Digital Wallet
504707,10563,2026-07-13,P5928,Beauty,4,93.21,14.8,317.66,Pakistan,Debit Card
509843,11181,2025-11-16,P3498,Electronics,2,114.95,1.2,227.14,Pakistan,Bank Transfer
502900,10336,2026-08-08,P3002,Clothing,4,143.02,9.8,516.02,Pakistan,Cash on Delivery
509618,11152,2026-07-16,P1515,Clothing,3,22.37,35.1,43.55,United States,Credit Card
502944,10342,2026-06-22,P6557,Sports,2,113.96,12.7,198.97,United States,Debit Card
501916,10216,2026-07-21,P2389,Home & Kitchen,4,145.33,6.7,542.37,Pakistan,Bank Transfer
503185,10375,2026-08-01,P5723,Electronics,7,160.45,0.4,1118.66,United States,Cash on Delivery
508626,11030,2026-07-11,P3778,Electronics,2,628.57,41.9,730.4,Pakistan,Debit Card
509434,11123,2026-02-19,P1529,Books,3,57.88,10.8,154.89,Pakistan,Debit Card
507255,10874,2025-12-28,P2230,Home & Kitchen,2,202.63,20.8,320.97,Canada,Cash on Delivery
504246,10494,2026-06-14,P4728,Clothing,4,31.83,21.1,100.46,Pakistan,Bank Transfer
508615,11029,2026-05-18,P1640,Beauty,1,56.04,1.0,55.48,Canada,Debit Card
505146,10608,2026-07-05,P8946,Beauty,1,126.87,4.0,121.8,Canada,Bank Transfer
508565,11020,2026-08-05,P7715,Clothing,5,65.74,0.1,328.37,U.S.A.,Debit Card
502518,10292,2026-08-14,P4724,Home & Kitchen,5,223.48,5.3,1058.18,Canada,Bank Transfer
500397,10043,2026-06-28,P8280,Home & Kitchen,5,197.76,10.9,881.02,Pakistan,Credit Card
501317,10145,2026-08-07,P3808,Electronics,4,618.25,15.8,2082.27,United States,Credit Card
504560,10540,2026-08-13,P9414,Home & Kitchen,5,327.53,11.7,1446.04,Pakistan,Digital Wallet
500121,10013,2026-07-07,P4494,Accessories,1,83.95,19.5,67.58,United States,Cash on Delivery
502449,10286,2026-06-18,P2832,Accessories,5,89.81,13.0,390.67,United Kingdom,Bank Transfer
508855,11053,2025-12-13,P4359,Home & Kitchen,3,252.39,19.8,607.25,Canada,Cash on Delivery
508108,10968,2026-07-27,P7002,Electronics,2,194.29,22.6,300.76,Pakistan,Credit Card
501566,10169,2026-08-03,P3552,Clothing,2,105.96,7.1,196.87,United Kingdom,Credit Card
501984,10223,2026-07-29,P3870,Sports,4,211.47,9.2,768.06,Pakistan,Credit Card
504333,10511,2025-12-21,P3345,Sports,2,221.94,7.7,409.7,United States,Cash on Delivery
507910,10946,2026-08-06,P8679,Home & Kitchen,5,238.89,2.1,1169.37,United Kingdom,Bank Transfer
509286,11106,2026-06-26,P3320,Home & Kitchen,4,120.51,10.8,429.98,United States,Cash on Delivery
503918,10454,2025-11-16,P7422,Electronics,3,693.09,12.9,1811.04,United States,Credit Card
502173,10251,2026-03-29,P1656,Accessories,5,119.86,18.8,486.63,United States,Digital Wallet
503283,10383,2026-07-09,P4438,Electronics,2,656.68,16.9,1091.4,Canada,Digital Wallet
508495,11014,2026-06-20,P8918,Home & Kitchen,5,80.83,6.9,376.26,Canada,Bank Transfer
508584,11022,2026-06-26,P3965,Home & Kitchen,3,347.52,12.6,911.2,Australia,Bank Transfer
502333,10270,2026-07-26,P9070,Sports,2,131.03,8.7,239.26,United States,Cash on Delivery
500573,10063,2026-07-23,P8028,Electronics,1,698.4,24.1,530.09,Pakistan,Debit Card
503660,10430,2026-08-07,P3466,Clothing,6,131.28,9.4,713.64,Pakistan,Digital Wallet
509075,11077,2026-08-01,P7583,Electronics,3,447.39,0.9,1330.09,Pakistan,Bank Transfer
500981,10103,2026-07-17,P7611,Electronics,5,428.85,20.5,1704.68,Canada,Bank Transfer
509370,11114,2026-01-20,P8321,Beauty,1,85.58,14.6,73.09,United States,Digital Wallet
501407,10153,2026-08-14,P4683,Accessories,5,51.21,0.5,254.77,United Kingdom,Cash on Delivery
500535,10060,2026-08-03,P4614,Beauty,3,69.36,4.8,198.09,Pakistan,Debit Card
504315,10508,2026-03-31,P2369,Home & Kitchen,2,80.61,32.8,108.34,United Kingdom,Credit Card
504598,10547,2026-08-05,P2954,Electronics,3,231.93,2.8,676.31,Australia,Bank Transfer
508622,11030,2026-06-11,P1031,Clothing,3,91.14,18.6,222.56,United Kingdom,Debit Card
508758,11040,2026-06-30,P3658,Clothing,5,39.32,12.7,171.63,Pakistan,Debit Card
501434,10158,2026-04-19,P7152,Clothing,2,150.79,20.5,239.76,Australia,Bank Transfer
506994,10839,2026-05-25,P6127,Clothing,2,175.13,22.5,271.45,United Kingdom,Cash on Delivery
502579,10299,2026-05-18,P3999,Electronics,3,527.53,7.9,1457.57,Canada,Cash on Delivery
509403,11119,2026-08-10,P5709,Beauty,1,132.21,18.1,108.28,Pakistan,Debit Card
503269,10381,2026-07-01,P5381,Beauty,3,81.51,6.8,227.9,United Kingdom,Digital Wallet
509553,11139,2026-06-01,P2561,Electronics,1,389.9,13.1,338.82,United Kingdom,Cash on Delivery
503838,10443,2026-05-12,P2627,Beauty,2,15.91,22.5,24.66,Pakistan,Digital Wallet
501867,10209,2026-07-23,P6702,Clothing,7,39.23,1.2,271.31,Pakistan,Debit Card
501454,10159,2026-08-08,P8257,Electronics,5,329.19,9.1,1496.17,United Kingdom,Cash on Delivery
501786,10197,2026-07-08,P5208,Clothing,2,166.57,32.5,224.87,Pakistan,Bank Transfer
509912,11191,2026-07-23,P2248,Electronics,5,285.17,0.3,1421.57,United Kingdom,Digital Wallet
507095,10853,2026-08-15,P3639,Home & Kitchen,4,238.81,10.8,852.07,Canada,Credit Card
502521,10293,2026-01-16,P8772,Clothing,2,157.73,25.9,233.76,Pakistan,Debit Card
504439,10522,2026-07-15,P3790,Electronics,2,303.55,15.0,516.03,Australia,Bank Transfer
501820,10203,2026-06-14,P3598,Beauty,3,119.51,10.4,321.24,Pakistan,Credit Card
505615,10666,2026-08-14,P2649,Clothing,1,168.79,16.9,140.26,United States,Debit Card
502929,10340,2026-07-23,P2525,Electronics,4,335.82,4.5,1282.83,Pakistan,Credit Card
500051,10006,2026-08-04,P7509,Beauty,1,36.06,9.0,32.81,Australia,Cash on Delivery
504726,10564,2026-07-29,P3705,Accessories,3,25.14,0.4,75.12,United Kingdom,Debit Card
505716,10680,2026-02-12,P7820,Clothing,2,168.72,9.1,306.73,Pakistan,Bank Transfer
505465,10645,2026-07-13,P2144,Electronics,3,438.58,5.1,1248.64,United Kingdom,Credit Card
500469,10052,2026-08-05,P5945,Home & Kitchen,3,63.95,19.8,153.86,Australia,Digital Wallet
502629,10305,2026-07-29,P3501,Clothing,1,28.51,21.1,22.49,Australia,Credit Card
506513,10776,2026-07-26,P1208,Beauty,6,22.35,12.1,117.87,United Kingdom,Bank Transfer
507467,10894,2026-08-09,P1952,Home & Kitchen,2,123.37,6.8,229.96,Pakistan,Bank Transfer
503945,10457,2026-08-01,P1569,Beauty,4,71.14,6.3,266.63,Australia,Bank Transfer
506204,10740,2026-08-11,P4223,Beauty,3,17.65,7.0,49.24,Pakistan,Debit Card
504262,10497,2026-07-14,P8856,Accessories,3,50.91,13.7,131.81,United Kingdom,Debit Card
501858,10207,2026-07-29,P3190,Books,4,48.38,9.3,175.52,Pakistan,Debit Card
509532,11135,2026-03-14,P5326,Home & Kitchen,3,163.74,7.4,454.87,Canada,Credit Card
500865,10092,2026-02-17,P6125,Clothing,2,157.55,27.7,227.82,Pakistan,Debit Card
506390,10765,2026-08-13,P9432,Electronics,4,660.65,9.0,2404.77,Pakistan,Debit Card
507212,10868,2026-08-03,P9040,Beauty,1,100.84,6.2,94.59,Pakistan,Credit Card
504921,10588,2026-08-04,P3575,Home & Kitchen,2,74.53,5.4,141.01,Australia,Debit Card
508101,10968,2026-05-17,P7637,Home & Kitchen,5,123.08,23.2,472.63,United Kingdom,Digital Wallet
504792,10573,2026-07-22,P6208,Accessories,2,13.41,16.0,22.53,Australia,Digital Wallet
508854,11053,2025-11-28,P6069,Electronics,2,651.07,6.6,1216.2,Canada,Debit Card
506250,10747,2026-04-11,P8400,Home & Kitchen,5,197.78,20.1,790.13,Pakistan,Credit Card
505936,10707,2026-05-08,P2185,Accessories,1,14.74,11.9,12.99,Canada,Debit Card
500425,10046,2026-04-30,P9897,Sports,3,245.67,18.4,601.4,United Kingdom,Digital Wallet
500188,10020,2026-07-29,P9683,Electronics,5,616.08,4.3,2947.94,United Kingdom,Digital Wallet
505629,10668,2026-04-26,P3429,Sports,2,127.73,12.3,224.04,Pakistan,Cash on Delivery
504359,10515,2026-08-09,P9558,Home & Kitchen,5,144.25,2.7,701.78,United States,Digital Wallet
500228,10023,2026-08-13,P2565,Electronics,2,358.43,8.7,654.49,United States,Digital Wallet
507757,10929,2026-05-26,P3216,Sports,3,224.83,20.6,535.55,United States,Bank Transfer
507677,10919,2026-02-02,P2901,Sports,1,237.7,32.8,159.73,Pakistan,Cash on Delivery
502741,10319,2026-07-26,P5018,Electronics,1,172.44,2.8,167.61,United Kingdom,Debit Card
501041,10112,2026-06-07,P5722,Accessories,4,49.26,3.3,190.54,United Kingdom,Credit Card
504075,10469,2026-06-21,P3480,Books,3,33.96,14.4,87.21,Pakistan,Digital Wallet
509140,11083,2026-06-04,P6247,Electronics,1,598.86,18.1,490.47,United Kingdom,Debit Card
506118,10730,2026-08-01,P8098,Accessories,2,117.54,9.8,212.04,Pakistan,Bank Transfer
506902,10828,2026-07-04,P8193,Sports,1,178.08,13.1,154.75,United Kingdom,Debit Card
500471,10053,2026-02-03,P6298,Home & Kitchen,3,303.63,23.3,698.65,Australia,Digital Wallet
502921,10340,2026-07-07,P5473,Accessories,5,41.7,13.5,180.35,Pakistan,Digital Wallet
501905,10214,2026-07-24,P9356,Clothing,5,46.06,9.5,208.42,Pakistan,Credit Card
508876,11056,2026-07-09,P9784,Beauty,1,117.86,13.0,102.54,Australia,Debit Card
500801,10084,2026-07-28,P7574,Beauty,5,127.4,9.5,576.49,Pakistan,Bank Transfer
501487,10162,2026-07-06,P4837,Electronics,2,175.25,5.8,330.17,United Kingdom,Credit Card
508441,11005,2026-05-29,P1344,Clothing,1,65.73,31.1,45.29,United Kingdom,Credit Card
500227,10023,2026-08-11,P3276,Books,1,16.49,21.1,13.01,Pakistan,Credit Card
507890,10944,2026-04-06,P5417,Sports,1,163.03,23.4,124.88,Canada,Cash on Delivery
501128,10124,2026-07-11,P6268,Books,4,35.18,9.5,127.35,Australia,Cash on Delivery
505070,10602,2026-07-02,P9283,Beauty,2,47.26,17.6,77.88,Australia,Digital Wallet
509166,11088,2026-07-10,P3128,Sports,4,52.23,8.7,190.74,Pakistan,Digital Wallet
502208,10254,2026-07-10,P9894,Home & Kitchen,2,148.09,11.5,262.12,Australia,Credit Card
507993,10958,2026-08-07,P2563,Sports,4,63.8,8.8,232.74,Pakistan,Debit Card
509842,11180,2026-04-27,P5990,Home & Kitchen,2,273.26,14.2,468.91,Canada,Credit Card
506559,10782,2026-07-02,P9530,Beauty,3,72.18,9.1,196.83,Pakistan,Cash on Delivery
509921,11191,2026-08-14,P6284,Books,6,60.18,9.1,328.22,Pakistan,Debit Card
503153,10372,2026-08-11,P9027,Books,2,39.01,10.0,70.22,United States,Cash on Delivery
504441,10522,2026-07-22,P4221,Books,5,42.39,23.9,161.29,United States,Debit Card
507505,10899,2026-06-20,P2218,Electronics,3,553.72,8.6,1518.3,Pakistan,Cash on Delivery
508957,11068,2026-07-21,P6295,Electronics,3,106.24,4.5,304.38,Pakistan,Debit Card
506215,10742,2026-07-05,P4473,Home & Kitchen,3,36.32,23.1,83.79,Pakistan,Digital Wallet
509598,11149,2026-02-04,P4319,Books,3,64.87,7.8,179.43,Pakistan,Bank Transfer
502144,10245,2026-07-28,P7486,Electronics,5,649.63,7.2,3014.28,United Kingdom,Bank Transfer
507411,10889,2026-08-08,P2878,Sports,7,216.55,1.0,1500.69,United States,Credit Card
508929,11066,2026-07-27,P3065,Electronics,1,283.31,15.3,239.96,Pakistan,Credit Card
502374,10277,2026-08-01,P1356,Accessories,1,79.47,23.8,60.56,United Kingdom,Bank Transfer
502577,10298,2026-08-13,P9015,Clothing,3,119.85,20.5,285.84,Pakistan,Digital Wallet
501632,10178,2026-06-07,P9787,Books,1,21.02,14.1,18.06,Pakistan,Digital Wallet
504832,10580,2026-07-12,P8505,Electronics,3,213.06,15.1,542.66,Canada,Debit Card
502298,10264,2026-06-26,P5964,Home & Kitchen,1,82.88,16.7,69.04,Pakistan,Credit Card
505033,10599,2026-08-09,P5177,Sports,5,75.46,10.3,338.44,United Kingdom,Debit Card
500156,10016,2026-07-14,P3244,Clothing,5,85.71,23.4,328.27,Pakistan,Cash on Delivery
508046,10963,2026-07-03,P1561,Books,4,50.08,24.5,151.24,United States,Debit Card
506706,10806,2026-07-31,P5987,Sports,2,139.28,36.5,176.89,Pakistan,Debit Card
503349,10393,2026-07-23,P1977,Home & Kitchen,3,89.85,13.7,232.62,Pakistan,Credit Card
502879,10335,2026-08-05,P7238,Accessories,2,81.77,8.4,149.8,Pakistan,Credit Card
503413,10401,2026-07-03,P9017,Accessories,4,102.54,3.5,395.8,Pakistan,Bank Transfer
507768,10931,2026-06-28,P4602,Clothing,3,21.31,13.2,55.49,Pakistan,Credit Card
504189,10484,2026-03-14,P7915,Electronics,2,403.7,18.2,660.45,United Kingdom,Bank Transfer
509610,11151,2026-04-17,P7200,Home & Kitchen,3,115.79,38.2,214.67,United States,Debit Card
509734,11166,2026-01-31,P6473,Books,1,41.84,20.6,33.22,Pakistan,Digital Wallet
507251,10872,2026-07-15,P3582,Home & Kitchen,3,319.53,3.6,924.08,United Kingdom,Digital Wallet
507613,10909,2026-07-30,P8848,Accessories,3,60.79,1.8,179.09,United States,Credit Card
506919,10829,2026-07-12,P6048,Electronics,2,165.14,32.8,221.95,Pakistan,Bank Transfer
509681,11162,2026-06-18,P7169,Electronics,5,609.7,2.2,2981.43,Pakistan,Cash on Delivery
509671,11161,2026-06-24,P9480,Electronics,3,157.51,28.3,338.8,Pakistan,Digital Wallet
504794,10573,2026-08-05,P5839,Home & Kitchen,3,116.84,10.9,312.31,Pakistan,Debit Card
505654,10671,2026-08-10,P7275,Home & Kitchen,3,148.51,3.6,429.49,Pakistan,Debit Card
502495,10291,2026-07-07,P3298,Electronics,6,615.06,14.6,3151.57,Pakistan,Debit Card
507304,10879,2026-07-15,P7622,Accessories,5,47.35,0.1,236.51,Pakistan,Cash on Delivery
502372,10277,2026-07-23,P6335,Clothing,2,121.04,35.7,155.66,Pakistan,Cash on Delivery
504091,10469,2026-08-08,P3242,,5,409.98,17.3,1695.27,Australia,Credit Card
509471,11130,2026-06-06,P5358,Clothing,4,89.89,12.1,316.05,Australia,Cash on Delivery
503461,10407,2026-07-14,P6224,Beauty,2,86.98,4.2,166.65,Pakistan,Bank Transfer
507006,10841,2026-07-31,P1217,Electronics,6,623.83,13.9,3222.71,Pakistan,Credit Card
505391,10638,2026-07-19,P3907,Sports,3,104.38,8.5,286.52,United Kingdom,Bank Transfer
507172,10860,2026-08-13,P2703,Home & Kitchen,5,161.82,0.1,808.29,United States,Debit Card
505696,10677,2026-08-15,P2059,Accessories,3,104.42,4.4,299.48,Pakistan,Credit Card
505664,10673,2026-07-14,P1649,Accessories,7,60.67,14.5,363.11,Pakistan,Bank Transfer
504503,10529,2026-08-13,P3142,Home & Kitchen,4,337.02,2.2,1318.42,Pakistan,Digital Wallet
502550,10295,2026-08-11,P4472,Home & Kitchen,3,252.56,2.7,737.22,Pakistan,Bank Transfer
504715,10564,2026-07-10,P7848,Books,6,40.38,0.3,241.55,Pakistan,Digital Wallet
500847,10090,2026-03-20,P3837,Electronics,2,665.15,1.7,1307.68,United Kingdom,Bank Transfer
503344,10393,2026-06-03,P1788,Beauty,2,100.46,10.4,180.02,Pakistan,Cash on Delivery
500938,10100,2026-08-03,P9172,Accessories,6,105.48,8.2,580.98,United States,Cash on Delivery
504825,10579,2026-06-07,P1101,Home & Kitchen,2,338.59,6.9,630.45,Australia,Bank Transfer
509693,11162,2026-07-27,P4224,Accessories,4,95.72,2.8,372.16,Pakistan,Bank Transfer
508863,11054,2026-05-04,P6944,Home & Kitchen,3,280.55,19.9,674.16,Pakistan,Bank Transfer
508610,11029,2026-03-14,P9471,Home & Kitchen,5,281.52,21.6,1103.56,Australia,Debit Card
505354,10632,2026-04-06,P9309,Clothing,3,33.47,15.9,84.44,Canada,Credit Card
505477,10645,2026-07-31,P3572,Accessories,6,85.72,7.3,476.77,United Kingdom,Credit Card
509723,11164,2026-07-23,P7711,Electronics,2,689.59,17.3,1140.58,Australia,Cash on Delivery
500756,10079,2026-07-09,P6373,Clothing,5,37.33,5.7,176.01,Pakistan,Debit Card
504750,10567,2026-04-02,P5416,Home & Kitchen,3,183.98,0.8,547.52,Pakistan,Credit Card
502644,10308,2026-07-27,P9997,Books,2,61.66,13.1,107.17,United Kingdom,Bank Transfer
504162,10477,2026-07-28,P5444,Clothing,2,45.03,3.9,86.55,Canada,Credit Card
508648,11031,2026-08-04,P9290,Home & Kitchen,3,61.04,5.1,173.78,Pakistan,Cash on Delivery
503165,10373,2026-07-29,P5761,Books,2,69.19,1.6,136.17,United Kingdom,Bank Transfer
506497,10776,2026-06-16,P9725,Sports,6,72.59,5.5,411.59,United States,Cash on Delivery
505987,10715,2026-08-04,P1688,Beauty,2,130.19,12.7,227.31,Pakistan,Bank Transfer
503873,10446,2026-01-27,P1621,Electronics,3,681.6,21.3,1609.26,Australia,Credit Card
507751,10927,2026-07-04,P6523,Electronics,4,354.28,21.2,1116.69,Pakistan,Bank Transfer
506523,10777,2026-07-15,P2431,Clothing,5,61.58,24.7,231.85,Pakistan,Digital Wallet
503418,10401,2026-07-14,P3380,Beauty,2,130.05,7.4,240.85,United Kingdom,Bank Transfer
509904,11190,2026-07-09,P7891,Sports,2,227.72,36.6,288.75,Pakistan,Digital Wallet
502061,10235,2026-06-27,P9364,Books,3,76.86,10.9,205.45,Pakistan,Cash on Delivery
500549,10061,2026-07-21,P7610,Home & Kitchen,3,91.9,0.6,274.05,Canada,Digital Wallet
504453,10524,2026-05-08,P1645,Books,2,59.47,44.3,66.25,Pakistan,Digital Wallet
502812,10330,2026-08-05,P4133,Accessories,2,35.91,21.5,56.38,Pakistan,Credit Card
508777,11042,2026-07-17,P6376,Books,2,69.64,16.1,116.86,United States,Credit Card
508995,11070,2026-06-26,P5576,Sports,4,156.39,5.8,589.28,United Kingdom,Debit Card
502549,10295,2026-08-09,P5862,Electronics,2,143.09,12.6,250.12,United Kingdom,Debit Card
506069,10726,2026-07-17,P6531,Electronics,2,545.25,31.6,745.9,United States,Debit Card
503169,10373,2026-08-06,P5880,Books,2,38.47,8.1,70.71,Pakistan,Cash on Delivery
507054,10847,2026-08-04,P5176,Beauty,3,130.1,2.2,381.71,Pakistan,Bank Transfer
504828,10580,2026-06-19,P3177,Accessories,1,78.56,24.8,59.08,Pakistan,Bank Transfer
509570,11142,2026-06-03,P6151,Clothing,2,52.59,15.7,88.67,Canada,Cash on Delivery
501259,10139,2026-07-05,P2466,Books,5,60.18,22.5,233.2,Pakistan,Credit Card
508712,11037,2026-08-10,P8801,Books,1,75.4,15.3,63.86,Pakistan,Digital Wallet
503661,10430,2026-08-08,P2685,Beauty,3,99.97,10.3,269.02,Pakistan,Bank Transfer
507922,10947,2026-06-28,P3147,Clothing,4,67.14,7.2,249.22,Pakistan,Credit Card
501024,10110,2026-08-08,P7764,Sports,5,249.85,11.2,1109.33,United States,Cash on Delivery
504965,10590,2026-07-21,P4147,Sports,4,125.97,20.2,402.1,Australia,Debit Card
500752,10079,2026-06-19,P9269,Home & Kitchen,2,134.02,22.8,206.93,United States,Bank Transfer
503942,10457,2026-07-24,P3378,Beauty,4,19.49,10.4,69.85,Pakistan,Cash on Delivery
503710,10434,2026-07-15,P5589,Clothing,2,66.93,0.5,133.19,United Kingdom,Digital Wallet
509960,11196,2026-02-25,P9727,Electronics,1,391.22,17.4,323.15,United States,Digital Wallet
501951,10219,2026-07-10,P7936,Home & Kitchen,3,235.81,5.9,665.69,United Kingdom,Bank Transfer
506314,10756,2026-06-25,P5698,Home & Kitchen,1,315.45,22.3,245.1,United Kingdom,Debit Card
500351,10036,2026-07-13,P7363,Clothing,2,110.79,31.1,152.67,United Kingdom,Digital Wallet
501511,10165,2026-08-12,P7045,Books,7,37.15,14.1,223.38,Pakistan,Digital Wallet
504829,10580,2026-06-22,P1532,Beauty,2,37.24,8.7,68.0,United Kingdom,Digital Wallet
509616,11152,2026-07-11,P8908,Beauty,3,86.87,32.7,175.39,Pakistan,Bank Transfer
503746,10436,2026-06-09,P8193,Beauty,1,120.7,20.0,96.56,Pakistan,Bank Transfer
505799,10691,2026-08-08,P8388,Books,2,17.41,2.6,33.91,United Kingdom,Cash on Delivery
500701,10073,2026-08-08,P9166,Beauty,2,18.04,7.9,33.23,,Digital Wallet
503693,10432,2026-02-02,P2624,Electronics,1,574.07,25.3,428.83,Pakistan,Credit Card
504614,10550,2026-05-17,P6802,Accessories,2,10.48,28.9,14.9,Pakistan,Credit Card
507213,10868,2026-08-09,P6271,Electronics,3,600.89,16.5,1505.23,United States,Debit Card
500561,10062,2026-07-14,P5091,Home & Kitchen,2,138.07,6.0,259.57,United States,Cash on Delivery
502318,10269,2026-06-29,P1715,Beauty,4,125.33,10.6,448.18,Pakistan,Cash on Delivery
503098,10369,2026-07-18,P9889,Clothing,4,150.21,13.3,520.93,United States,Bank Transfer
504838,10581,2026-03-05,P9331,Home & Kitchen,3,348.58,7.9,963.13,Pakistan,Bank Transfer
503150,10372,2026-08-06,P4188,Clothing,5,125.66,7.9,578.66,Canada,Debit Card
505608,10666,2026-08-01,P9043,Clothing,5,174.56,6.3,817.81,Canada,Digital Wallet
504299,10504,2026-07-12,P5247,Beauty,1,107.9,31.0,74.45,Australia,Bank Transfer
504618,10550,2026-07-08,P4300,Sports,3,146.33,42.9,250.66,United Kingdom,Cash on Delivery
504074,10468,2026-01-23,P5538,Books,1,62.17,9.6,56.2,Canada,Debit Card
503994,10460,2026-07-29,P9433,Sports,2,127.87,7.2,237.33,Australia,Debit Card
506373,10764,2026-05-03,P7052,Accessories,1,112.07,18.3,91.56,Pakistan,Credit Card
506167,10736,2025-11-18,P4115,Sports,1,123.07,23.3,94.39,Pakistan,Bank Transfer
501047,10114,2026-03-29,P7106,Sports,2,204.72,33.3,273.1,Pakistan,Bank Transfer
502939,10340,2026-08-05,P5996,Accessories,5,75.67,10.3,339.38,Pakistan,Cash on Delivery
501808,10202,2026-06-25,P1620,Beauty,7,79.91,6.7,521.89,Pakistan,Digital Wallet
503166,10373,2026-08-03,P8796,Sports,5,62.24,6.4,291.28,United States,Credit Card
500414,10045,2026-07-21,P3835,Home & Kitchen,5,335.42,13.2,1455.72,Pakistan,Cash on Delivery
501340,10146,2026-08-15,P8551,Beauty,2,70.61,14.9,120.18,Australia,Digital Wallet
509371,11114,2026-03-10,P2283,Clothing,2,47.97,23.2,73.68,Pakistan,Digital Wallet
507740,10926,2026-08-14,P6761,Electronics,2,126.92,11.2,225.41,Pakistan,Bank Transfer
505060,10601,2026-05-30,P9377,Clothing,1,101.42,22.8,78.3,United Kingdom,Digital Wallet
504633,10557,2026-06-11,P7243,Clothing,2,71.08,3.7,136.9,United Kingdom,Digital Wallet
504609,10549,2026-07-24,P2620,Accessories,1,27.77,7.3,25.74,Pakistan,Bank Transfer
507366,10884,2026-06-14,P6151,Sports,2,63.4,4.6,120.97,United Kingdom,Credit Card
501469,10161,2026-06-04,P8378,Beauty,1,15.03,15.8,12.66,United Kingdom,Cash on Delivery
501710,10187,2026-07-31,P2353,Clothing,1,67.64,22.7,52.29,Pakistan,Digital Wallet
506270,10751,2026-06-23,P2460,Electronics,4,234.54,2.5,914.71,Australia,Bank Transfer
508732,11039,2026-07-09,P5637,Clothing,2,123.27,0.1,246.29,Pakistan,Bank Transfer
502271,10261,2026-06-10,P8158,Beauty,1,86.51,7.8,79.76,Pakistan,Debit Card
501583,10172,2026-07-02,P2578,Electronics,5,342.33,1.0,1694.53,Pakistan,Credit Card
501412,10155,2026-02-03,P8646,Clothing,1,114.62,18.1,93.87,Pakistan,Cash on Delivery
504111,10471,2026-08-13,P2058,Books,4,22.49,2.1,88.07,Pakistan,Digital Wallet
507652,10915,2026-05-07,P4495,Home & Kitchen,1,150.12,19.2,121.3,United Kingdom,Credit Card
506693,10805,2026-05-22,P2130,Home & Kitchen,1,143.86,6.8,134.08,United Kingdom,Credit Card
501722,10189,2026-07-13,P5934,Beauty,1,81.17,3.3,78.49,Australia,Debit Card
502024,10228,2026-06-25,P3732,Sports,2,227.68,6.6,425.31,Australia,Debit Card
502212,10254,2026-08-13,P1288,Books,3,56.46,9.8,152.78,United Kingdom,Bank Transfer
501507,10165,2026-08-06,P5403,Clothing,4,49.26,14.2,169.06,Australia,Debit Card
502622,10305,2026-06-18,P2344,Clothing,3,98.67,29.8,207.8,Pakistan,Digital Wallet
505290,10624,2026-04-03,P1892,Home & Kitchen,1,138.63,21.5,108.82,United States,Digital Wallet
509128,11082,2026-07-15,P8191,Home & Kitchen,6,162.46,11.3,864.61,Pakistan,Cash on Delivery
501321,10146,2026-07-11,P2054,Electronics,7,279.28,12.7,1706.68,United Kingdom,Bank Transfer
500842,10088,2026-06-09,P4136,Electronics,2,170.29,11.3,302.09,Canada,Cash on Delivery
501146,10125,2026-07-25,P1617,Electronics,5,91.65,10.3,411.05,Pakistan,Cash on Delivery
503624,10425,2026-07-07,P8319,Beauty,6,72.13,3.1,419.36,United Kingdom,Digital Wallet
504280,10499,2026-04-01,P3532,Books,2,13.82,4.3,26.45,Pakistan,Debit Card
509010,11071,2026-07-18,P1961,Books,4,36.85,8.0,135.61,United Kingdom,Bank Transfer
508986,11069,2026-08-15,P8189,Sports,4,96.62,12.5,338.17,Canada,Credit Card
504681,10560,2026-03-10,P8595,Home & Kitchen,1,31.63,16.9,26.28,United Kingdom,Cash on Delivery
500463,10052,2026-06-23,P6087,Accessories,3,44.41,19.4,107.38,Pakistan,Cash on Delivery
501754,10192,2025-09-03,P7025,Sports,1,234.31,1.4,231.03,Pakistan,Cash on Delivery
503936,10455,2026-08-15,P6875,Sports,7,47.55,0.7,330.52,United States,Bank Transfer
507933,10947,2026-07-29,P6266,Electronics,6,143.73,14.7,735.61,Pakistan,Credit Card
509460,11129,2026-06-22,P4661,Sports,1,141.82,0.9,140.54,United States,Debit Card
504401,10517,2026-08-01,P2613,Clothing,4,92.84,2.8,360.96,Canada,Credit Card
504700,10563,2026-05-27,P4986,Clothing,6,66.74,14.9,340.77,United States,Cash on Delivery
508991,11070,2026-05-29,P2174,Clothing,5,160.51,2.2,784.89,Pakistan,Digital Wallet
500378,10040,2026-05-10,P5491,Beauty,3,22.36,4.0,64.4,Canada,Cash on Delivery
503106,10370,2026-05-28,P9571,Electronics,6,528.62,0.9,3143.17,Australia,Debit Card
508215,10981,2026-06-16,P1167,Home & Kitchen,4,117.37,8.5,429.57,United Kingdom,Debit Card
501335,10146,2026-08-06,P3866,Sports,6,109.37,9.5,593.88,Pakistan,Cash on Delivery
501223,10134,2026-04-08,P5911,Home & Kitchen,3,221.74,23.9,506.23,Pakistan,Cash on Delivery
503848,10444,2026-07-19,P4552,Books,2,49.62,14.8,84.55,Pakistan,Debit Card
502716,10316,2026-01-07,P6630,Sports,1,220.91,12.6,193.08,United Kingdom,Bank Transfer
506837,10822,2026-08-06,P6793,Beauty,2,68.57,11.8,120.96,United States,Credit Card
502952,10343,2026-08-06,P7596,Home & Kitchen,3,101.49,6.3,285.29,,Debit Card
501350,10149,2026-06-21,P6129,Electronics,5,366.77,3.0,1778.83,Australia,Credit Card
501082,10118,2026-06-27,P2593,Electronics,4,171.37,22.3,532.62,United Kingdom,Debit Card
506453,10773,2026-07-09,P8151,Sports,2,92.21,3.5,177.97,Australia,Credit Card
501811,10202,2026-06-28,P4625,Electronics,3,683.7,9.2,1862.4,Canada,Digital Wallet
504121,10473,2026-06-03,P3828,Home & Kitchen,7,345.26,9.0,2199.31,Pakistan,Debit Card
501351,10149,2026-06-22,P5649,Books,5,72.6,5.8,341.95,Pakistan,Cash on Delivery
507817,10936,2026-08-11,P4294,Clothing,4,164.45,6.7,613.73,United Kingdom,Bank Transfer
508796,11046,2026-06-22,P7289,Clothing,3,153.11,5.4,434.53,Pakistan,Credit Card
501894,10211,2026-06-28,P5618,Clothing,2,148.07,14.3,253.79,Pakistan,Cash on Delivery
506639,10795,2026-08-04,P3765,Accessories,7,119.79,13.9,721.97,Pakistan,Digital Wallet
500565,10063,2026-06-26,P6969,Electronics,2,563.31,43.3,638.79,United Kingdom,Cash on Delivery
503903,10450,2026-08-09,P8724,Accessories,6,57.12,14.3,293.71,Pakistan,Digital Wallet
507100,10854,2026-02-04,P9627,Home & Kitchen,3,332.54,13.4,863.94,Canada,Credit Card
503673,10430,2026-08-12,P3071,Electronics,3,368.22,12.0,972.1,United States,Debit Card
504366,10516,2026-07-28,P9844,Accessories,6,76.67,0.8,456.34,United States,Bank Transfer
507545,10901,2026-08-12,P7714,Clothing,4,47.01,1.8,184.66,Pakistan,Debit Card
501212,10133,2026-07-09,P9313,Home & Kitchen,4,347.31,12.9,1210.03,United Kingdom,Debit Card
501189,10129,2026-08-15,P5301,Books,3,62.18,3.0,180.94,United Kingdom,Cash on Delivery
503955,10457,2026-08-08,P6378,Beauty,2,86.76,12.0,152.7,Pakistan,Bank Transfer
500898,10096,2026-07-05,P1589,Home & Kitchen,1,281.82,16.9,234.19,Canada,Digital Wallet
504786,10573,2026-06-20,P2705,Clothing,2,38.01,18.2,62.18,Australia,Cash on Delivery
508092,10967,2026-07-18,P1165,Clothing,2,37.17,33.4,49.51,Canada,Cash on Delivery
504602,10547,2026-08-10,P4118,Electronics,6,228.56,13.0,1193.08,United States,Credit Card
508896,11059,2026-02-24,P1267,Beauty,3,118.41,19.9,284.54,Pakistan,Credit Card
503454,10406,2025-10-21,P5317,Electronics,1,456.02,2.1,446.44,United Kingdom,Debit Card
503609,10423,2026-08-04,P7282,Sports,5,240.25,12.2,1054.7,Pakistan,Credit Card
508157,10975,2026-07-16,P2800,Accessories,6,98.64,11.0,526.74,Pakistan,Debit Card
508765,11040,2026-07-26,P5993,Home & Kitchen,5,79.48,23.4,304.41,Canada,Digital Wallet
509677,11161,2026-07-12,P3363,Electronics,2,484.9,27.7,701.17,United Kingdom,Digital Wallet
507572,10903,2026-08-01,P2768,Home & Kitchen,5,240.84,21.9,940.48,Pakistan,Bank Transfer
503909,10451,2026-03-09,P6128,Sports,3,59.7,15.8,150.8,United States,Cash on Delivery
504028,10461,2026-08-12,P7092,Sports,5,60.59,2.0,296.89,Pakistan,Debit Card
503931,10455,2026-08-11,P3153,Beauty,5,119.37,7.9,549.7,Pakistan,Credit Card
502332,10270,2026-07-24,P6566,Electronics,1,550.65,15.2,466.95,Pakistan,Cash on Delivery
507302,10879,2026-07-01,P6572,Home & Kitchen,2,158.88,14.1,272.96,Pakistan,Bank Transfer
502262,10260,2026-08-02,P6256,Clothing,7,71.97,8.0,463.49,Pakistan,Cash on Delivery
509260,11101,2026-08-13,P2197,Beauty,3,54.32,11.6,144.06,United Kingdom,Bank Transfer
505781,10690,2026-05-14,P6567,Home & Kitchen,2,51.48,9.9,92.77,United Kingdom,Bank Transfer
502595,10300,2026-08-13,P9434,Accessories,6,62.33,4.5,357.15,United States,Bank Transfer
507200,10867,2026-05-25,P6293,Books,2,72.83,2.4,142.16,United States,Digital Wallet
503593,10423,2026-06-14,P2442,Sports,3,58.46,10.4,157.14,Pakistan,Cash on Delivery
505216,10617,2026-07-31,P1780,Home & Kitchen,7,247.04,14.3,1481.99,Pakistan,Debit Card
501030,10110,2026-08-12,P4596,Clothing,6,45.66,12.6,239.44,Pakistan,Cash on Delivery
507433,10890,2026-06-30,P6932,Electronics,3,238.62,5.3,677.92,United Kingdom,Debit Card
507877,10941,2026-05-29,P7721,Home & Kitchen,3,310.13,12.3,815.95,Australia,Digital Wallet
508823,11048,2026-08-13,P8991,Electronics,3,510.83,13.5,1325.6,United Kingdom,Digital Wallet
508236,10983,2026-06-05,P4626,Books,7,69.73,11.9,430.02,United Kingdom,Cash on Delivery
505733,10682,2026-08-06,P2103,Clothing,2,165.68,5.5,313.14,Pakistan,Debit Card
505378,10635,2026-08-15,P1958,Electronics,6,108.72,1.6,641.88,Pakistan,Bank Transfer
507762,10930,2026-07-19,P3454,Books,3,54.65,24.0,124.6,Pakistan,Debit Card
501755,10192,2025-10-16,P8572,Clothing,1,43.77,2.8,42.54,United Kingdom,Credit Card
507355,10883,2026-07-30,P5747,Sports,3,143.35,8.0,395.65,United States,Digital Wallet
504161,10477,2026-07-27,P3825,Sports,6,239.89,14.3,1233.51,Australia,Debit Card
500231,10024,2026-06-25,P4326,Clothing,3,30.22,8.6,82.86,Canada,Cash on Delivery
508104,10968,2026-06-21,P1196,Beauty,2,95.55,5.1,181.35,Pakistan,Digital Wallet
500110,10012,2026-01-28,P9982,Sports,3,127.19,9.3,346.08,United Kingdom,Digital Wallet
505457,10644,2026-06-30,P1712,Accessories,5,11.83,15.2,50.16,Pakistan,Debit Card
506708,10808,2025-11-24,P4533,Books,3,74.22,8.6,203.51,Canada,Credit Card
502514,10292,2026-08-09,P6914,Clothing,6,82.61,0.4,493.68,Australia,Cash on Delivery
505961,10709,2026-05-09,P9934,Home & Kitchen,4,151.48,4.9,576.23,Pakistan,Bank Transfer
504279,10499,2026-03-31,P7496,Electronics,1,425.91,0.7,422.93,United States,Digital Wallet
504720,10564,2026-07-18,P8932,Sports,5,133.18,3.4,643.26,Australia,Cash on Delivery
502917,10338,2026-07-06,P1139,Beauty,2,38.16,29.2,54.03,United States,Credit Card
509390,11117,2026-08-05,P1076,Home & Kitchen,6,268.9,6.4,1510.14,Pakistan,Debit Card
502992,10349,2026-06-03,P4768,Accessories,3,49.12,23.1,113.32,United States,Digital Wallet
502317,10269,2026-06-26,P4266,Sports,2,123.87,15.4,209.59,Pakistan,Digital Wallet
504847,10583,2026-06-28,P2606,Beauty,2,64.2,2.8,124.8,Australia,Credit Card
504292,10503,2026-07-04,P4703,Books,4,72.02,23.2,221.25,Pakistan,Digital Wallet
506991,10838,2026-08-13,P5008,Home & Kitchen,4,277.0,19.2,895.26,Canada,Cash on Delivery
501515,10166,2026-07-02,P6765,Beauty,3,147.78,16.6,369.75,Pakistan,Credit Card
500216,10023,2026-07-15,P4723,Sports,2,213.22,16.7,355.22,Pakistan,Debit Card
509213,11096,2026-07-24,P2680,Home & Kitchen,1,299.21,0.1,298.91,Pakistan,Cash on Delivery
509061,11074,2026-07-31,P8972,Sports,7,41.23,1.9,283.13,Pakistan,Cash on Delivery
508417,11002,2026-07-24,P2993,Clothing,1,29.63,3.3,28.65,Pakistan,Debit Card
502263,10260,2026-08-02,P4518,Sports,4,205.24,4.8,781.55,Pakistan,Cash on Delivery
505326,10629,2026-07-12,P2622,Electronics,7,536.52,1.1,3714.33,Pakistan,Debit Card
506840,10822,2026-08-08,P3367,Sports,2,161.04,4.6,307.26,Australia,Credit Card
508498,11014,2026-06-25,P7756,Beauty,6,53.29,9.8,288.41,Australia,Digital Wallet
506010,10719,2026-07-06,P4621,Books,6,59.82,2.7,349.23,Canada,Credit Card
500893,10095,2026-08-06,P2679,Beauty,2,138.84,43.9,155.78,Australia,Bank Transfer
501490,10164,2026-04-07,P5089,Accessories,3,58.57,16.1,147.42,Canada,Cash on Delivery
503003,10351,2026-04-04,P3253,Accessories,1,12.78,18.8,10.38,United Kingdom,Digital Wallet
501850,10207,2026-06-17,P6524,Clothing,5,104.39,10.3,468.19,Australia,Bank Transfer
505199,10614,2026-08-09,P1532,Sports,5,122.11,9.3,553.77,United States,Cash on Delivery
506380,10764,2026-08-06,P2747,Sports,1,155.91,18.1,127.69,Pakistan,Cash on Delivery
500324,10033,2026-07-03,P5675,Clothing,3,145.08,5.7,410.43,Pakistan,Debit Card
501215,10133,2026-07-11,P7467,Clothing,6,48.13,3.2,279.54,,Bank Transfer
502899,10336,2026-08-06,P1258,Books,4,17.78,6.2,66.71,Pakistan,Cash on Delivery
502933,10340,2026-07-28,P2482,Beauty,3,134.46,2.6,392.89,Australia,Digital Wallet
503658,10430,2026-08-06,P1937,Electronics,3,170.03,10.9,454.49,Australia,Cash on Delivery
508678,11034,2026-08-08,P3386,Beauty,6,47.89,6.3,269.24,United Kingdom,Debit Card
506673,10802,2026-06-27,P7303,Electronics,2,161.83,5.5,305.86,United Kingdom,Debit Card
507972,10956,2026-07-16,P3286,Accessories,5,86.51,3.9,415.68,Pakistan,Debit Card
508586,11023,2025-11-17,P9834,Electronics,3,485.03,0.2,1452.18,Canada,Digital Wallet
506169,10736,2025-12-30,P3665,Sports,3,224.48,17.8,553.57,Australia,Cash on Delivery
509724,11164,2026-07-27,P8223,Home & Kitchen,2,244.98,15.1,415.98,United States,Credit Card
501129,10124,2026-07-21,P7229,Books,3,69.6,3.1,202.33,Australia,Cash on Delivery
508856,11053,2026-01-31,P8725,Clothing,3,111.68,9.3,303.88,Pakistan,Bank Transfer
502918,10338,2026-07-10,P9536,Sports,3,203.15,38.9,372.37,Pakistan,Cash on Delivery
503902,10450,2026-08-08,P5610,Books,6,16.67,2.0,98.02,United States,Bank Transfer
507947,10951,2026-06-20,P7690,Clothing,3,138.32,0.1,414.55,Pakistan,Credit Card
509097,11079,2026-07-22,P7016,Home & Kitchen,1,269.73,21.0,213.09,Pakistan,Cash on Delivery
503827,10441,2026-07-04,P9317,Clothing,3,153.12,0.2,458.44,Pakistan,Bank Transfer
504923,10588,2026-08-08,P8645,Sports,7,76.77,14.0,462.16,Pakistan,Bank Transfer
500208,10022,2026-08-09,P5582,Home & Kitchen,3,46.4,0.9,137.95,Pakistan,Digital Wallet
503254,10380,2026-05-26,P2512,Books,2,14.76,16.8,24.56,Canada,Cash on Delivery
502795,10327,2026-04-26,P8352,Books,1,67.39,11.1,59.91,Australia,Bank Transfer
505106,10605,2026-06-29,P7362,Accessories,4,85.3,14.2,292.75,Pakistan,Cash on Delivery
509011,11071,2026-07-22,P2940,Electronics,3,593.41,1.0,1762.43,Canada,Credit Card
500798,10084,2026-07-25,P8050,Sports,4,75.29,11.0,268.03,Pakistan,Bank Transfer
509105,11081,2026-04-04,P6036,Beauty,3,16.48,41.1,29.12,Pakistan,Cash on Delivery
500734,10077,2026-05-30,P4955,Sports,3,118.97,15.6,301.23,United States,Bank Transfer
502244,10260,2026-07-11,P2659,Beauty,4,59.37,5.8,223.71,United Kingdom,Digital Wallet
500178,10019,2025-12-25,P2128,Clothing,3,58.75,9.4,159.68,United Kingdom,Bank Transfer
505830,10695,2026-08-15,P4594,Sports,7,235.28,12.6,1439.44,United Kingdom,Credit Card
507008,10841,2026-08-05,P7026,Books,3,44.99,6.0,126.87,Pakistan,Bank Transfer
501174,10129,2026-08-03,P4085,Clothing,5,140.22,12.4,614.16,Pakistan,Digital Wallet
506642,10795,2026-08-06,P9829,Books,6,73.38,5.7,415.18,United Kingdom,Bank Transfer
505848,10699,2026-06-05,P3144,Electronics,3,314.4,20.5,749.84,Pakistan,Bank Transfer
501831,10206,2026-08-05,P8663,Clothing,4,59.0,12.6,206.26,United States,Credit Card
507995,10958,2026-08-10,P4292,Clothing,7,104.25,4.5,696.91,United Kingdom,Debit Card
509279,11106,2026-05-23,P7214,Electronics,3,181.85,13.6,471.36,Australia,Credit Card
507897,10944,2026-07-08,P2959,Clothing,1,27.32,35.5,17.62,United States,Digital Wallet
508597,11027,2025-08-25,P3682,Home & Kitchen,1,50.96,6.6,47.6,Pakistan,Credit Card
508522,11015,2026-06-15,P8420,Clothing,2,73.26,28.4,104.91,United Kingdom,Credit Card
500198,10022,2026-07-15,P3223,Sports,3,30.7,4.7,87.77,Pakistan,Digital Wallet
507928,10947,2026-07-12,P7830,Home & Kitchen,7,85.14,4.8,567.37,Australia,Cash on Delivery
507076,10851,2026-08-07,P4685,Electronics,4,290.39,9.4,1052.37,Pakistan,Bank Transfer
509284,11106,2026-06-20,P8487,Books,3,10.53,9.8,28.49,Australia,Bank Transfer
501097,10121,2026-03-28,P1914,Clothing,1,70.13,39.5,42.43,Australia,Debit Card
500548,10061,2026-07-21,P3176,Beauty,4,86.17,7.7,318.14,United States,Debit Card
506908,10828,2026-08-07,P6559,Beauty,1,88.64,0.3,88.37,Canada,Bank Transfer
508229,10982,2026-08-07,P7535,Books,3,67.2,33.6,133.86,Canada,Cash on Delivery
504706,10563,2026-07-10,P2838,Clothing,7,135.75,14.0,817.22,Pakistan,Debit Card
506912,10829,2026-05-29,P1105,Accessories,1,65.92,16.6,54.98,Pakistan,Digital Wallet
503369,10395,2026-06-11,P7118,Beauty,5,103.68,15.1,440.12,Pakistan,Digital Wallet
507583,10906,2025-12-24,P8698,Sports,1,62.7,7.6,57.93,Pakistan,Debit Card
502532,10293,2026-07-22,P2128,Beauty,1,64.36,36.2,41.06,Pakistan,Digital Wallet
504055,10466,2026-06-24,P9417,Accessories,1,15.88,15.3,13.45,United Kingdom,Bank Transfer
502314,10268,2026-05-21,P2057,Electronics,3,457.05,35.0,891.25,Pakistan,Cash on Delivery
506653,10799,2026-07-09,P7380,Books,1,41.16,22.6,31.86,Canada,Digital Wallet
506885,10827,2026-06-23,P3806,Home & Kitchen,3,297.53,7.1,829.22,United States,Bank Transfer
505937,10707,2026-05-09,P2353,Books,4,65.12,16.5,217.5,United Kingdom,Credit Card
502815,10331,2026-03-31,P8041,Books,1,53.03,22.1,41.31,Pakistan,Bank Transfer
503437,10404,2026-06-28,P5149,Home & Kitchen,2,89.71,21.3,141.2,United Kingdom,Bank Transfer
503880,10448,2026-06-20,P9615,Clothing,3,27.84,36.9,52.7,Pakistan,Bank Transfer
504157,10477,2026-07-21,P3812,Accessories,6,113.81,10.8,609.11,Pakistan,Cash on Delivery
500066,10007,2026-08-09,P3971,Electronics,6,630.01,4.6,3606.18,United Kingdom,Credit Card
507866,10940,2026-04-12,P4105,Clothing,1,54.54,18.4,44.5,Pakistan,Credit Card
500616,10067,2026-07-03,P7539,Electronics,2,81.46,10.2,146.3,Pakistan,Cash on Delivery
501118,10123,2026-08-11,P2057,Beauty,1,145.12,24.3,109.86,Pakistan,Digital Wallet
503260,10380,2026-07-12,P5661,Home & Kitchen,2,333.8,12.3,585.49,United States,Debit Card
503401,10399,2026-07-10,P8851,Home & Kitchen,2,311.28,40.8,368.56,Pakistan,Debit Card
503692,10431,2026-08-15,P1675,Home & Kitchen,4,127.03,14.1,436.48,United Kingdom,Digital Wallet
500937,10100,2026-08-02,P5087,Clothing,3,106.7,4.4,306.02,Pakistan,Digital Wallet
506604,10790,2025-12-12,P3794,Clothing,3,126.93,15.1,323.29,Pakistan,Credit Card
502572,10298,2026-07-09,P9653,Home & Kitchen,4,323.11,18.0,1059.8,United Kingdom,Debit Card
507536,10901,2026-05-11,P6286,Accessories,3,99.48,10.4,267.4,Pakistan,Bank Transfer
506324,10758,2026-05-14,P4236,Clothing,3,109.78,19.2,266.11,United Kingdom,Digital Wallet
500622,10067,2026-07-15,P1755,Accessories,7,106.79,3.7,719.87,United States,Bank Transfer
501681,10182,2026-08-01,P5834,Home & Kitchen,5,200.05,12.6,874.22,Canada,Digital Wallet
502126,10244,2026-06-21,P3178,Home & Kitchen,2,114.65,16.1,192.38,Canada,Digital Wallet
500787,10082,2026-02-06,P8292,Accessories,2,66.26,10.3,118.87,Pakistan,Credit Card
503332,10389,2026-07-14,P8235,Home & Kitchen,3,192.86,35.7,372.03,United Kingdom,Debit Card
507236,10871,2026-06-19,P5288,Books,4,56.0,7.5,207.2,Pakistan,Bank Transfer
501092,10120,2026-02-21,P5091,Beauty,2,112.8,0.1,225.37,Pakistan,Cash on Delivery
509103,11080,2026-01-26,P1629,Books,3,57.84,8.0,159.64,Canada,Cash on Delivery
505020,10598,2026-06-14,P8487,Home & Kitchen,4,109.96,19.4,354.51,United Kingdom,Digital Wallet
509353,11112,2026-06-04,P1714,Electronics,1,378.42,23.2,290.63,Pakistan,Bank Transfer
505944,10707,2026-08-01,P5214,Clothing,2,80.36,23.7,122.63,Pakistan,Debit Card
503280,10381,2026-08-15,P6804,Sports,6,40.92,6.2,230.3,United Kingdom,Cash on Delivery
508186,10978,2026-07-14,P4692,Accessories,2,19.43,1.4,38.32,Canada,Credit Card
502201,10254,2026-06-17,P3514,Books,1,71.56,17.6,58.97,Pakistan,Credit Card
501160,10128,2025-12-27,P8149,Clothing,3,160.4,11.4,426.34,Canada,Debit Card
505581,10661,2026-07-23,P4794,Accessories,3,14.41,9.8,38.99,Pakistan,Cash on Delivery
503592,10423,2026-06-11,P1387,Clothing,3,45.99,10.9,122.93,Pakistan,Bank Transfer
503952,10457,2026-08-07,P2544,Home & Kitchen,6,317.17,3.2,1842.12,Pakistan,Cash on Delivery
509691,11162,2026-07-25,P1465,Home & Kitchen,5,45.25,12.0,199.1,United Kingdom,Credit Card
506247,10746,2026-03-31,P9411,Home & Kitchen,3,237.47,19.6,572.78,United States,Bank Transfer
504153,10475,2026-06-03,P5925,Clothing,3,65.1,4.6,186.32,Pakistan,Digital Wallet
500478,10055,2026-03-27,P3568,Beauty,3,50.44,8.9,137.85,Pakistan,Cash on Delivery
501352,10149,2026-06-23,P4034,Electronics,7,247.69,9.0,1577.79,Pakistan,Credit Card
504309,10506,2026-06-14,P6752,Clothing,5,100.57,8.9,458.1,United States,Credit Card
505698,10678,2026-06-17,P6624,Electronics,4,376.08,18.6,1224.52,United Kingdom,Debit Card
502647,10309,2026-05-02,P5064,Home & Kitchen,1,219.44,37.8,136.49,Pakistan,Digital Wallet
508460,11008,2026-07-21,P8756,Clothing,3,158.83,19.1,385.48,Australia,Credit Card
508198,10979,2026-04-09,P1006,Accessories,2,39.89,8.6,72.92,United Kingdom,Cash on Delivery
507689,10920,2026-07-13,P8670,Home & Kitchen,5,241.36,7.0,1122.32,United Kingdom,Bank Transfer
509257,11101,2026-08-10,P6970,Clothing,2,109.88,12.4,192.51,United States,Bank Transfer
502589,10300,2026-08-09,P4777,Books,3,8.29,0.8,24.67,United States,Bank Transfer
501033,10110,2026-08-15,P5466,Sports,4,73.32,13.8,252.81,Canada,Cash on Delivery
504686,10561,2026-07-13,P7959,Electronics,3,171.56,20.5,409.17,Canada,Bank Transfer
505011,10596,2026-07-05,P8289,Electronics,1,349.34,11.7,308.47,United States,Debit Card
502598,10301,2026-07-18,P8160,Clothing,6,163.12,9.5,885.74,Canada,Credit Card
505819,10695,2026-07-21,P9399,Beauty,3,63.72,2.1,187.15,Pakistan,Digital Wallet
504608,10548,2026-05-04,P5893,Home & Kitchen,1,53.42,19.2,43.16,Australia,Credit Card
508470,11010,2026-05-24,P6312,Accessories,1,31.55,16.3,26.41,United Kingdom,Debit Card
509040,11073,2026-07-30,P6944,Clothing,7,63.23,7.3,410.3,Pakistan,Cash on Delivery
507450,10892,2025-08-29,P5097,Books,2,78.74,23.8,120.0,Pakistan,Digital Wallet
504671,10559,2026-03-12,P8093,Beauty,1,57.46,39.4,34.82,United Kingdom,Bank Transfer
505583,10663,2026-03-10,P6674,Home & Kitchen,1,242.61,14.5,207.43,United Kingdom,Bank Transfer
503717,10434,2026-08-08,P6032,Accessories,5,63.11,12.3,276.74,Pakistan,Digital Wallet
509327,11110,2026-06-17,P5702,Clothing,1,91.68,16.6,76.46,Pakistan,Digital Wallet
503928,10455,2026-08-07,P7135,Clothing,7,111.23,3.9,748.24,United Kingdom,Cash on Delivery
503617,10425,2026-06-27,P8886,Home & Kitchen,4,51.09,1.7,200.89,Pakistan,Bank Transfer
501425,10156,2026-07-28,P4570,Home & Kitchen,4,305.37,5.3,1156.74,Pakistan,Debit Card
509378,11115,2026-07-25,P2086,Accessories,1,50.27,11.7,44.39,Pakistan,Credit Card
502919,10338,2026-08-01,P3122,Home & Kitchen,3,249.26,38.1,462.88,United Kingdom,Cash on Delivery
503819,10441,2026-06-02,P9983,Accessories,7,118.09,8.0,760.5,Pakistan,Cash on Delivery
501871,10209,2026-07-31,P1712,Clothing,3,148.31,14.1,382.19,Pakistan,Cash on Delivery
505487,10648,2026-06-05,P1488,Accessories,3,74.53,8.2,205.26,Canada,Digital Wallet
500480,10056,2025-12-03,P9627,Accessories,3,77.69,20.3,185.76,Canada,Cash on Delivery
505972,10711,2026-06-08,P7100,Electronics,1,525.37,42.2,303.66,United States,Credit Card
509600,11149,2026-03-25,P3948,Home & Kitchen,3,51.61,6.8,144.3,United States,Digital Wallet
502888,10336,2026-07-30,P2852,Electronics,5,687.01,9.5,3108.72,United Kingdom,Digital Wallet
506686,10804,2026-03-18,P9080,Clothing,3,32.51,21.8,76.27,United Kingdom,Bank Transfer
506315,10756,2026-07-13,P8617,Books,2,38.87,29.7,54.65,Pakistan,Debit Card
500527,10059,2026-08-11,P3985,Home & Kitchen,3,185.15,4.8,528.79,Australia,Debit Card
504129,10473,2026-06-29,P9409,Books,3,62.21,1.6,183.64,Canada,Debit Card
500722,10075,2026-08-10,P2334,Clothing,2,60.36,16.9,100.32,Pakistan,Bank Transfer
505120,10605,2026-07-26,P5214,Books,2,56.01,3.6,107.99,Canada,Debit Card
504722,10564,2026-07-20,P2274,Home & Kitchen,3,235.65,14.2,606.56,United Kingdom,Bank Transfer
500220,10023,2026-07-28,P1739,Electronics,2,234.27,13.2,406.69,Pakistan,Digital Wallet
509188,11093,2026-06-09,P1698,Clothing,1,153.97,17.0,127.8,Pakistan,Digital Wallet
501935,10217,2026-08-03,P9630,Clothing,3,46.02,13.9,118.87,Pakistan,Cash on Delivery
500344,10036,2026-04-03,P1028,Clothing,3,178.08,31.0,368.63,Australia,Debit Card
508332,10993,2026-05-13,P5720,Sports,5,150.09,19.4,604.86,United Kingdom,Bank Transfer
509674,11161,2026-06-26,P4014,Beauty,3,92.99,37.8,173.52,United States,Credit Card
504483,10528,2026-08-15,P6281,Electronics,1,86.53,9.4,78.4,Pakistan,Debit Card
509706,11163,2026-07-20,P9606,Home & Kitchen,4,312.05,9.6,1128.37,United Kingdom,Cash on Delivery
508486,11011,2026-08-13,P2277,Accessories,3,28.25,15.3,71.78,United Kingdom,Credit Card
509216,11096,2026-08-03,P3298,Accessories,1,85.44,19.2,69.04,Pakistan,Bank Transfer
506903,10828,2026-07-04,P5703,Accessories,3,69.68,3.8,201.1,United States,Digital Wallet
509154,11087,2026-07-12,P2305,Beauty,1,145.11,1.3,143.22,Canada,Digital Wallet
505960,10709,2026-04-22,P8616,Sports,5,117.54,11.7,518.94,Canada,Credit Card
507034,10845,2026-08-14,P1899,Clothing,7,121.78,8.8,777.44,Canada,Credit Card
506051,10724,2026-05-07,P4962,Electronics,2,426.73,19.2,689.6,Pakistan,Digital Wallet
502391,10282,2026-05-31,P1488,Clothing,5,22.43,15.0,95.33,United States,Cash on Delivery
507181,10861,2026-05-12,P3559,Sports,3,161.24,27.2,352.15,Pakistan,Credit Card
504328,10510,2026-05-03,P2586,Clothing,2,127.08,40.8,150.46,Pakistan,Cash on Delivery
506452,10773,2026-07-08,P8019,Clothing,4,31.26,11.3,110.91,Pakistan,Bank Transfer
501983,10223,2026-07-28,P3988,Beauty,4,38.04,7.4,140.9,Australia,Cash on Delivery
508246,10983,2026-07-17,P9370,Clothing,4,136.22,12.7,475.68,Canada,Digital Wallet
501554,10169,2026-07-07,P3403,Books,5,21.74,9.9,97.94,Pakistan,Digital Wallet
504850,10584,2026-05-29,P5144,Sports,2,193.06,7.9,355.62,United States,Credit Card
509095,11079,2026-07-10,P7289,Clothing,4,129.5,22.5,401.45,United States,Digital Wallet
509922,11192,2026-03-19,P1445,Books,3,32.88,7.8,90.95,Canada,Cash on Delivery
507532,10900,2026-08-03,P6258,Books,5,33.6,14.9,142.97,Australia,Cash on Delivery
506853,10822,2026-08-15,P3569,Beauty,4,105.09,6.1,394.72,Pakistan,Credit Card
504641,10557,2026-07-15,P2605,Electronics,7,338.49,12.9,2063.77,Pakistan,Debit Card
502881,10335,2026-08-10,P4210,Sports,2,36.34,2.2,71.08,Pakistan,Cash on Delivery
501677,10182,2026-07-11,P3560,Home & Kitchen,2,31.15,1.7,61.24,Pakistan,Bank Transfer
504885,10587,2026-07-03,P1704,Home & Kitchen,6,211.09,14.0,1089.22,Canada,Credit Card
501964,10222,2026-06-15,P1968,Accessories,2,88.09,21.8,137.77,United States,Digital Wallet
500901,10098,2026-01-19,P9983,Sports,1,77.66,19.7,62.36,United States,Debit Card
507130,10856,2026-08-11,P5094,Sports,2,35.17,9.7,63.52,Pakistan,Digital Wallet
503068,10361,2026-08-15,P5417,Clothing,5,176.14,6.5,823.45,United Kingdom,Debit Card
502296,10264,2026-02-23,P7844,Books,1,74.23,17.8,61.02,United Kingdom,Bank Transfer
506237,10744,2026-05-08,P3332,Electronics,2,495.32,18.5,807.37,Pakistan,Cash on Delivery
505862,10701,2026-05-29,P5840,Electronics,3,470.81,10.7,1261.3,Australia,Cash on Delivery
500296,10030,2026-08-07,P1969,Clothing,2,104.05,5.1,197.49,Australia,Cash on Delivery
508778,11042,2026-07-25,P2277,Home & Kitchen,2,170.83,27.5,247.7,Pakistan,Digital Wallet
500057,10007,2026-07-11,P6313,Electronics,7,592.93,2.3,4055.05,Pakistan,Digital Wallet
507242,10872,2026-05-03,P9860,Home & Kitchen,5,201.63,20.6,800.47,Pakistan,Cash on Delivery
504385,10516,2026-08-14,P7310,Clothing,5,64.32,12.0,283.01,Australia,Cash on Delivery
502984,10348,2026-07-30,P9973,Clothing,3,145.51,14.1,374.98,United States,Digital Wallet
500027,10004,2026-06-08,P2647,Home & Kitchen,2,256.6,4.3,491.13,Pakistan,Digital Wallet
504407,10518,2026-07-12,P8477,Beauty,3,149.57,26.5,329.8,Canada,Credit Card
509877,11188,2026-07-12,P1957,Accessories,3,81.24,12.0,214.47,Pakistan,Credit Card
502676,10311,2026-04-28,P7512,Beauty,1,143.86,18.6,117.1,Pakistan,Debit Card
508545,11019,2026-02-18,P9914,Home & Kitchen,2,333.84,14.8,568.86,United States,Credit Card
505262,10622,2026-04-17,P4077,Clothing,1,133.11,2.8,129.38,Australia,Credit Card
505841,10698,2026-06-30,P5953,Clothing,3,138.35,5.7,391.39,Canada,Digital Wallet
507021,10844,2026-02-18,P3477,Home & Kitchen,1,335.85,13.1,291.85,Australia,Digital Wallet
503248,10379,2026-06-29,P7568,Sports,1,183.94,30.7,127.47,United States,Cash on Delivery
505667,10673,2026-07-27,P6334,Accessories,4,59.17,9.8,213.49,Australia,Credit Card
503884,10449,2026-08-07,P2987,Sports,5,186.33,15.9,783.52,United Kingdom,Debit Card
507663,10917,2026-06-22,P9803,Home & Kitchen,4,289.43,6.0,1088.26,Pakistan,Credit Card
500295,10030,2026-08-06,P4185,Books,3,69.8,7.0,194.74,Australia,Debit Card
503161,10373,2026-07-13,P8735,Accessories,6,109.33,12.5,573.98,United Kingdom,Credit Card
502580,10299,2026-06-09,P7239,Beauty,2,82.27,9.3,149.24,Australia,Bank Transfer
503870,10445,2026-07-30,P1301,Accessories,2,89.47,26.5,131.52,Pakistan,Debit Card
509210,11096,2026-07-22,P5872,Clothing,2,172.42,2.8,335.18,Canada,Cash on Delivery
504404,10518,2026-06-08,P5459,Electronics,2,391.55,28.2,562.27,Canada,Cash on Delivery
506952,10833,2026-08-14,P1439,Beauty,7,24.77,11.2,153.97,United States,Bank Transfer
500648,10069,2026-07-22,P6712,Home & Kitchen,6,280.65,7.2,1562.66,United Kingdom,Credit Card
501370,10150,2026-06-30,P4283,Beauty,2,46.03,9.5,83.31,Pakistan,Debit Card
509855,11185,2026-05-31,P3970,Clothing,5,168.63,14.2,723.42,Pakistan,Bank Transfer
506992,10838,2026-08-13,P2039,Beauty,1,102.29,15.8,86.13,Pakistan,Bank Transfer
505532,10656,2026-05-28,P2081,Beauty,7,43.08,3.5,291.01,Pakistan,Credit Card
509620,11152,2026-07-26,P2249,Clothing,3,136.29,35.4,264.13,United Kingdom,Digital Wallet
505708,10678,2026-08-07,P6842,Accessories,4,30.32,5.7,114.37,United Kingdom,Digital Wallet
504209,10488,2026-07-18,P7162,Home & Kitchen,1,82.52,13.6,71.3,Pakistan,Bank Transfer
500681,10072,2026-06-06,P6311,Clothing,4,113.94,20.7,361.42,United Kingdom,Bank Transfer
500434,10047,2026-07-28,P9780,Sports,2,44.49,10.9,79.28,Pakistan,Digital Wallet
509309,11108,2026-05-20,P7712,Electronics,2,655.71,28.1,942.91,United Kingdom,Credit Card
504824,10579,2026-05-29,P8581,Electronics,1,681.2,0.3,679.16,United Kingdom,Digital Wallet
509761,11169,2026-08-15,P9357,Electronics,4,480.77,2.9,1867.31,United States,Bank Transfer
503159,10373,2026-07-03,P4345,Clothing,3,116.56,3.4,337.79,United Kingdom,Digital Wallet
501489,10164,2026-03-02,P1060,Electronics,3,129.87,15.7,328.44,Canada,Credit Card
502987,10348,2026-08-06,P4047,Sports,6,87.88,4.2,505.13,Australia,Cash on Delivery
500812,10084,2026-08-13,P5071,Home & Kitchen,2,88.35,14.7,150.73,Canada,Debit Card
501882,10209,2026-08-13,P9812,Home & Kitchen,4,197.41,11.4,699.62,Pakistan,Cash on Delivery
509267,11103,2025-10-07,P6148,Sports,1,76.5,5.8,72.06,United Kingdom,Bank Transfer
504936,10589,2026-08-03,P4074,Clothing,5,41.08,1.2,202.94,United States,Credit Card
509935,11193,2026-07-29,P6355,Books,5,35.21,5.3,166.72,Pakistan,Cash on Delivery
501940,10218,2026-01-31,P3200,Accessories,1,27.24,27.5,19.75,United States,Debit Card
503296,10385,2026-05-09,P9461,Accessories,3,21.39,19.7,51.53,Australia,Digital Wallet
503534,10416,2026-07-20,P7594,Books,1,34.86,13.7,30.08,Pakistan,Digital Wallet
504525,10535,2026-05-03,P7796,Accessories,1,110.98,22.8,85.68,Pakistan,Digital Wallet
503729,10435,2026-08-03,P8117,Home & Kitchen,4,286.7,8.7,1047.03,Pakistan,Bank Transfer
507015,10843,2026-07-01,P8261,Clothing,2,151.28,0.4,301.35,Pakistan,Debit Card
501612,10176,2026-06-11,P6319,Clothing,4,55.73,16.0,187.25,United Kingdom,Credit Card
501181,10129,2026-08-10,P3954,Home & Kitchen,7,167.31,10.9,1043.51,Pakistan,Bank Transfer
501375,10150,2026-07-26,P8307,Beauty,2,38.46,9.1,69.92,Pakistan,Credit Card
509224,11097,2026-07-23,P5935,Home & Kitchen,4,211.71,5.5,800.26,Australia,Digital Wallet
503946,10457,2026-08-02,P3425,Home & Kitchen,6,201.54,1.0,1197.15,United States,Credit Card
507210,10868,2026-07-19,P6919,Clothing,2,94.03,24.6,141.8,United States,Bank Transfer
505211,10617,2026-07-18,P8764,Sports,6,175.46,11.6,930.64,Pakistan,Credit Card
500063,10007,2026-07-28,P1725,Electronics,5,686.58,4.9,3264.69,Pakistan,Cash on Delivery
500626,10067,2026-07-31,P2417,Books,4,52.32,10.3,187.72,Pakistan,Bank Transfer
504421,10520,2026-05-08,P6849,Accessories,2,22.01,16.7,36.67,Canada,Cash on Delivery
501669,10182,2026-06-13,P9143,,4,81.01,5.6,305.89,Australia,Debit Card
502112,10240,2026-06-10,P4201,Clothing,2,43.78,8.4,80.2,United States,Digital Wallet
505804,10692,2026-05-24,P8297,Books,1,25.2,23.9,19.18,United Kingdom,Debit Card
509763,11170,2026-04-28,P2805,Accessories,2,109.88,2.6,214.05,Pakistan,Debit Card
504032,10462,2026-04-29,P8396,Home & Kitchen,2,321.3,11.4,569.34,United Kingdom,Cash on Delivery
506545,10779,2026-02-28,P7590,Accessories,2,73.23,43.1,83.34,United Kingdom,Debit Card
507948,10951,2026-06-24,P1293,Beauty,1,43.71,2.9,42.44,United States,Cash on Delivery
500084,10011,2026-08-11,P2015,Home & Kitchen,6,75.89,7.0,423.47,Australia,Credit Card
509180,11090,2026-08-10,P3935,Accessories,4,61.45,21.1,193.94,Australia,Debit Card
501462,10160,2026-03-02,P2746,Accessories,2,58.68,39.6,70.89,Pakistan,Digital Wallet
502283,10263,2026-08-10,P3017,Clothing,2,44.73,7.0,83.2,Canada,Bank Transfer
502887,10336,2026-07-29,P1199,Clothing,7,51.34,10.5,321.65,Pakistan,Credit Card
505834,10697,2026-07-02,P5830,Clothing,2,156.02,15.3,264.3,United Kingdom,Debit Card
500684,10072,2026-07-16,P8813,Clothing,5,156.0,13.5,674.7,United Kingdom,Bank Transfer
504469,10526,2026-04-01,P6334,Books,1,79.45,2.0,77.86,Australia,Credit Card
500418,10045,2026-07-31,P9458,Electronics,3,413.64,6.5,1160.26,Australia,Debit Card
505228,10618,2026-08-12,P3391,Home & Kitchen,2,123.05,13.9,211.89,Pakistan,Debit Card
504253,10494,2026-08-12,P3821,Clothing,3,46.01,0.5,137.34,United Kingdom,Cash on Delivery
502709,10314,2026-02-19,P2241,Clothing,1,73.99,16.6,61.71,Pakistan,Bank Transfer
502357,10273,2026-03-17,P4410,Beauty,2,54.11,23.8,82.46,Pakistan,Debit Card
508059,10964,2026-07-19,P4694,Books,3,25.77,17.6,63.7,Pakistan,Digital Wallet
501366,10150,2026-06-20,P3506,Home & Kitchen,5,268.04,23.0,1031.95,Pakistan,Debit Card
506277,10751,2026-07-13,P5454,Sports,6,153.13,10.0,826.9,United States,Cash on Delivery
503916,10453,2026-06-11,P3485,Clothing,2,140.54,23.3,215.59,United Kingdom,Digital Wallet
500293,10030,2026-07-30,P8210,Sports,4,222.85,8.1,819.2,Pakistan,Credit Card
502639,10307,2026-05-17,P4238,Books,2,42.54,18.9,69.0,Pakistan,Bank Transfer
509458,11129,2026-06-20,P4172,Accessories,3,99.85,23.1,230.35,United Kingdom,Debit Card
501506,10165,2026-08-04,P2742,Clothing,7,173.85,14.8,1036.84,Pakistan,Debit Card
509037,11073,2026-07-18,P9098,Beauty,4,82.9,4.9,315.35,Australia,Credit Card
507393,10886,2026-07-10,P7222,Home & Kitchen,1,296.03,20.1,236.53,Pakistan,Debit Card
501634,10178,2026-07-05,P5574,Home & Kitchen,3,156.7,18.8,381.72,Pakistan,Credit Card
502457,10286,2026-07-17,P6817,Electronics,2,148.06,4.7,282.2,Pakistan,Bank Transfer
509891,11188,2026-08-13,P2225,Beauty,5,147.92,14.8,630.14,Canada,Digital Wallet
505558,10657,2026-06-26,P5284,Accessories,1,90.39,14.1,77.65,United States,Debit Card
509751,11169,2026-08-02,P9264,Accessories,5,14.16,2.2,69.24,United Kingdom,Digital Wallet
502300,10266,2026-07-22,P6688,Home & Kitchen,3,232.14,34.4,456.85,Pakistan,Cash on Delivery
504537,10537,2026-05-31,P5866,Clothing,1,123.81,19.3,99.91,United Kingdom,Debit Card
502938,10340,2026-08-04,P5876,Home & Kitchen,3,302.26,9.1,824.26,United States,Credit Card
501563,10169,2026-07-26,P1079,Beauty,2,70.33,13.1,122.23,Pakistan,Bank Transfer
505689,10677,2026-08-06,P2342,Home & Kitchen,4,121.61,1.3,480.12,United States,Cash on Delivery
508658,11033,2026-08-11,P6480,Accessories,3,64.93,9.5,176.28,United States,Cash on Delivery
507517,10899,2026-07-21,P3678,Beauty,2,144.93,12.6,253.34,Australia,Digital Wallet
501979,10223,2026-07-14,P6968,Clothing,5,85.74,10.5,383.69,Pakistan,Cash on Delivery
501883,10210,2026-04-24,P3364,Clothing,4,168.85,0.8,670.0,United Kingdom,Debit Card
503803,10440,2026-07-20,P9201,Sports,6,223.53,5.0,1274.12,Pakistan,Debit Card
500438,10048,2026-05-25,P8292,Beauty,1,22.71,2.5,22.14,United States,Credit Card
504635,10557,2026-06-16,P9604,Beauty,4,134.85,14.8,459.57,Pakistan,Bank Transfer
504528,10535,2026-07-28,P9536,Accessories,3,100.93,18.2,247.68,Pakistan,Bank Transfer
504332,10511,2025-12-17,P9178,Home & Kitchen,1,312.24,9.2,283.51,Pakistan,Debit Card
503573,10421,2026-04-22,P5262,Electronics,1,390.55,36.9,246.44,United Kingdom,Digital Wallet
508741,11039,2026-07-23,P1882,Home & Kitchen,7,349.13,0.9,2421.91,United Kingdom,Cash on Delivery
508911,11062,2026-04-15,P7455,Home & Kitchen,1,45.37,18.5,36.98,United Kingdom,Digital Wallet
504817,10577,2026-08-02,P3475,Clothing,5,86.68,2.0,424.73,Pakistan,Credit Card
506435,10771,2026-07-30,P8155,Sports,5,156.42,3.2,757.07,Pakistan,Debit Card
502986,10348,2026-08-06,P7457,Clothing,5,37.97,2.3,185.48,Australia,Bank Transfer
507838,10937,2026-08-12,P7730,Clothing,3,96.96,12.1,255.68,Pakistan,Cash on Delivery
500704,10073,2026-08-13,P6340,Books,5,55.46,7.7,255.95,Canada,Bank Transfer
502280,10263,2026-08-06,P9148,Accessories,6,55.57,2.7,324.42,United States,Bank Transfer
508734,11039,2026-07-10,P9382,Electronics,7,306.34,1.4,2114.36,Pakistan,Credit Card
504147,10474,2025-09-15,P2450,Accessories,3,25.29,8.6,69.35,Pakistan,Bank Transfer
505412,10640,2026-06-17,P9430,Electronics,5,292.43,12.5,1279.38,Canada,Cash on Delivery
500373,10038,2026-08-15,P5938,Electronics,5,91.18,6.2,427.63,Australia,Cash on Delivery
506405,10768,2026-03-09,P9091,Electronics,3,645.72,23.1,1489.68,Canada,Bank Transfer
509223,11097,2026-07-21,P8572,Electronics,5,123.43,24.7,464.71,United States,Credit Card
502585,10300,2026-08-03,P9276,Beauty,5,119.67,9.3,542.7,United Kingdom,Digital Wallet
501332,10146,2026-08-02,P6965,Clothing,5,35.84,10.4,160.56,Pakistan,Bank Transfer
509572,11142,2026-06-16,P5485,Clothing,2,166.89,14.3,286.05,Pakistan,Bank Transfer
505282,10623,2026-06-24,P3254,Electronics,3,227.44,23.3,523.34,Pakistan,Digital Wallet
509131,11082,2026-08-01,P3598,Accessories,5,71.35,11.2,316.79,Pakistan,Digital Wallet
508315,10990,2026-05-28,P3430,Accessories,3,39.54,34.2,78.05,,Bank Transfer
509809,11178,2026-06-19,P2140,Home & Kitchen,6,291.25,6.9,1626.92,United Kingdom,Cash on Delivery
501784,10197,2026-06-23,P4529,Home & Kitchen,2,130.72,30.7,181.18,Pakistan,Bank Transfer
503182,10375,2026-07-27,P5328,Books,3,75.81,10.0,204.69,Pakistan,Credit Card
500494,10057,2026-07-27,P6874,Beauty,4,81.6,11.0,290.5,United Kingdom,Bank Transfer
507363,10884,2026-05-31,P4243,Beauty,5,123.88,13.2,537.64,Pakistan,Digital Wallet
502860,10334,2026-08-14,P3119,Beauty,7,55.95,11.7,345.83,United Kingdom,Digital Wallet
507929,10947,2026-07-23,P8210,Home & Kitchen,6,171.15,1.2,1014.58,Pakistan,Credit Card
504041,10463,2026-03-21,P5116,Home & Kitchen,1,308.69,17.0,256.21,United Kingdom,Cash on Delivery
507178,10860,2026-08-15,P3566,Clothing,5,78.47,9.5,355.08,Pakistan,Cash on Delivery
502897,10336,2026-08-03,P7095,Accessories,6,72.54,4.1,417.4,Pakistan,Credit Card
500366,10038,2026-08-02,P2221,Sports,4,29.76,7.3,110.35,Pakistan,Credit Card
500849,10090,2026-07-12,P2032,Electronics,1,647.15,8.6,591.5,Pakistan,Digital Wallet
507440,10891,2026-06-26,P5795,Home & Kitchen,1,64.38,36.1,41.14,Pakistan,Cash on Delivery
509454,11127,2026-08-14,P6056,Clothing,6,62.16,1.2,368.48,United Kingdom,Credit Card
504301,10504,2026-08-08,P1538,Accessories,1,49.28,20.2,39.33,United States,Debit Card
502653,10309,2026-06-05,P1551,Accessories,3,60.57,33.9,120.11,United States,Digital Wallet
503503,10410,2026-08-14,P1652,Accessories,6,116.62,6.9,651.44,,Digital Wallet
501541,10168,2026-08-02,P7236,Books,3,48.01,16.4,120.41,Pakistan,Cash on Delivery
504165,10477,2026-08-01,P4289,Electronics,2,433.49,14.8,738.67,Pakistan,Bank Transfer
508866,11054,2026-07-02,P3644,Electronics,2,136.82,22.2,212.89,United States,Cash on Delivery
500322,10032,2026-08-13,P9511,Electronics,3,636.85,16.3,1599.13,Pakistan,Debit Card
502031,10229,2025-12-06,P7819,Books,2,70.78,16.0,118.91,Pakistan,Bank Transfer
500813,10084,2026-08-13,P5996,Clothing,2,80.34,6.6,150.08,United States,Credit Card
508939,11067,2026-07-18,P3465,Clothing,1,58.12,18.6,47.31,Pakistan,Credit Card
509375,11115,2026-06-30,P1316,Clothing,3,41.0,21.7,96.31,Pakistan,Digital Wallet
501079,10118,2026-05-21,P8478,Electronics,3,589.06,15.3,1496.8,Pakistan,Bank Transfer
502226,10255,2026-07-07,P4393,Accessories,3,64.51,16.5,161.6,Australia,Bank Transfer
509136,11082,2026-08-06,P7954,Home & Kitchen,4,300.41,2.3,1174.0,United Kingdom,Debit Card
509531,11135,2025-12-26,P7281,Home & Kitchen,2,133.8,8.1,245.92,United States,Digital Wallet
502705,10313,2026-08-14,P8519,Books,2,70.21,1.7,138.03,Pakistan,Debit Card
506824,10821,2026-06-12,P7325,Sports,3,137.16,42.5,236.6,United States,Debit Card
507556,10902,2026-07-22,P7988,Clothing,5,89.34,7.1,414.98,Pakistan,Cash on Delivery
501164,10129,2026-07-27,P8638,Home & Kitchen,6,99.34,7.1,553.72,Pakistan,Credit Card
503261,10380,2026-07-18,P2840,Books,5,39.93,20.8,158.12,Pakistan,Digital Wallet
504687,10561,2026-07-19,P3572,Home & Kitchen,3,93.58,24.5,211.96,United States,Bank Transfer
501450,10159,2026-08-03,P4171,Accessories,1,17.72,15.4,14.99,Pakistan,Cash on Delivery
503862,10445,2026-07-04,P6883,Sports,2,84.5,16.5,141.11,Pakistan,Cash on Delivery
506103,10728,2026-07-26,P3186,Books,2,18.04,42.2,20.85,Pakistan,Credit Card
509215,11096,2026-08-01,P8257,Home & Kitchen,5,36.68,4.6,174.96,United Kingdom,Cash on Delivery
507120,10856,2026-06-04,P5010,Home & Kitchen,3,278.02,19.4,672.25,Pakistan,Bank Transfer
506398,10767,2026-06-09,P1880,Beauty,3,87.7,24.6,198.38,Pakistan,Cash on Delivery
509588,11145,2026-07-28,P7648,Home & Kitchen,1,325.37,12.8,283.72,Australia,Debit Card
506214,10742,2026-06-22,P5534,Home & Kitchen,4,59.88,3.2,231.86,United States,Bank Transfer
509645,11159,2026-03-27,P1518,Electronics,3,596.09,20.4,1423.46,Australia,Digital Wallet
505336,10630,2026-07-12,P4766,Electronics,1,81.06,2.5,79.03,Pakistan,Digital Wallet
504056,10466,2026-06-30,P9837,Beauty,1,111.79,4.6,106.65,Canada,Digital Wallet
509511,11133,2026-08-03,P9238,Electronics,3,244.36,6.5,685.43,United States,Credit Card
502999,10349,2026-07-22,P8320,Electronics,3,632.86,3.0,1841.62,United Kingdom,Cash on Delivery
509024,11072,2026-07-15,P5605,Books,4,25.08,12.7,87.58,United Kingdom,Cash on Delivery
501231,10134,2026-06-10,P9734,Electronics,3,200.31,21.4,472.33,Pakistan,Debit Card
501514,10166,2026-07-01,P4479,Books,3,14.3,37.9,26.64,Pakistan,Bank Transfer
502313,10268,2026-04-24,P7500,Home & Kitchen,1,104.98,30.9,72.54,Pakistan,Digital Wallet
501451,10159,2026-08-03,P6900,Home & Kitchen,3,305.72,6.1,861.21,Australia,Credit Card
505267,10622,2026-06-01,P6721,Sports,1,94.35,23.0,72.65,United States,Digital Wallet
506131,10732,2026-07-17,P3819,Accessories,1,109.74,30.0,76.82,Pakistan,Cash on Delivery
508531,11016,2026-02-19,P5530,Beauty,2,130.72,1.7,257.0,Pakistan,Bank Transfer
506464,10773,2026-07-27,P1887,Home & Kitchen,6,343.53,10.9,1836.51,Pakistan,Credit Card
500838,10088,2025-12-30,P4275,Home & Kitchen,3,339.15,7.1,945.21,Pakistan,Digital Wallet
509915,11191,2026-07-31,P4046,Beauty,6,31.41,4.9,179.23,United States,Credit Card
508261,10984,2026-06-27,P3949,Sports,2,86.43,9.1,157.13,Pakistan,Cash on Delivery
506414,10769,2026-07-10,P6088,Accessories,2,76.0,9.0,138.32,United Kingdom,Credit Card
508504,11014,2026-07-12,P4205,Home & Kitchen,3,305.75,9.8,827.36,Australia,Credit Card
503567,10420,2026-08-01,P4032,Electronics,2,432.18,30.9,597.27,United Kingdom,Debit Card
509264,11102,2026-01-16,P8813,Electronics,3,124.96,22.7,289.78,Pakistan,Cash on Delivery
503087,10366,2026-07-28,P9925,Books,2,65.99,15.9,111.0,Pakistan,Credit Card
508643,11031,2026-07-16,P8137,Home & Kitchen,3,95.16,1.2,282.05,Canada,Credit Card
501714,10188,2025-12-14,P7443,Electronics,2,640.58,7.3,1187.64,Canada,Digital Wallet
500339,10033,2026-08-12,P4257,Electronics,2,448.36,7.4,830.36,Pakistan,Digital Wallet
509563,11141,2026-06-10,P9680,Clothing,3,73.86,36.9,139.82,Pakistan,Credit Card
505942,10707,2026-07-14,P7231,Electronics,3,138.52,19.8,333.28,United States,Cash on Delivery
509869,11186,2025-11-15,P9552,Electronics,3,142.74,12.1,376.41,Pakistan,Credit Card
508102,10968,2026-06-11,P5864,Home & Kitchen,1,87.76,21.5,68.89,Pakistan,Debit Card
508488,11013,2026-02-24,P2951,Home & Kitchen,3,85.38,3.0,248.46,Canada,Debit Card
500588,10064,2026-08-03,P4080,Beauty,4,108.8,8.5,398.21,Pakistan,Cash on Delivery
503365,10395,2026-06-02,P7146,Beauty,1,124.03,23.1,95.38,United States,Digital Wallet
502670,10310,2026-06-21,P4006,Beauty,5,78.9,10.4,353.47,Pakistan,Bank Transfer
503589,10423,2026-06-06,P2072,Home & Kitchen,6,242.51,4.9,1383.76,Australia,Debit Card
500034,10005,2026-07-08,P8737,Home & Kitchen,1,142.13,7.0,132.18,Australia,Bank Transfer
500028,10004,2026-06-15,P8069,Clothing,3,101.69,22.8,235.51,United Kingdom,Digital Wallet
508553,11020,2026-07-22,P1002,Accessories,6,35.69,11.8,188.87,Pakistan,Digital Wallet
508117,10970,2026-07-14,P1309,Electronics,3,116.66,5.8,329.68,United Kingdom,Debit Card
502170,10250,2026-04-04,P7383,Home & Kitchen,3,258.98,13.2,674.38,United States,Debit Card
508377,10998,2026-08-05,P7867,Beauty,2,98.01,1.0,194.06,Canada,Debit Card
505620,10667,2026-06-17,P6565,Electronics,1,473.77,1.3,467.61,Australia,Cash on Delivery
500889,10095,2026-07-22,P9783,Home & Kitchen,3,211.04,43.9,355.18,Pakistan,Cash on Delivery
506489,10775,2026-07-20,P5759,Sports,3,197.47,32.7,398.69,Pakistan,Bank Transfer
503322,10388,2026-06-20,P5148,Electronics,4,355.95,14.2,1221.62,Pakistan,Cash on Delivery
509396,11118,2025-07-31,P6611,Books,3,41.36,14.1,106.58,Pakistan,Bank Transfer
503514,10412,2025-11-26,P8208,Electronics,2,525.07,11.0,934.62,United States,Cash on Delivery
504420,10520,2026-05-01,P6200,Home & Kitchen,4,78.98,3.6,304.55,Pakistan,Digital Wallet
508351,10995,2026-07-07,P7518,Clothing,1,89.91,11.2,79.84,Pakistan,Digital Wallet
505361,10633,2026-07-07,P2723,Home & Kitchen,2,219.83,7.9,404.93,Pakistan,Cash on Delivery
503733,10435,2026-08-06,P5337,Beauty,7,111.31,6.4,729.3,Pakistan,Debit Card
509463,11129,2026-07-19,P2055,Electronics,1,556.21,5.3,526.73,Australia,Cash on Delivery
507081,10852,2026-03-30,P6273,Accessories,3,97.39,26.3,215.33,Pakistan,Bank Transfer
501654,10180,2026-07-23,P7210,Beauty,5,97.54,13.0,424.3,Pakistan,Credit Card
505032,10599,2026-08-08,P4048,Sports,3,66.63,0.5,198.89,Pakistan,Cash on Delivery
500223,10023,2026-08-05,P9433,Electronics,4,374.36,21.3,1178.49,Pakistan,Credit Card
508625,11030,2026-06-29,P7990,Sports,1,232.67,35.9,149.14,United States,Credit Card
506194,10739,2026-07-11,P1472,Beauty,1,54.0,0.3,53.84,United Kingdom,Credit Card
501590,10172,2026-08-08,P6140,Accessories,6,66.27,6.8,370.58,Pakistan,Bank Transfer
505982,10714,2026-01-26,P8428,Sports,3,75.98,6.7,212.67,United Kingdom,Bank Transfer
503256,10380,2026-06-02,P7134,Clothing,5,174.74,5.3,827.39,United Kingdom,Credit Card
506680,10802,2026-07-22,P5144,Home & Kitchen,1,319.0,24.5,240.84,Pakistan,Bank Transfer
504770,10570,2026-06-30,P6851,Home & Kitchen,1,85.88,20.9,67.93,United Kingdom,Cash on Delivery
502181,10251,2026-07-06,P3962,Home & Kitchen,4,198.19,20.9,627.07,United States,Bank Transfer
506803,10819,2026-07-16,P9448,Home & Kitchen,4,219.84,2.5,857.38,United Kingdom,Bank Transfer
504913,10588,2026-07-08,P4035,Home & Kitchen,7,65.84,2.5,449.36,United States,Debit Card
506786,10818,2026-07-29,P7120,Accessories,5,86.42,1.9,423.89,United Kingdom,Credit Card
504789,10573,2026-07-14,P7438,Accessories,4,119.32,14.5,408.07,United Kingdom,Cash on Delivery
501209,10133,2026-07-03,P1932,Clothing,7,61.04,8.8,389.68,Pakistan,Digital Wallet
500421,10045,2026-08-04,P1292,Home & Kitchen,1,165.8,6.9,154.36,Pakistan,Credit Card
508740,11039,2026-07-20,P8564,Clothing,7,91.43,8.7,584.33,Pakistan,Digital Wallet
501706,10187,2026-06-18,P2054,Electronics,2,386.26,39.6,466.6,Pakistan,Cash on Delivery
501158,10127,2026-07-10,P7356,Accessories,3,113.49,28.0,245.14,United Kingdom,Debit Card
502306,10267,2026-04-25,P3134,Clothing,1,30.1,13.0,26.19,Australia,Digital Wallet
500273,10029,2026-01-14,P3042,Beauty,3,147.75,17.0,367.9,United States,Bank Transfer
500171,10017,2026-08-04,P7924,Accessories,5,42.81,3.5,206.56,Pakistan,Credit Card
503956,10457,2026-08-10,P7767,Home & Kitchen,3,55.44,7.9,153.18,Pakistan,Cash on Delivery
506696,10806,2026-04-19,P9746,Home & Kitchen,2,255.66,27.7,369.68,United Kingdom,Debit Card
503188,10375,2026-08-08,P3716,Home & Kitchen,5,325.5,14.0,1399.65,Pakistan,Digital Wallet
508132,10973,2026-06-24,P2486,Beauty,2,94.43,21.5,148.26,Pakistan,Cash on Delivery
504808,10577,2026-07-13,P5632,Home & Kitchen,6,281.03,7.2,1564.78,Canada,Digital Wallet
508083,10966,2026-05-21,P4420,Electronics,5,656.42,2.5,3200.05,Australia,Digital Wallet
501564,10169,2026-08-01,P1947,Sports,6,136.97,8.6,751.14,Canada,Cash on Delivery
501782,10197,2026-06-03,P9580,Sports,3,30.15,34.1,59.61,United States,Bank Transfer
500843,10089,2025-10-22,P8508,Accessories,1,37.33,2.7,36.32,United Kingdom,Digital Wallet
509345,11112,2026-04-28,P2459,Home & Kitchen,5,117.81,10.6,526.61,Pakistan,Cash on Delivery
504461,10525,2026-06-14,P8543,Sports,2,190.23,28.0,273.93,United Kingdom,Cash on Delivery
500904,10099,2026-06-06,P1871,Accessories,7,101.85,13.5,616.7,Australia,Digital Wallet
505911,10704,2026-08-08,P1000,Clothing,6,96.38,12.7,504.84,United States,Digital Wallet
509950,11195,2026-07-30,P8898,Books,5,21.68,2.0,106.23,Pakistan,Credit Card
509297,11107,2026-07-30,P5457,Electronics,4,629.64,8.4,2307.0,Pakistan,Credit Card
501547,10169,2026-06-23,P4062,Sports,6,135.82,12.3,714.68,United Kingdom,Credit Card
502080,10236,2026-07-09,P7285,Home & Kitchen,1,254.88,41.5,149.1,United States,Cash on Delivery
509881,11188,2026-07-22,P7668,Clothing,7,116.45,3.1,789.88,Pakistan,Debit Card
503985,10460,2026-07-16,P4828,Beauty,2,25.53,3.4,49.32,United Kingdom,Credit Card
506389,10765,2026-08-12,P8388,Beauty,3,107.99,13.1,281.53,United States,Digital Wallet
507579,10904,2026-04-03,P6757,Clothing,1,78.82,21.3,62.03,United States,Credit Card
509245,11100,2026-05-14,P9413,Home & Kitchen,2,221.63,12.6,387.41,United Kingdom,Bank Transfer
506567,10784,2026-05-05,P5537,Accessories,5,89.71,22.1,349.42,U.S.A.,Cash on Delivery
508206,10980,2026-03-01,P9359,Sports,2,126.37,3.7,243.39,United States,Bank Transfer
503820,10441,2026-06-05,P4692,Sports,2,198.36,12.5,347.13,United Kingdom,Credit Card
502646,10308,2026-08-11,P2746,Electronics,3,131.68,19.8,316.82,United Kingdom,Bank Transfer
504454,10524,2026-05-11,P1815,Accessories,2,39.04,20.8,61.84,Canada,Cash on Delivery
507159,10860,2026-08-08,P3626,Clothing,6,76.85,6.3,432.05,United States,Cash on Delivery
508221,10982,2026-07-11,P4484,Beauty,3,47.99,41.9,83.65,United States,Digital Wallet
508596,11026,2026-04-23,P9986,Home & Kitchen,1,295.31,16.1,247.77,Canada,Cash on Delivery
509589,11145,2026-08-05,P8762,Home & Kitchen,1,150.72,5.3,142.73,United Kingdom,Digital Wallet
506071,10726,2026-08-07,P8209,Beauty,2,53.2,38.2,65.76,Pakistan,Debit Card
502155,10246,2025-11-09,P3802,Beauty,1,139.92,23.7,106.76,United States,Cash on Delivery
506712,10810,2026-06-18,P3104,Home & Kitchen,6,148.87,5.6,843.2,Australia,Digital Wallet
503715,10434,2026-08-01,P6111,Accessories,7,66.16,5.6,437.19,United Kingdom,Digital Wallet
504057,10466,2026-07-03,P8018,Beauty,1,62.04,16.8,51.62,Pakistan,Bank Transfer
505952,10708,2026-05-30,P6139,Clothing,2,123.22,15.3,208.73,Pakistan,Cash on Delivery
503102,10369,2026-08-07,P1130,Beauty,4,149.78,11.7,529.02,Pakistan,Credit Card
500558,10062,2026-07-01,P1929,Electronics,5,125.0,21.7,489.38,Australia,Bank Transfer
504610,10550,2026-03-06,P6375,Home & Kitchen,1,223.95,26.6,164.38,Pakistan,Cash on Delivery
506978,10837,2026-02-18,P7675,Home & Kitchen,3,84.87,19.0,206.23,United Kingdom,Credit Card
501436,10158,2026-05-02,P8216,Accessories,3,10.81,19.1,26.24,United States,Credit Card
500507,10058,2026-07-03,P4239,Books,2,12.74,17.5,21.02,Pakistan,Digital Wallet
501869,10209,2026-07-26,P3121,Beauty,6,25.7,9.1,140.17,United States,Cash on Delivery
500755,10079,2026-07-03,P4862,Beauty,3,126.79,14.9,323.69,United Kingdom,Credit Card
505419,10640,2026-08-11,P1456,Home & Kitchen,4,155.86,2.0,610.97,United Kingdom,Bank Transfer
504050,10465,2025-12-25,P5014,Beauty,3,65.36,8.1,180.2,Pakistan,Debit Card
508089,10967,2026-06-04,P7393,Electronics,2,147.06,18.5,239.71,Pakistan,Credit Card
503836,10441,2026-08-07,P8376,Clothing,2,46.14,13.6,79.73,Pakistan,Credit Card
502118,10241,2025-10-21,P1528,Accessories,1,74.96,6.0,70.46,Pakistan,Cash on Delivery
506152,10735,2026-07-27,P8121,Accessories,1,82.45,1.2,81.46,Pakistan,Bank Transfer
507808,10936,2026-06-04,P9921,Home & Kitchen,2,113.9,11.6,201.38,Pakistan,Cash on Delivery
500501,10057,2026-08-03,P7236,Accessories,5,67.39,0.3,335.94,Australia,Digital Wallet
506259,10748,2026-05-13,P7898,Home & Kitchen,3,192.28,6.2,541.08,Pakistan,Credit Card
509743,11168,2026-06-18,P8931,Sports,3,58.5,15.3,148.65,Pakistan,Debit Card
501539,10168,2026-06-29,P8858,Electronics,3,191.34,16.0,482.18,Australia,Bank Transfer
506141,10733,2026-02-28,P7749,Accessories,3,90.29,3.4,261.66,Pakistan,Debit Card
501211,10133,2026-07-08,P3054,Electronics,3,636.9,13.4,1654.67,United States,Credit Card
509122,11082,2026-07-06,P1011,Books,7,76.96,2.3,526.33,Pakistan,Bank Transfer
500672,10071,2026-07-23,P2515,Beauty,3,68.43,26.4,151.09,Pakistan,Debit Card
503377,10396,2026-03-23,P3248,Accessories,3,17.48,2.7,51.02,Pakistan,Bank Transfer
508783,11043,2026-05-05,P3297,Clothing,4,139.46,2.9,541.66,United Kingdom,Bank Transfer
501464,10160,2026-04-10,P5864,Electronics,1,339.78,17.3,281.0,Pakistan,Credit Card
501192,10130,2026-05-25,P5945,Clothing,3,25.09,8.3,69.02,Australia,Credit Card
506984,10838,2026-07-28,P5645,Home & Kitchen,5,300.32,11.2,1333.42,Pakistan,Credit Card
501872,10209,2026-08-02,P9827,Clothing,4,164.57,4.8,626.68,Canada,Bank Transfer
503590,10423,2026-06-10,P1911,Electronics,5,343.54,9.6,1552.8,Canada,Digital Wallet
506726,10810,2026-07-20,P2299,Accessories,7,92.61,10.8,578.26,Pakistan,Credit Card
500505,10058,2026-06-24,P5390,Accessories,2,31.03,16.6,51.76,United Kingdom,Digital Wallet
508118,10970,2026-07-17,P6992,Electronics,2,252.39,20.2,402.81,United Kingdom,Cash on Delivery
500506,10058,2026-06-28,P7475,Sports,3,72.71,10.2,195.88,Pakistan,Bank Transfer
509449,11127,2026-08-09,P5419,Sports,7,101.48,3.0,689.05,United Kingdom,Credit Card
507131,10857,2026-07-08,P9669,Home & Kitchen,3,181.31,7.7,502.05,Pakistan,Cash on Delivery
504807,10577,2026-07-11,P5926,Beauty,7,130.83,4.3,876.43,Pakistan,Debit Card
507303,10879,2026-07-10,P6576,Clothing,7,44.44,10.3,279.04,Australia,Digital Wallet
501773,10196,2026-07-25,P8765,Home & Kitchen,4,281.77,16.5,941.11,United Kingdom,Debit Card
506854,10823,2026-03-24,P7730,Accessories,2,55.75,4.9,106.04,Pakistan,Bank Transfer
504906,10588,2026-06-17,P3852,Accessories,7,99.44,11.1,618.82,United States,Bank Transfer
500797,10084,2026-07-23,P8170,Home & Kitchen,5,314.9,3.8,1514.67,Pakistan,Cash on Delivery
508785,11043,2026-06-01,P8762,Beauty,3,90.77,4.9,258.97,United Kingdom,Cash on Delivery
507070,10851,2026-07-26,P9389,Sports,4,100.3,7.2,372.31,United States,Credit Card
502829,10332,2026-05-07,P4669,Clothing,3,53.51,23.6,122.64,Canada,Digital Wallet
509319,11109,2026-05-12,P4033,Clothing,1,160.41,13.5,138.75,United Kingdom,Cash on Delivery
508737,11039,2026-07-15,P4696,Accessories,3,107.62,13.9,277.98,Canada,Debit Card
500312,10032,2026-05-31,P3040,Clothing,4,103.34,4.7,393.93,Pakistan,Bank Transfer
500746,10078,2026-08-13,P7189,Electronics,6,405.86,0.4,2425.42,United States,Bank Transfer
503569,10420,2026-08-07,P5627,Electronics,2,192.54,22.7,297.67,Australia,Credit Card
500790,10082,2026-04-21,P7208,Clothing,3,55.04,20.5,131.27,Canada,Cash on Delivery
502476,10289,2026-04-21,P9882,Clothing,3,104.6,10.4,281.16,Canada,Cash on Delivery
509325,11110,2026-06-02,P7566,Clothing,2,40.85,19.9,65.44,Pakistan,Bank Transfer
502570,10298,2026-07-06,P1423,Beauty,2,111.41,3.2,215.69,United States,Debit Card
505286,10623,2026-08-06,P1586,Clothing,4,43.36,12.2,152.28,Pakistan,Digital Wallet
505215,10617,2026-07-28,P6580,Home & Kitchen,7,255.32,8.7,1631.75,Pakistan,Cash on Delivery
502163,10248,2026-01-29,P4695,Clothing,3,112.34,2.7,327.92,United States,Bank Transfer
506577,10784,2026-07-02,P8754,Clothing,2,51.17,20.4,81.46,United States,Cash on Delivery
508449,11006,2026-03-27,P3016,Clothing,2,153.76,17.8,252.78,Pakistan,Credit Card
500380,10040,2026-07-23,P9420,Electronics,2,577.67,9.0,1051.36,Pakistan,Cash on Delivery
508508,11014,2026-07-23,P5196,Beauty,3,57.76,9.2,157.34,United Kingdom,Cash on Delivery
501292,10143,2026-07-20,P9167,Accessories,3,100.62,9.5,273.18,Pakistan,Debit Card
501912,10215,2026-07-14,P7357,Electronics,3,563.73,41.6,987.65,Pakistan,Debit Card
500599,10065,2026-08-07,P9168,Home & Kitchen,1,114.35,10.7,102.11,United States,Bank Transfer
503892,10450,2026-07-14,P7686,Books,5,61.84,5.1,293.43,Pakistan,Credit Card
504141,10473,2026-08-03,P2157,Sports,4,247.37,13.0,860.85,Pakistan,Bank Transfer
501652,10180,2026-07-19,P7697,Accessories,4,43.81,5.2,166.13,Pakistan,Credit Card
505224,10618,2026-08-04,P1250,Accessories,3,93.04,14.7,238.09,Australia,Cash on Delivery
501893,10211,2026-06-28,P8836,Electronics,3,260.24,0.0,780.72,Pakistan,Digital Wallet
501944,10218,2026-05-21,P3261,Clothing,2,69.8,35.7,89.76,United States,Cash on Delivery
503395,10399,2026-05-06,P3122,Home & Kitchen,3,88.55,15.7,223.94,United States,Digital Wallet
505479,10645,2026-08-07,P6440,Accessories,7,63.05,15.0,375.15,Pakistan,Debit Card
509769,11170,2026-06-22,P5471,Beauty,1,122.44,21.4,96.24,United Kingdom,Debit Card
500375,10039,2026-03-13,P9266,Clothing,3,127.62,1.3,377.88,Pakistan,Bank Transfer
501966,10223,2026-05-23,P5416,Home & Kitchen,3,43.79,7.4,121.65,Pakistan,Credit Card
503957,10457,2026-08-10,P3422,Electronics,5,693.73,4.4,3316.03,Pakistan,Bank Transfer
507135,10857,2026-07-14,P1617,Books,3,16.28,14.8,41.61,Pakistan,Cash on Delivery
507478,10896,2026-07-13,P4204,Beauty,3,110.06,8.0,303.77,United States,Debit Card
504505,10530,2025-10-31,P7862,Books,3,59.05,2.4,172.9,Pakistan,Credit Card
509580,11144,2026-03-11,P8762,Home & Kitchen,2,164.82,9.7,297.66,Pakistan,Credit Card
505288,10624,2025-11-24,P9316,Electronics,2,276.61,20.2,441.47,Australia,Bank Transfer
501471,10161,2026-06-08,P2627,Home & Kitchen,4,269.28,2.7,1048.04,Pakistan,Digital Wallet
503346,10393,2026-06-07,P1966,Clothing,2,24.72,8.1,45.44,United States,Credit Card
506253,10747,2026-04-28,P5942,Books,3,9.29,23.3,21.38,United Kingdom,Digital Wallet
502853,10334,2026-08-08,P8154,Clothing,5,61.41,9.4,278.19,Pakistan,Credit Card
508988,11070,2026-05-11,P7462,Accessories,1,88.47,10.3,79.36,United States,Digital Wallet
509775,11171,2026-05-29,P3137,Electronics,3,264.32,15.4,670.84,Pakistan,Cash on Delivery
506459,10773,2026-07-20,P4148,Clothing,4,153.9,10.8,549.12,Pakistan,Bank Transfer
504062,10467,2026-04-13,P6958,Electronics,4,268.47,21.2,846.22,Pakistan,Digital Wallet
505863,10701,2026-06-12,P6561,Electronics,2,525.35,12.6,918.31,United Kingdom,Digital Wallet
504306,10506,2026-05-21,P9996,Accessories,5,34.02,5.4,160.91,United States,Debit Card
504877,10587,2026-05-31,P6226,Beauty,2,103.01,7.8,189.95,Pakistan,Digital Wallet
507249,10872,2026-07-04,P8886,Books,1,64.43,24.7,48.52,United Kingdom,Cash on Delivery
505273,10622,2026-07-03,P9237,Sports,1,55.31,22.2,43.03,Canada,Cash on Delivery
503990,10460,2026-07-25,P5178,Home & Kitchen,6,308.49,11.8,1632.53,United States,Bank Transfer
501049,10114,2026-04-24,P6892,Home & Kitchen,1,160.02,15.7,134.9,Pakistan,Credit Card
506175,10737,2026-07-25,P5989,Clothing,3,65.75,4.8,187.78,Pakistan,Digital Wallet
506926,10831,2026-06-22,P7884,Clothing,1,72.9,21.0,57.59,United Kingdom,Digital Wallet
507864,10939,2026-08-06,P7225,Home & Kitchen,4,308.81,10.0,1111.72,United States,Cash on Delivery
502035,10230,2026-02-19,P1887,Sports,3,226.85,7.6,628.83,Pakistan,Digital Wallet
504039,10463,2026-02-24,P9704,Books,2,78.01,21.2,122.94,Pakistan,Digital Wallet
506875,10825,2025-12-25,P2462,Electronics,2,487.44,6.4,912.49,United States,Digital Wallet
509354,11112,2026-06-29,P9167,Accessories,1,104.44,14.9,88.88,Pakistan,Debit Card
501972,10223,2026-07-03,P8127,Clothing,3,30.08,15.0,76.7,Australia,Credit Card
505072,10602,2026-07-14,P3965,Electronics,5,661.71,15.4,2799.03,Pakistan,Digital Wallet
502099,10238,2026-08-05,P8544,Home & Kitchen,5,185.51,11.0,825.52,Pakistan,Debit Card
501499,10165,2026-07-16,P7208,Electronics,3,214.69,2.7,626.68,Pakistan,Debit Card
509612,11151,2026-06-07,P6797,Accessories,1,92.87,43.9,52.1,Australia,Bank Transfer
500652,10069,2026-07-26,P3939,Clothing,5,74.47,2.2,364.16,Pakistan,Digital Wallet
500170,10017,2026-07-31,P5797,Home & Kitchen,3,313.64,17.0,780.96,United Kingdom,Cash on Delivery
504085,10469,2026-07-12,P8142,Sports,1,214.84,17.7,176.81,Pakistan,Credit Card
500242,10026,2026-06-03,P1572,Electronics,3,290.06,26.3,641.32,Canada,Cash on Delivery
505710,10679,2026-01-11,P3166,Electronics,2,562.23,23.3,862.46,United Kingdom,Cash on Delivery
506972,10835,2026-07-20,P9469,Home & Kitchen,1,337.83,8.5,309.11,United States,Cash on Delivery
502756,10321,2026-06-06,P2845,Accessories,3,98.95,6.7,276.96,Pakistan,Cash on Delivery
506884,10827,2026-06-22,P4203,Electronics,4,430.08,3.8,1654.95,Pakistan,Cash on Delivery
505446,10643,2026-06-20,P7241,Beauty,1,76.74,5.1,72.83,United States,Credit Card
502076,10236,2026-05-07,P7771,,2,238.55,30.0,333.97,Pakistan,Bank Transfer
504103,10471,2026-08-09,P3284,Home & Kitchen,6,69.67,11.6,369.53,United Kingdom,Debit Card
509559,11141,2026-05-08,P4853,Home & Kitchen,2,281.29,39.6,339.8,Australia,Debit Card
507571,10903,2026-07-26,P9863,Sports,2,145.24,16.4,242.84,Canada,Credit Card
509466,11129,2026-08-06,P5169,Books,5,12.2,22.3,47.4,Pakistan,Digital Wallet
504894,10587,2026-07-19,P9651,Sports,7,93.9,5.0,624.44,USA,Digital Wallet
506692,10805,2026-04-21,P8330,Home & Kitchen,1,202.0,14.3,173.11,Pakistan,Credit Card
508054,10964,2026-06-30,P3444,Home & Kitchen,3,283.1,8.2,779.66,United Kingdom,Digital Wallet
505389,10638,2026-07-16,P3163,Home & Kitchen,1,116.71,23.9,88.82,Pakistan,Bank Transfer
509373,11115,2026-05-23,P6928,Electronics,2,232.97,12.1,409.56,United Kingdom,Credit Card
508021,10960,2026-07-14,P9544,Home & Kitchen,2,50.79,27.5,73.65,Canada,Cash on Delivery
508604,11028,2026-07-04,P4989,Clothing,1,30.69,28.0,22.1,Australia,Debit Card
504480,10528,2026-07-26,P4635,Accessories,4,100.2,21.5,314.63,United Kingdom,Cash on Delivery
508326,10992,2026-06-16,P7140,Electronics,2,240.28,23.8,366.19,Canada,Digital Wallet
504078,10469,2026-06-23,P6824,Electronics,1,681.77,4.0,654.5,United States,Debit Card
500640,10068,2026-06-02,P6938,Accessories,1,49.76,37.2,31.25,Canada,Bank Transfer
501270,10139,2026-08-05,P7669,Clothing,1,134.35,10.1,120.78,United States,Digital Wallet
502778,10324,2026-06-13,P8413,Accessories,5,20.16,13.4,87.29,United States,Bank Transfer
509497,11133,2026-07-02,P4758,Clothing,4,130.36,0.1,520.92,Pakistan,Bank Transfer
503861,10445,2026-07-03,P8565,Sports,1,117.65,21.7,92.12,Canada,Credit Card
503480,10408,2026-07-24,P2224,Beauty,5,22.92,1.2,113.22,United Kingdom,Digital Wallet
501534,10168,2026-05-23,P8749,Clothing,2,72.65,8.8,132.51,United Kingdom,Cash on Delivery
500325,10033,2026-07-03,P2468,Home & Kitchen,5,83.29,2.1,407.7,Pakistan,Debit Card
502338,10270,2026-08-05,P3233,Home & Kitchen,3,30.81,8.6,84.48,United States,Bank Transfer
503980,10459,2026-08-15,P2865,Beauty,6,145.66,11.0,777.82,United Kingdom,Cash on Delivery
506877,10825,2026-02-23,P8402,Beauty,1,84.4,14.5,72.16,Pakistan,Debit Card
504054,10466,2026-06-17,P2192,Books,2,66.98,3.4,129.41,Pakistan,Debit Card
502237,10258,2026-03-20,P9716,Home & Kitchen,2,145.72,3.3,281.82,Pakistan,Debit Card
507106,10855,2026-06-30,P1988,Accessories,2,28.29,13.9,48.72,Pakistan,Cash on Delivery
509668,11160,2026-08-11,P1316,Clothing,5,48.68,9.1,221.25,United States,Digital Wallet
504745,10565,2026-08-14,P9714,Books,3,25.61,22.8,59.31,Pakistan,Digital Wallet
500864,10092,2026-01-28,P3029,Clothing,2,47.62,43.2,54.1,Canada,Digital Wallet
506203,10740,2026-08-07,P2761,Clothing,1,83.57,5.0,79.39,Pakistan,Digital Wallet
505508,10651,2026-07-14,P1415,Clothing,4,131.82,7.6,487.21,Pakistan,Credit Card
507429,10890,2026-05-08,P9261,Beauty,3,141.36,8.6,387.61,Pakistan,Digital Wallet
500371,10038,2026-08-09,P6085,Home & Kitchen,5,94.67,0.1,472.88,Australia,Credit Card
506296,10754,2026-07-25,P3365,Beauty,4,128.63,17.6,423.96,Pakistan,Digital Wallet
505551,10656,2026-08-11,P9998,Accessories,3,100.69,1.7,296.93,Pakistan,Digital Wallet
505723,10681,2026-08-06,P7573,Clothing,1,36.3,35.1,23.56,Canada,Digital Wallet
505899,10704,2026-07-15,P7950,Electronics,4,83.99,11.2,298.33,Pakistan,Bank Transfer
509287,11106,2026-07-11,P4417,Books,5,36.57,19.8,146.65,Pakistan,Credit Card
507871,10941,2026-04-14,P6329,Home & Kitchen,4,38.52,24.8,115.87,Australia,Credit Card
502364,10276,2026-05-29,P8179,Electronics,2,531.25,14.0,913.75,United Kingdom,Debit Card
503213,10376,2026-08-12,P5942,Electronics,4,339.42,8.0,1249.07,Pakistan,Cash on Delivery
500911,10099,2026-07-08,P7829,Sports,7,220.02,13.8,1327.6,Pakistan,Cash on Delivery
509047,11073,2026-08-14,P7103,Clothing,5,128.79,14.1,553.15,Pakistan,Debit Card
509790,11174,2026-06-16,P7555,Clothing,3,171.06,11.6,453.65,United Kingdom,Cash on Delivery
507289,10876,2026-07-23,P8270,Electronics,4,408.43,4.9,1553.67,Pakistan,Digital Wallet
509958,11195,2026-08-15,P6591,Electronics,2,181.56,10.9,323.54,Pakistan,Bank Transfer
506536,10778,2026-05-05,P5719,Sports,1,60.64,22.9,46.75,Canada,Debit Card
509192,11095,2026-05-26,P3827,Accessories,5,15.33,12.2,67.3,Pakistan,Bank Transfer
501423,10156,2026-07-19,P3474,Clothing,4,41.75,3.4,161.32,Pakistan,Debit Card
509807,11177,2026-07-20,P6837,Electronics,2,161.42,38.9,197.26,Canada,Cash on Delivery
500479,10055,2026-04-13,P4758,Home & Kitchen,1,163.14,1.5,160.69,Australia,Digital Wallet
500662,10069,2026-08-07,P2757,Clothing,4,114.54,12.0,403.18,Australia,Bank Transfer
504476,10528,2026-07-06,P5037,Beauty,2,73.84,21.3,116.22,Pakistan,Credit Card
508982,11069,2026-07-21,P3846,Clothing,5,148.95,9.7,672.51,Canada,Digital Wallet
508077,10965,2026-07-06,P9744,Books,5,39.64,13.3,171.84,United States,Bank Transfer
502988,10348,2026-08-07,P6915,Home & Kitchen,6,167.73,12.6,879.58,Pakistan,Debit Card
501119,10124,2026-06-22,P5622,Electronics,2,616.42,12.2,1082.43,United States,Credit Card
502776,10324,2026-06-09,P2447,Beauty,3,64.54,22.3,150.44,Canada,Digital Wallet
509835,11179,2026-07-21,P9039,Electronics,3,107.45,34.5,211.14,United Kingdom,Cash on Delivery
505003,10594,2026-07-30,P1241,Accessories,1,30.62,12.0,26.95,Australia,Debit Card
506649,10798,2026-07-25,P6800,Electronics,2,361.02,5.7,680.88,Australia,Cash on Delivery
507254,10873,2026-03-04,P7328,Accessories,2,41.74,24.7,62.86,Australia,Cash on Delivery
504427,10520,2026-07-25,P3304,Electronics,5,430.25,14.8,1832.87,Pakistan,Cash on Delivery
507431,10890,2026-05-22,P9227,Beauty,3,46.42,22.6,107.79,Pakistan,Cash on Delivery
503981,10459,2026-08-15,P3865,Electronics,4,206.99,2.7,805.61,Pakistan,Debit Card
506351,10762,2026-07-31,P9622,Books,4,50.73,10.4,181.82,United States,Bank Transfer
502893,10336,2026-08-02,P5304,Electronics,6,522.39,10.4,2808.37,Pakistan,Digital Wallet
502669,10310,2026-06-13,P8056,Clothing,5,147.3,16.8,612.77,Pakistan,Debit Card
503977,10459,2026-08-13,P9587,Clothing,7,136.95,9.2,870.45,United States,Debit Card
505259,10621,2026-06-14,P7673,Accessories,3,50.09,8.1,138.1,Pakistan,Bank Transfer
500279,10030,2026-06-09,P9684,Books,6,78.84,10.4,423.84,Australia,Credit Card
506730,10810,2026-08-04,P1929,Accessories,6,45.43,0.1,272.31,Pakistan,Bank Transfer
506104,10729,2026-05-27,P9845,Accessories,5,83.39,23.9,317.3,United States,Debit Card
507020,10844,2025-08-13,P2810,Clothing,2,23.93,20.8,37.91,Pakistan,Digital Wallet
501694,10185,2026-07-12,P2697,Books,4,8.02,0.5,31.92,United States,Debit Card
508912,11063,2026-02-01,P7984,Electronics,3,428.94,31.8,877.61,Pakistan,Digital Wallet
503479,10408,2026-07-23,P3913,Books,5,68.4,1.2,337.9,United Kingdom,Cash on Delivery
504416,10519,2026-04-10,P1907,Electronics,2,448.27,3.8,862.47,United Kingdom,Credit Card
507592,10907,2026-07-24,P9151,Beauty,3,81.07,18.2,198.95,Pakistan,Bank Transfer
506282,10751,2026-08-06,P4008,Home & Kitchen,4,207.88,2.7,809.07,Canada,Credit Card
505603,10665,2026-08-02,P7023,Sports,6,231.52,6.5,1298.83,United Kingdom,Debit Card
508619,11030,2026-05-07,P5368,Accessories,1,117.33,22.2,91.28,Pakistan,Cash on Delivery
507780,10931,2026-08-12,P4830,Clothing,4,69.72,7.7,257.41,Pakistan,Cash on Delivery
504296,10503,2026-07-27,P5094,Sports,4,240.84,22.5,746.6,Canada,Debit Card
504593,10546,2026-07-17,P3173,Beauty,5,47.91,1.9,235.0,Pakistan,Credit Card
504844,10582,2026-01-28,P3952,Sports,3,132.61,4.0,381.92,United States,Cash on Delivery
502209,10254,2026-07-11,P9665,Home & Kitchen,2,175.66,9.1,319.35,Canada,Digital Wallet
507605,10909,2026-07-17,P7442,Accessories,1,33.57,12.2,29.47,United States,Digital Wallet
505501,10649,2026-07-18,P5385,Electronics,2,262.58,37.9,326.12,United Kingdom,Cash on Delivery
500184,10020,2026-06-09,P9802,Electronics,3,413.3,10.7,1107.23,Pakistan,Bank Transfer
504800,10576,2025-11-12,P3702,Clothing,3,49.46,18.2,121.37,United Kingdom,Bank Transfer
504845,10582,2026-03-25,P7583,Sports,3,116.34,11.1,310.28,Pakistan,Bank Transfer
502350,10272,2026-06-30,P4977,Electronics,3,596.25,34.5,1171.63,United States,Credit Card
500553,10061,2026-07-30,P3837,Accessories,1,76.85,24.0,58.41,Pakistan,Credit Card
501397,10153,2026-07-15,P3935,Sports,4,226.79,6.0,852.73,Pakistan,Digital Wallet
501384,10152,2026-03-31,P5999,Home & Kitchen,2,227.98,20.8,361.12,Pakistan,Bank Transfer
509182,11090,2026-08-12,P6183,Home & Kitchen,2,49.01,4.4,93.71,United Kingdom,Debit Card
509817,11178,2026-07-19,P2515,Electronics,3,438.64,8.6,1202.75,United States,Cash on Delivery
500297,10030,2026-08-10,P5366,Sports,6,208.8,9.9,1128.77,United States,Bank Transfer
500443,10050,2026-06-21,P5864,Home & Kitchen,3,217.38,6.3,611.06,Pakistan,Debit Card
507338,10881,2026-08-15,P1069,Accessories,5,42.85,20.8,169.69,Australia,Credit Card
502077,10236,2026-05-12,P6800,Beauty,1,33.28,24.5,25.13,Australia,Credit Card
507815,10936,2026-07-26,P7963,Books,3,29.12,4.0,83.87,Pakistan,Cash on Delivery
502229,10256,2026-06-11,P5999,Clothing,1,36.63,5.6,34.58,United States,Digital Wallet
502842,10333,2026-08-15,P1897,Electronics,3,646.25,11.2,1721.61,Canada,Digital Wallet
502537,10294,2026-05-08,P4032,Beauty,4,102.32,14.2,351.16,Pakistan,Bank Transfer
508145,10975,2026-06-26,P4562,Accessories,7,109.77,13.2,666.96,United Kingdom,Credit Card
509536,11136,2026-06-15,P5536,Clothing,7,120.83,13.9,728.24,United States,Bank Transfer
506443,10772,2026-04-11,P4357,Clothing,3,165.91,25.7,369.81,United Kingdom,Debit Card
503367,10395,2026-06-06,P9595,Clothing,2,129.18,3.9,248.28,Pakistan,Debit Card
504486,10529,2026-07-04,P2248,Accessories,3,61.21,2.2,179.59,Pakistan,Credit Card
502578,10299,2026-05-02,P3703,Beauty,1,97.46,20.0,77.97,Pakistan,Digital Wallet
501131,10124,2026-07-22,P2699,Electronics,7,110.95,1.1,768.11,United States,Credit Card
504818,10577,2026-08-12,P9207,Electronics,2,542.11,2.4,1058.2,Pakistan,Debit Card
500320,10032,2026-07-23,P8281,Accessories,2,114.81,18.4,187.37,Pakistan,Bank Transfer
501371,10150,2026-07-01,P2910,Clothing,5,119.38,18.4,487.07,Pakistan,Digital Wallet
504042,10463,2026-04-04,P4155,Home & Kitchen,3,220.86,21.3,521.45,Canada,Debit Card
509125,11082,2026-07-10,P9805,Beauty,3,97.91,13.7,253.49,Pakistan,Cash on Delivery
505145,10608,2026-06-27,P1586,Electronics,4,606.71,18.2,1985.16,Pakistan,Bank Transfer
500907,10099,2026-06-23,P1020,Sports,4,233.76,0.5,930.36,United Kingdom,Digital Wallet
509426,11120,2026-08-15,P3333,Electronics,7,556.2,4.6,3714.3,United States,Bank Transfer
503950,10457,2026-08-06,P7053,Electronics,2,461.06,0.5,917.51,Pakistan,Bank Transfer
506145,10734,2026-07-14,P5071,Books,3,79.58,16.4,199.59,Australia,Debit Card
508886,11057,2026-05-26,P9426,Clothing,1,26.17,43.6,14.76,Canada,Digital Wallet
506695,10806,2026-04-14,P1325,Home & Kitchen,3,311.67,26.9,683.49,United States,Digital Wallet
504977,10591,2026-08-12,P8235,Home & Kitchen,3,136.2,8.5,373.87,United States,Credit Card
506092,10727,2026-07-30,P7551,Accessories,3,107.81,3.3,312.76,United States,Digital Wallet
508408,11001,2026-07-21,P3096,Beauty,3,115.98,0.9,344.81,United Kingdom,Bank Transfer
500926,10100,2026-07-16,P7851,Beauty,5,120.28,13.3,521.41,Canada,Bank Transfer
506143,10734,2026-06-23,P2646,Electronics,2,284.63,5.9,535.67,United Kingdom,Bank Transfer
500015,10002,2025-11-24,P6067,Clothing,2,78.21,18.1,128.11,United Kingdom,Cash on Delivery
500143,10015,2026-07-23,P3387,Clothing,3,55.94,20.7,133.08,Pakistan,Debit Card
502363,10275,2026-06-21,P1761,Sports,1,169.16,13.2,146.83,Pakistan,Debit Card
500129,10014,2026-07-19,P2016,Beauty,3,85.26,22.0,199.51,United Kingdom,Digital Wallet
501161,10128,2026-01-08,P2688,Books,3,61.26,14.7,156.76,United States,Debit Card
507551,10902,2026-07-19,P1135,Accessories,7,104.57,1.9,718.08,Pakistan,Bank Transfer
506129,10731,2026-08-13,P3313,Electronics,4,504.6,23.3,1548.11,Pakistan,Credit Card
504665,10558,2026-07-24,P1883,Books,5,30.93,3.0,150.01,Pakistan,Bank Transfer
505660,10673,2026-07-07,P7292,Beauty,3,17.95,14.3,46.15,Pakistan,Bank Transfer
506460,10773,2026-07-20,P7257,Electronics,4,676.07,2.3,2642.08,Pakistan,Debit Card
501876,10209,2026-08-05,P3849,Accessories,5,59.43,13.0,258.52,Pakistan,Digital Wallet
502488,10291,2026-06-12,P6696,Accessories,3,104.77,0.3,313.37,Pakistan,Credit Card
505327,10629,2026-07-19,P3480,Books,7,79.76,11.6,493.55,Australia,Bank Transfer
509361,11113,2026-06-20,P5477,Books,5,42.78,2.9,207.7,Pakistan,Digital Wallet
501182,10129,2026-08-11,P8197,Electronics,6,675.21,6.1,3804.13,Pakistan,Debit Card
506135,10732,2026-07-31,P3476,Electronics,3,361.35,32.9,727.4,United Kingdom,Debit Card
506377,10764,2026-07-30,P4065,Electronics,1,527.83,16.1,442.85,Pakistan,Bank Transfer
501170,10129,2026-08-01,P9125,Accessories,5,119.76,3.6,577.24,United States,Digital Wallet
502182,10251,2026-07-11,P5494,Clothing,3,123.77,15.7,313.01,Australia,Debit Card
503371,10395,2026-07-20,P2932,Beauty,1,74.24,8.2,68.15,Pakistan,Credit Card
508040,10962,2025-11-15,P8839,Sports,2,146.0,18.9,236.81,United States,Credit Card
501859,10207,2026-07-30,P2514,Clothing,5,60.68,14.8,258.5,United States,Digital Wallet
504860,10584,2026-07-11,P3084,Accessories,5,34.46,19.2,139.22,Pakistan,Digital Wallet
509255,11101,2026-08-10,P9550,Clothing,2,134.17,11.1,238.55,Australia,Debit Card
508345,10995,2026-05-04,P3318,Electronics,4,618.38,7.4,2290.48,Pakistan,Digital Wallet
507347,10883,2026-07-20,P4214,Electronics,2,605.69,4.8,1153.23,Pakistan,Debit Card
504864,10585,2026-05-31,P8969,Electronics,1,515.96,12.8,449.92,Pakistan,Debit Card
509886,11188,2026-07-30,P3359,Clothing,6,67.79,4.4,388.84,Australia,Credit Card
506388,10765,2026-08-12,P3010,Home & Kitchen,4,206.42,12.8,719.99,United States,Bank Transfer
503121,10370,2026-07-19,P6639,Home & Kitchen,2,213.24,12.1,374.88,Canada,Digital Wallet
500387,10041,2026-08-04,P6993,Electronics,4,299.58,5.9,1127.62,United States,Debit Card
507785,10932,2026-07-31,P2393,Electronics,1,424.58,29.4,299.75,United Kingdom,Debit Card
501032,10110,2026-08-14,P4055,Home & Kitchen,7,224.95,7.0,1464.42,Australia,Debit Card
507852,10939,2026-07-06,P6296,Home & Kitchen,4,217.88,5.9,820.1,United States,Bank Transfer
505418,10640,2026-08-05,P8886,Beauty,2,103.6,3.0,200.98,United Kingdom,Debit Card
500931,10100,2026-07-23,P4856,Home & Kitchen,3,170.69,10.2,459.84,United Kingdom,Bank Transfer
504019,10461,2026-07-15,P6062,Sports,5,88.61,14.3,379.69,United States,Digital Wallet
500691,10073,2026-07-12,P9422,Sports,7,195.75,12.1,1204.45,USA,Digital Wallet
505298,10626,2026-05-06,P2059,Books,1,11.93,8.5,10.92,United Kingdom,Debit Card
506658,10801,2026-02-10,P1771,Clothing,3,37.75,33.4,75.42,Pakistan,Cash on Delivery
500829,10086,2026-08-13,P7174,Electronics,3,571.46,8.9,1561.8,Pakistan,Debit Card
503498,10410,2026-08-06,P8316,Books,4,52.29,11.9,184.27,,Debit Card
502081,10237,2026-07-25,P1611,Accessories,4,118.85,3.2,460.19,Pakistan,Cash on Delivery
509440,11125,2026-07-12,P6934,Sports,2,57.84,21.9,90.35,United States,Cash on Delivery
500044,10006,2026-07-20,P2716,Beauty,3,142.26,20.0,341.42,Pakistan,Digital Wallet
503939,10456,2026-06-12,P9754,Accessories,1,82.92,15.7,69.9,United States,Bank Transfer
505257,10621,2026-06-06,P2376,Accessories,1,19.52,20.3,15.56,United Kingdom,Credit Card
508437,11005,2026-03-23,P6419,Books,1,66.25,24.1,50.28,United Kingdom,Cash on Delivery
504319,10508,2026-06-16,P5325,Accessories,3,72.85,16.7,182.05,United States,Digital Wallet
502965,10347,2026-07-16,P4397,Clothing,3,35.23,3.3,102.2,Pakistan,Cash on Delivery
503969,10459,2026-08-07,P2268,Electronics,3,263.26,12.7,689.48,Pakistan,Cash on Delivery
501187,10129,2026-08-14,P5721,Home & Kitchen,3,243.66,8.5,668.85,Pakistan,Cash on Delivery
500284,10030,2026-06-29,P4406,Clothing,7,119.38,12.1,734.55,United States,Credit Card
508873,11055,2026-02-24,P5963,Home & Kitchen,1,275.11,4.6,262.45,Pakistan,Digital Wallet
504159,10477,2026-07-25,P1743,Sports,3,89.75,14.3,230.75,United Kingdom,Credit Card
503092,10368,2025-12-23,P4844,Accessories,3,18.67,23.8,42.68,United States,Digital Wallet
504556,10540,2026-08-06,P6729,Home & Kitchen,7,128.25,7.1,834.01,United Kingdom,Cash on Delivery
504584,10544,2025-11-23,P9611,Beauty,1,19.89,12.8,17.34,Pakistan,Cash on Delivery
504323,10509,2025-11-07,P7185,Clothing,2,24.98,1.9,49.01,United States,Bank Transfer
505504,10649,2026-08-06,P1407,Home & Kitchen,1,285.95,29.8,200.74,Pakistan,Bank Transfer
507074,10851,2026-08-06,P1034,Clothing,7,127.2,14.1,764.85,United Kingdom,Bank Transfer
503364,10395,2026-05-31,P3258,Books,2,31.81,3.9,61.14,Pakistan,Cash on Delivery
508025,10961,2026-06-01,P4489,Beauty,6,50.96,9.8,275.8,Pakistan,Digital Wallet
503195,10375,2026-08-11,P1265,Beauty,7,65.28,6.8,425.89,United States,Digital Wallet
508810,11047,2026-08-06,P9320,Electronics,4,562.13,2.3,2196.8,United Kingdom,Credit Card
500969,10101,2026-08-05,P5204,Home & Kitchen,2,246.67,0.7,489.89,Pakistan,Bank Transfer
503734,10435,2026-08-06,P9092,Accessories,7,24.48,6.6,160.05,Canada,Digital Wallet
500925,10100,2026-07-15,P1908,Electronics,6,270.61,7.0,1510.0,Australia,Bank Transfer
509496,11133,2026-06-30,P8768,Clothing,3,120.81,4.5,346.12,Pakistan,Digital Wallet
506451,10772,2026-08-10,P5904,Beauty,3,35.91,32.9,72.29,United States,Credit Card
508797,11046,2026-06-28,P5249,Clothing,3,132.31,14.6,338.98,Pakistan,Cash on Delivery
502851,10334,2026-08-06,P6092,Home & Kitchen,3,116.18,10.8,310.9,United Kingdom,Cash on Delivery
505180,10612,2026-07-07,P4488,Home & Kitchen,2,335.3,35.7,431.2,United Kingdom,Cash on Delivery
506723,10810,2026-07-09,P3943,Beauty,5,46.76,14.8,199.2,United Kingdom,Cash on Delivery
509322,11109,2026-07-18,P6755,Beauty,3,147.66,9.0,403.11,United Kingdom,Cash on Delivery
507810,10936,2026-06-07,P5324,Sports,5,75.05,13.0,326.47,United States,Debit Card
504471,10526,2026-06-21,P1279,Accessories,3,46.4,11.3,123.47,Pakistan,Credit Card
505168,10611,2026-07-22,P3408,Clothing,7,47.12,3.8,317.31,United Kingdom,Cash on Delivery
504348,10515,2026-07-20,P2992,Electronics,4,270.77,11.1,962.86,United States,Debit Card
507903,10945,2026-05-20,P4758,Electronics,3,495.32,14.7,1267.52,United Kingdom,Debit Card
503626,10425,2026-07-09,P1635,Accessories,2,87.94,10.9,156.71,United States,Digital Wallet
501789,10198,2026-01-24,P8053,Home & Kitchen,1,199.36,10.7,178.03,Pakistan,Bank Transfer
508293,10986,2026-05-18,P9448,Clothing,1,39.22,15.4,33.18,United States,Cash on Delivery
502059,10235,2026-06-24,P2473,Home & Kitchen,3,168.25,25.0,378.56,Pakistan,Debit Card
504013,10461,2026-06-18,P9823,Electronics,7,584.63,12.9,3564.49,United Kingdom,Digital Wallet
501902,10214,2026-04-10,P6618,Clothing,3,55.57,7.7,153.87,Pakistan,Debit Card
505573,10660,2026-01-29,P3099,Beauty,2,39.66,22.7,61.31,Pakistan,Bank Transfer
506925,10831,2026-06-22,P5951,Sports,3,175.71,20.1,421.18,Pakistan,Cash on Delivery
500075,10010,2026-01-28,P9476,Beauty,1,44.19,39.2,26.87,United States,Bank Transfer
502345,10272,2026-04-29,P4415,Home & Kitchen,1,288.69,20.8,228.64,United States,Cash on Delivery
505484,10647,2026-01-12,P9376,Books,1,44.37,21.6,34.79,United States,Credit Card
500430,10047,2026-06-09,P8140,Electronics,3,551.82,13.8,1427.01,Pakistan,Bank Transfer
504586,10544,2026-02-08,P7096,Accessories,1,106.57,11.7,94.1,United States,Credit Card
508099,10968,2026-05-01,P2952,Clothing,2,118.77,21.4,186.71,Canada,Digital Wallet
508457,11008,2026-05-12,P6513,Clothing,1,73.79,43.2,41.91,Canada,Credit Card
508156,10975,2026-07-14,P5476,Clothing,2,145.76,12.3,255.66,United States,Cash on Delivery
507893,10944,2026-05-14,P7371,Clothing,2,138.16,23.3,211.94,Pakistan,Debit Card
501553,10169,2026-07-06,P9102,Accessories,7,43.64,11.4,270.66,Australia,Debit Card
500240,10026,2026-05-04,P7520,Clothing,1,73.15,38.0,45.35,Australia,Debit Card
500783,10081,2025-11-17,P6767,Books,1,25.2,15.6,21.27,United Kingdom,Bank Transfer
503066,10361,2026-08-14,P5652,Clothing,3,139.97,19.6,337.61,Pakistan,Cash on Delivery
500977,10102,2026-06-30,P2561,Clothing,1,147.41,11.3,130.75,United Kingdom,Credit Card
502941,10341,2026-05-06,P8007,Sports,1,202.9,3.0,196.81,United Kingdom,Digital Wallet
505377,10635,2026-08-13,P1829,Clothing,6,49.49,2.1,290.7,Pakistan,Debit Card
504730,10564,2026-08-12,P7905,Sports,3,110.06,0.1,329.85,Canada,Credit Card
501620,10176,2026-07-20,P7382,Sports,2,93.66,17.9,153.79,Pakistan,Digital Wallet
502146,10245,2026-07-31,P8278,Home & Kitchen,3,142.03,5.6,402.23,United States,Credit Card
501801,10201,2026-04-02,P4533,Electronics,1,172.83,20.9,136.71,Pakistan,Bank Transfer
502095,10238,2026-07-29,P8939,Clothing,5,145.1,4.2,695.03,Pakistan,Debit Card
506074,10727,2026-07-06,P9094,Electronics,4,449.21,9.7,1622.55,Australia,Credit Card
505245,10620,2026-05-10,P6701,Home & Kitchen,1,159.92,30.8,110.66,United Kingdom,Credit Card
501357,10149,2026-07-23,P4337,Clothing,7,66.05,14.4,395.77,Pakistan,Digital Wallet
508063,10964,2026-08-02,P9801,Sports,4,170.59,15.5,576.59,Australia,Credit Card
506050,10724,2026-05-03,P5976,Sports,2,179.08,19.6,287.96,United States,Digital Wallet
508368,10998,2026-08-01,P6140,Electronics,7,239.58,0.8,1663.64,Pakistan,Credit Card
506017,10720,2026-07-03,P5753,Books,1,22.32,33.3,14.89,Pakistan,Cash on Delivery
509931,11193,2026-07-10,P5678,Electronics,3,585.93,6.2,1648.81,United Kingdom,Digital Wallet
508769,11040,2026-08-15,P8684,Clothing,1,60.26,13.9,51.88,Pakistan,Credit Card
507503,10899,2026-06-12,P3249,Home & Kitchen,4,137.11,7.3,508.4,Pakistan,Cash on Delivery
501609,10175,2026-06-01,P4204,Home & Kitchen,2,54.43,10.0,97.97,United Kingdom,Cash on Delivery
503096,10369,2026-07-13,P5046,Books,5,14.25,15.2,60.42,United Kingdom,Cash on Delivery
509771,11170,2026-08-14,P7806,Clothing,4,151.55,6.9,564.37,United States,Credit Card
502415,10283,2026-08-12,P9685,Sports,3,186.94,23.9,426.78,Pakistan,Bank Transfer
502017,10228,2026-05-24,P6261,Clothing,3,176.52,23.3,406.17,Canada,Cash on Delivery
506018,10720,2026-07-06,P9985,Books,2,41.88,39.6,50.59,United Kingdom,Cash on Delivery
504125,10473,2026-06-08,P4759,Home & Kitchen,2,218.08,6.9,406.06,Pakistan,Bank Transfer
509802,11177,2026-03-13,P1678,Home & Kitchen,2,114.85,15.5,194.1,United States,Digital Wallet
503246,10379,2026-06-04,P3127,Books,2,46.36,20.3,73.9,United Kingdom,Cash on Delivery
500124,10013,2026-07-28,P7748,Clothing,3,90.81,20.9,215.49,Pakistan,Cash on Delivery
506425,10770,2026-07-21,P2734,Books,3,51.91,29.3,110.1,Pakistan,Cash on Delivery
505308,10626,2026-08-06,P8567,Clothing,1,52.89,9.8,47.71,United Kingdom,Cash on Delivery
507463,10894,2026-08-01,P2621,Home & Kitchen,3,166.92,13.7,432.16,Pakistan,Credit Card
509157,11088,2026-06-15,P1594,Books,2,64.72,22.1,100.83,United Kingdom,Digital Wallet
503341,10391,2026-01-08,P5497,Home & Kitchen,2,53.01,12.5,92.77,Canada,Debit Card
500598,10065,2026-08-05,P1768,Beauty,3,53.72,21.3,126.83,United Kingdom,Digital Wallet
502123,10244,2026-06-01,P6060,Beauty,3,113.6,20.4,271.28,United Kingdom,Digital Wallet
509498,11133,2026-07-04,P6244,Clothing,4,141.26,12.5,494.41,Pakistan,Cash on Delivery
507685,10920,2026-07-05,P9274,Books,3,27.42,12.9,71.65,United Kingdom,Credit Card
507049,10847,2026-07-01,P5700,Home & Kitchen,6,279.92,13.7,1449.43,Canada,Debit Card
509661,11160,2026-08-02,P9212,Beauty,5,98.17,7.1,456.0,Pakistan,Credit Card
502197,10253,2025-10-10,P1340,Beauty,1,106.45,0.8,105.6,Pakistan,Digital Wallet
504051,10465,2026-02-11,P1472,Home & Kitchen,1,296.76,0.2,296.17,Pakistan,Cash on Delivery
506054,10724,2026-06-07,P6589,Accessories,3,46.87,33.0,94.21,United States,Credit Card
503362,10395,2026-05-02,P9324,Home & Kitchen,2,332.7,19.5,535.65,Pakistan,Debit Card
506851,10822,2026-08-14,P7895,Clothing,2,83.96,12.4,147.1,United Kingdom,Credit Card
500725,10076,2026-06-05,P4536,Clothing,1,88.48,22.9,68.22,Pakistan,Debit Card
504934,10589,2026-08-01,P2470,Beauty,2,75.39,10.2,135.4,Pakistan,Credit Card
500978,10102,2026-07-08,P1709,Clothing,3,131.76,16.2,331.24,United Kingdom,Credit Card
500808,10084,2026-08-08,P3631,Books,5,75.93,0.4,378.13,United States,Digital Wallet
509603,11150,2025-09-16,P4816,Home & Kitchen,3,203.14,7.3,564.93,Canada,Bank Transfer
501475,10161,2026-06-23,P1293,Home & Kitchen,1,63.93,1.1,63.23,United States,Debit Card
505935,10706,2026-02-14,P9037,Home & Kitchen,3,262.0,12.1,690.89,United States,Cash on Delivery
509036,11073,2026-07-13,P3121,Books,4,14.17,10.0,51.01,Australia,Bank Transfer
507335,10881,2026-07-08,P9918,Clothing,4,147.32,14.7,502.66,United Kingdom,Debit Card
503962,10458,2026-05-28,P9594,Sports,2,162.0,18.7,263.41,Canada,Credit Card
506422,10770,2026-05-14,P7439,Home & Kitchen,3,246.25,16.0,620.55,United Kingdom,Bank Transfer
504905,10588,2026-06-13,P4460,Beauty,2,81.05,3.4,156.59,Pakistan,Digital Wallet
501235,10134,2026-08-10,P3025,Sports,3,39.38,17.3,97.7,United Kingdom,Debit Card
501225,10134,2026-04-18,P7543,Sports,2,163.26,22.0,254.69,Canada,Digital Wallet
508049,10963,2026-07-10,P3840,Clothing,1,119.92,20.5,95.34,Pakistan,Bank Transfer
509278,11106,2026-05-20,P1624,Electronics,5,92.0,17.5,379.5,United States,Digital Wallet
508671,11034,2026-07-28,P5290,Home & Kitchen,2,237.85,8.2,436.69,Pakistan,Bank Transfer
505229,10618,2026-08-14,P1847,Beauty,2,147.27,11.2,261.55,Pakistan,Digital Wallet
506950,10833,2026-08-13,P9345,Books,7,13.95,1.8,95.89,Canada,Credit Card
503217,10377,2026-05-24,P3577,Beauty,1,102.35,26.1,75.64,Australia,Cash on Delivery
500287,10030,2026-07-07,P2932,Home & Kitchen,2,349.7,1.5,688.91,United Kingdom,Debit Card
505023,10598,2026-07-09,P2666,Beauty,2,97.31,3.6,187.61,United States,Debit Card
502966,10348,2026-07-03,P8551,Electronics,6,582.32,13.2,3032.72,United States,Bank Transfer
503164,10373,2026-07-24,P6732,Clothing,5,88.93,12.4,389.51,United States,Digital Wallet
506003,10719,2026-05-23,P6174,Books,3,64.58,4.9,184.25,Pakistan,Debit Card
508887,11057,2026-06-14,P8196,Home & Kitchen,1,326.05,32.1,221.39,Canada,Cash on Delivery
501657,10180,2026-07-31,P6274,Home & Kitchen,7,139.04,14.4,833.13,Australia,Bank Transfer
501975,10223,2026-07-09,P1321,Beauty,5,54.02,4.4,258.22,United States,Cash on Delivery
502397,10282,2026-06-18,P4176,Beauty,2,55.15,1.4,108.76,Pakistan,Digital Wallet
500452,10050,2026-08-06,P1783,Sports,3,210.34,0.3,629.13,Pakistan,Digital Wallet
508030,10961,2026-06-21,P1095,Electronics,4,361.84,12.7,1263.55,Australia,Digital Wallet
504696,10562,2026-06-08,P7694,Clothing,3,125.71,8.9,343.57,Pakistan,Digital Wallet
503681,10431,2026-08-08,P4479,Clothing,6,49.96,7.1,278.48,United Kingdom,Debit Card
500422,10045,2026-08-07,P1966,Accessories,2,55.25,19.5,88.95,Pakistan,Credit Card
509725,11164,2026-08-01,P5448,Clothing,3,144.37,42.8,247.74,United Kingdom,Cash on Delivery
500657,10069,2026-07-31,P1569,Home & Kitchen,4,63.96,4.7,243.82,Pakistan,Debit Card
503301,10385,2026-07-01,P4681,Sports,3,156.17,26.5,344.35,Pakistan,Cash on Delivery
506394,10766,2026-05-25,P2618,Clothing,2,24.67,13.5,42.68,Pakistan,Debit Card
502845,10334,2026-08-03,P8102,Clothing,5,89.92,1.7,441.96,USA,Credit Card
508291,10985,2026-08-10,P8587,Accessories,2,86.84,26.3,128.0,Canada,Digital Wallet
507497,10898,2026-01-17,P6291,Books,3,34.34,22.7,79.63,Pakistan,Digital Wallet
501001,10106,2026-06-25,P9948,Books,4,25.52,1.7,100.34,Australia,Digital Wallet
504198,10487,2026-06-06,P8067,Beauty,7,40.95,3.2,277.48,Pakistan,Digital Wallet
502418,10284,2026-07-12,P7051,Sports,6,57.54,4.7,329.01,Pakistan,Bank Transfer
507482,10896,2026-08-01,P5090,Beauty,5,144.11,17.0,598.06,United Kingdom,Digital Wallet
505706,10678,2026-07-26,P8335,Clothing,5,54.82,24.1,208.04,United Kingdom,Credit Card
503847,10444,2026-07-15,P7313,Clothing,2,27.76,3.7,53.47,Pakistan,Bank Transfer
500961,10101,2026-07-23,P4297,Clothing,6,99.54,9.7,539.31,United Kingdom,Bank Transfer
501580,10172,2026-06-27,P2870,Electronics,2,587.68,4.2,1125.99,Pakistan,Debit Card
505007,10595,2026-03-25,P4925,Beauty,2,86.63,21.4,136.18,Pakistan,Debit Card
502206,10254,2026-07-02,P2617,Clothing,4,164.66,24.0,500.57,United Kingdom,Bank Transfer
506312,10755,2026-07-27,P6955,Accessories,7,72.62,3.6,490.04,Pakistan,Digital Wallet
509562,11141,2026-06-06,P1916,Beauty,3,136.87,19.4,330.95,United States,Cash on Delivery
504231,10493,2026-03-31,P7772,Clothing,5,101.08,15.2,428.58,United Kingdom,Bank Transfer
500757,10079,2026-07-13,P6944,Books,1,12.53,7.8,11.55,United Kingdom,Bank Transfer
502284,10263,2026-08-10,P8291,Clothing,5,163.29,14.2,700.51,Pakistan,Digital Wallet
506663,10801,2026-06-06,P6643,Home & Kitchen,3,249.68,15.0,636.68,Pakistan,Digital Wallet
504755,10567,2026-07-10,P5010,Accessories,5,15.36,4.3,73.5,Pakistan,Credit Card
508211,10981,2026-04-26,P7582,Electronics,3,219.72,4.8,627.52,United States,Debit Card
500807,10084,2026-08-06,P1325,Clothing,7,101.92,7.0,663.5,United Kingdom,Credit Card
506575,10784,2026-06-21,P8087,Clothing,5,163.04,14.7,695.37,Canada,Bank Transfer
507719,10924,2026-07-10,P5944,,3,27.06,43.4,45.95,Pakistan,Credit Card
501956,10220,2026-07-01,P2225,Books,1,74.76,32.4,50.54,Pakistan,Cash on Delivery
502445,10286,2026-06-10,P3787,Home & Kitchen,6,136.39,0.7,812.61,Pakistan,Bank Transfer
505875,10702,2026-07-24,P8597,Books,5,54.98,8.8,250.71,United Kingdom,Bank Transfer
508163,10976,2026-04-11,P1737,Clothing,3,96.22,11.0,256.91,U.S.A.,Digital Wallet
506138,10732,2026-08-05,P5435,Beauty,2,85.12,36.0,108.95,United Kingdom,Cash on Delivery
502402,10283,2026-05-24,P9240,Clothing,3,114.22,2.9,332.72,Pakistan,Cash on Delivery
501073,10118,2026-03-29,P3670,Accessories,2,55.48,17.6,91.43,Australia,Digital Wallet
506557,10782,2026-06-23,P1020,Home & Kitchen,2,181.94,19.8,291.83,Pakistan,Cash on Delivery
504240,10494,2026-04-23,P3226,Electronics,3,429.25,8.7,1175.72,Canada,Credit Card
508509,11014,2026-07-25,P3948,Clothing,2,109.96,1.2,217.28,Australia,Cash on Delivery
502091,10237,2026-08-06,P1038,Accessories,3,89.83,2.9,261.67,Pakistan,Credit Card
504527,10535,2026-07-20,P8289,Accessories,3,94.77,31.5,194.75,Pakistan,Credit Card
507202,10867,2026-06-07,P6859,Beauty,4,26.13,12.1,91.87,Pakistan,Digital Wallet
506795,10819,2026-06-27,P7580,Clothing,6,102.15,10.8,546.71,Australia,Digital Wallet
507237,10871,2026-07-07,P3253,Electronics,2,377.71,6.8,704.05,United Kingdom,Digital Wallet
507422,10889,2026-08-11,P1946,Home & Kitchen,6,61.98,0.3,370.76,United Kingdom,Bank Transfer
506849,10822,2026-08-12,P1809,Home & Kitchen,6,265.11,4.0,1527.03,Pakistan,Digital Wallet
506836,10822,2026-08-06,P2556,Clothing,7,86.65,14.2,520.42,United Kingdom,Cash on Delivery
501003,10107,2026-07-20,P2511,Electronics,3,308.71,15.7,780.73,United Kingdom,Credit Card
509099,11079,2026-08-06,P4958,Accessories,4,105.51,3.6,406.85,Canada,Credit Card
506562,10783,2026-07-10,P6340,Electronics,2,549.39,15.4,929.57,Australia,Credit Card
505614,10666,2026-08-11,P5455,Home & Kitchen,4,315.78,3.4,1220.17,Pakistan,Digital Wallet
504651,10558,2026-06-25,P6980,Electronics,4,170.62,13.0,593.76,Pakistan,Debit Card
505313,10628,2026-03-10,P2650,Home & Kitchen,2,326.18,33.5,433.82,United States,Credit Card
501485,10162,2026-05-07,P6680,Beauty,3,73.51,5.8,207.74,Australia,Bank Transfer
507607,10909,2026-07-20,P4676,Beauty,5,23.19,19.8,92.99,Pakistan,Bank Transfer
501411,10154,2026-07-17,P1471,Beauty,2,97.74,8.4,179.06,United Kingdom,Credit Card
509303,11107,2026-08-11,P2978,Clothing,5,62.15,10.0,279.68,United Kingdom,Digital Wallet
500709,10074,2026-06-23,P6430,Clothing,2,54.53,38.1,67.51,Canada,Credit Card
509806,11177,2026-07-18,P1019,Home & Kitchen,1,326.06,32.9,218.79,United States,Credit Card
508042,10962,2026-05-10,P2851,Sports,3,211.36,1.4,625.2,Australia,Bank Transfer
507211,10868,2026-07-26,P7841,Books,2,48.35,14.0,83.16,United States,Debit Card
503076,10363,2026-03-18,P7092,Books,2,8.16,24.8,12.27,United Kingdom,Credit Card
508314,10990,2026-05-20,P9123,Home & Kitchen,2,191.02,17.9,313.65,Canada,Credit Card
504101,10471,2026-08-07,P9582,Clothing,6,119.82,3.1,696.63,United Kingdom,Debit Card
505114,10605,2026-07-07,P7250,Accessories,3,42.96,2.5,125.66,United Kingdom,Bank Transfer
502722,10317,2026-05-11,P6427,Clothing,2,20.76,0.3,41.4,Pakistan,Bank Transfer
509359,11113,2026-06-12,P2915,Accessories,1,15.37,6.2,14.42,United Kingdom,Credit Card
501268,10139,2026-07-28,P8775,Electronics,5,376.99,14.4,1613.52,United States,Debit Card
502462,10286,2026-08-01,P7630,Accessories,6,23.67,7.3,131.65,United Kingdom,Cash on Delivery
505464,10645,2026-07-12,P7864,Clothing,2,174.13,7.5,322.14,United States,Bank Transfer
500268,10028,2026-02-14,P6027,Books,1,18.04,6.1,16.94,United Kingdom,Debit Card
503580,10422,2026-03-26,P1017,Books,1,36.01,17.9,29.56,United States,Digital Wallet
505349,10631,2026-08-10,P4723,Books,2,76.35,33.4,101.7,Pakistan,Cash on Delivery
507290,10876,2026-07-25,P2400,Clothing,1,61.08,2.6,59.49,United Kingdom,Cash on Delivery
505157,10609,2026-06-06,P8657,Clothing,2,66.77,19.2,107.9,United Kingdom,Digital Wallet
506601,10789,2026-06-04,P2993,Clothing,1,36.58,0.2,36.51,Pakistan,Bank Transfer
502821,10331,2026-06-16,P8842,Clothing,3,129.66,8.7,355.14,Pakistan,Bank Transfer
505807,10693,2025-11-17,P7163,Books,1,61.88,3.1,59.96,United Kingdom,Credit Card
500589,10064,2026-08-04,P2050,Electronics,4,307.39,7.0,1143.49,United Kingdom,Digital Wallet
505955,10708,2026-06-23,P4018,Sports,1,188.45,17.4,155.66,Pakistan,Cash on Delivery
505254,10620,2026-07-28,P1216,Books,1,26.26,41.1,15.47,Pakistan,Credit Card
506661,10801,2026-03-29,P9571,Home & Kitchen,2,278.24,32.4,376.18,United States,Credit Card
507656,10916,2025-11-20,P8089,Electronics,1,532.97,5.5,503.66,United Kingdom,Credit Card
508725,11038,2026-07-15,P4370,Home & Kitchen,1,254.74,18.6,207.36,United Kingdom,Cash on Delivery
506896,10828,2026-06-05,P3240,Home & Kitchen,5,341.13,17.5,1407.16,United Kingdom,Debit Card
507594,10908,2026-07-03,P4842,Clothing,2,27.96,14.5,47.81,Pakistan,Debit Card
502028,10228,2026-08-09,P2059,Accessories,1,40.29,12.3,35.33,Pakistan,Debit Card
506818,10820,2026-07-09,P6587,Beauty,5,61.63,0.5,306.61,Pakistan,Cash on Delivery
500677,10072,2026-04-26,P1591,Beauty,1,21.98,25.0,16.48,Canada,Bank Transfer
505763,10688,2026-04-18,P6578,Electronics,1,321.42,5.4,304.06,Australia,Bank Transfer
501232,10134,2026-06-26,P3555,Clothing,2,149.79,3.6,288.8,United Kingdom,Cash on Delivery
505296,10625,2026-07-08,P5482,Accessories,1,38.6,7.7,35.63,Pakistan,Bank Transfer
507103,10855,2026-06-26,P6686,Clothing,5,122.41,2.3,597.97,Pakistan,Debit Card
505034,10599,2026-08-15,P3118,Home & Kitchen,3,270.49,12.8,707.6,Pakistan,Digital Wallet
505452,10644,2026-04-27,P6063,Clothing,3,162.48,21.4,383.13,Canada,Credit Card
502432,10284,2026-08-05,P8227,Electronics,7,649.37,8.4,4163.76,United Kingdom,Debit Card
506319,10757,2026-05-30,P9553,Beauty,2,42.32,4.8,80.58,Pakistan,Cash on Delivery
506119,10730,2026-08-01,P7485,Home & Kitchen,5,67.36,18.9,273.14,United States,Debit Card
509158,11088,2026-06-19,P7383,Electronics,3,114.18,22.7,264.78,United States,Credit Card
509953,11195,2026-08-03,P1449,Sports,3,155.9,0.3,466.3,Pakistan,Bank Transfer
500896,10096,2026-04-10,P6672,Beauty,3,86.81,14.5,222.67,United Kingdom,Credit Card
501611,10176,2026-06-06,P2517,Books,1,15.9,14.9,13.53,United Kingdom,Cash on Delivery
506474,10774,2026-03-22,P2352,Beauty,2,23.73,12.4,41.57,United Kingdom,Credit Card
507661,10917,2026-06-21,P4645,Electronics,2,567.3,10.1,1020.01,Pakistan,Digital Wallet
507460,10894,2026-07-20,P8639,Accessories,3,73.55,10.7,197.04,Pakistan,Digital Wallet
503806,10440,2026-07-23,P8262,Sports,7,153.96,4.0,1034.61,Pakistan,Digital Wallet
508273,10984,2026-07-31,P4850,Accessories,3,52.06,6.6,145.87,Pakistan,Credit Card
509451,11127,2026-08-11,P8239,Books,3,45.78,10.2,123.33,Pakistan,Cash on Delivery
504701,10563,2026-05-27,P3092,Beauty,6,23.63,6.4,132.71,Pakistan,Credit Card
503961,10458,2026-05-13,P7078,Electronics,3,427.42,17.1,1062.99,United Kingdom,Cash on Delivery
505417,10640,2026-08-02,P8996,Electronics,4,586.2,2.1,2295.56,United Kingdom,Cash on Delivery
500890,10095,2026-07-28,P1333,Home & Kitchen,3,119.27,20.5,284.46,Pakistan,Digital Wallet
504999,10594,2026-06-25,P7062,Clothing,2,150.48,6.6,281.1,United Kingdom,Credit Card
507506,10899,2026-06-22,P3864,Books,7,42.82,9.0,272.76,Pakistan,Cash on Delivery
507881,10941,2026-07-14,P8709,Clothing,2,58.31,10.6,104.26,Pakistan,Credit Card
505095,10604,2026-06-30,P4399,Clothing,6,128.31,8.7,702.88,United Kingdom,Cash on Delivery
506932,10832,2026-02-12,P3423,Books,1,49.79,19.4,40.13,United States,Debit Card
509617,11152,2026-07-11,P6887,Sports,1,142.47,21.1,112.41,United States,Cash on Delivery
502799,10328,2026-06-25,P7268,Sports,2,135.95,9.4,246.34,United States,Bank Transfer
500584,10064,2026-07-25,P9733,Electronics,3,113.13,4.3,324.8,United Kingdom,Cash on Delivery
503268,10381,2026-06-20,P2825,Clothing,2,168.21,9.5,304.46,Pakistan,Bank Transfer
503932,10455,2026-08-11,P2531,Electronics,6,628.09,5.1,3576.34,United States,Debit Card
501260,10139,2026-07-06,P6932,Books,3,15.9,12.6,41.69,Pakistan,Cash on Delivery
506205,10740,2026-08-12,P2071,Sports,2,103.72,15.3,175.7,Canada,Digital Wallet
500310,10032,2026-04-22,P4787,Electronics,1,690.04,8.9,628.63,United Kingdom,Cash on Delivery
507789,10935,2026-05-20,P1441,Accessories,3,99.49,4.7,284.44,United Kingdom,Debit Card
506458,10773,2026-07-18,P7767,Accessories,7,34.32,10.9,214.05,Canada,Credit Card
506206,10740,2026-08-13,P2051,Electronics,3,554.33,9.2,1509.99,Australia,Bank Transfer
505882,10702,2026-08-11,P9624,Clothing,2,84.97,1.3,167.73,Pakistan,Digital Wallet
504668,10558,2026-08-01,P2925,Accessories,6,49.14,10.1,265.06,Australia,Bank Transfer
504298,10504,2026-07-02,P2342,Beauty,1,132.47,20.9,104.78,Pakistan,Debit Card
503783,10438,2026-07-30,P3289,Books,2,27.55,36.8,34.82,Pakistan,Bank Transfer
501008,10108,2026-05-12,P5297,Beauty,3,133.42,20.2,319.41,United Kingdom,Debit Card
508354,10996,2026-06-29,P8561,Home & Kitchen,4,138.66,13.9,477.55,United States,Cash on Delivery
502185,10252,2026-05-18,P2716,Sports,3,197.74,24.3,449.07,Pakistan,Cash on Delivery
503623,10425,2026-07-07,P4827,Sports,4,187.32,8.7,684.09,Canada,Debit Card
507039,10846,2026-07-20,P5555,Clothing,3,72.78,7.9,201.09,United States,Cash on Delivery
504922,10588,2026-08-05,P6090,Accessories,4,13.62,0.3,54.32,Pakistan,Cash on Delivery
509673,11161,2026-06-24,P9672,Electronics,1,105.6,26.2,77.93,Pakistan,Credit Card
507950,10953,2026-04-01,P2352,Accessories,3,106.87,23.3,245.91,Pakistan,Digital Wallet
506125,10731,2026-07-28,P3497,Beauty,1,104.32,21.3,82.1,United Kingdom,Debit Card
504756,10567,2026-07-18,P3266,Beauty,2,80.28,11.1,142.74,Pakistan,Credit Card
505074,10602,2026-07-16,P4303,Beauty,5,119.79,13.4,518.69,United States,Digital Wallet
500090,10011,2026-08-12,P8189,Beauty,7,128.38,12.0,790.82,Canada,Bank Transfer
505974,10711,2026-07-08,P2646,Books,2,29.18,41.3,34.26,United States,Credit Card
506418,10769,2026-07-26,P7233,Accessories,2,24.82,2.7,48.3,United Kingdom,Cash on Delivery
508640,11031,2026-07-15,P8029,Accessories,5,117.19,6.6,547.28,United States,Credit Card
508690,11035,2026-07-08,P5149,Home & Kitchen,2,238.99,10.1,429.7,Canada,Cash on Delivery
502117,10240,2026-07-22,P8459,Home & Kitchen,4,68.83,13.8,237.33,Pakistan,Bank Transfer
502937,10340,2026-08-03,P6976,Sports,4,101.86,14.7,347.55,Pakistan,Credit Card
506842,10822,2026-08-08,P5652,Home & Kitchen,3,231.89,5.4,658.1,United Kingdom,Credit Card
500983,10103,2026-07-20,P1800,Home & Kitchen,3,70.73,18.7,172.51,United Kingdom,Cash on Delivery
507260,10874,2026-06-04,P6829,Sports,3,108.39,0.1,324.84,Pakistan,Bank Transfer
509985,11200,2026-06-11,P7230,Beauty,5,145.59,4.2,697.38,United States,Digital Wallet
502925,10340,2026-07-17,P8165,Clothing,4,25.41,7.7,93.81,United Kingdom,Credit Card
506061,10725,2026-05-07,P9448,Sports,1,95.07,8.0,87.46,Canada,Credit Card
503214,10377,2026-03-17,P1968,Sports,2,56.67,33.5,75.37,Pakistan,Cash on Delivery
506447,10772,2026-06-24,P8422,Books,1,21.83,40.7,12.95,Pakistan,Credit Card
506779,10818,2026-04-30,P3897,Electronics,4,245.67,3.8,945.34,United Kingdom,Digital Wallet
507038,10846,2026-07-13,P9333,Beauty,3,73.71,13.5,191.28,United Kingdom,Digital Wallet
505663,10673,2026-07-11,P8468,Sports,3,200.14,10.2,539.18,United Kingdom,Digital Wallet
500627,10067,2026-08-03,P8637,Clothing,6,154.24,11.9,815.31,Canada,Credit Card
508008,10959,2026-05-05,P4732,Electronics,3,203.51,12.3,535.43,United Kingdom,Cash on Delivery
505125,10606,2026-07-02,P7681,Electronics,3,560.54,0.4,1674.89,Pakistan,Digital Wallet
504765,10570,2026-03-22,P6523,Home & Kitchen,1,77.2,1.3,76.2,Pakistan,Cash on Delivery
508143,10974,2026-07-31,P8652,Electronics,5,638.02,15.1,2708.39,United Kingdom,Digital Wallet
509594,11147,2026-07-02,P4620,Home & Kitchen,3,316.39,31.3,652.08,Pakistan,Credit Card
501269,10139,2026-08-02,P3780,Electronics,4,413.51,4.1,1586.22,Pakistan,Credit Card
500128,10014,2026-07-16,P1556,Home & Kitchen,4,298.53,11.9,1052.02,Pakistan,Cash on Delivery
506112,10730,2026-07-05,P3254,Books,3,50.05,21.1,118.47,Canada,Credit Card
501711,10187,2026-08-04,P7864,Home & Kitchen,3,108.7,39.1,198.59,United Kingdom,Cash on Delivery
507862,10939,2026-07-31,P4473,Clothing,7,161.31,0.3,1125.78,United States,Bank Transfer
504235,10493,2026-05-13,P3816,Electronics,1,172.12,6.0,161.79,United States,Debit Card
505192,10614,2026-07-10,P1933,Clothing,5,48.71,5.7,229.67,Pakistan,Bank Transfer
502398,10282,2026-07-08,P4768,Books,3,9.4,19.5,22.7,Pakistan,Digital Wallet
505434,10642,2026-05-22,P5319,Sports,5,56.51,20.1,225.76,Pakistan,Cash on Delivery
506057,10724,2026-07-09,P2802,Books,1,50.06,21.3,39.4,United States,Cash on Delivery
509318,11109,2026-04-09,P9332,Electronics,1,437.38,21.4,343.78,Pakistan,Bank Transfer
501186,10129,2026-08-14,P6322,Clothing,3,31.33,10.1,84.5,Canada,Bank Transfer
506013,10719,2026-08-10,P2256,Electronics,3,490.37,14.2,1262.21,United Kingdom,Bank Transfer
509793,11174,2026-07-08,P2752,Electronics,5,436.11,17.6,1796.77,United States,Bank Transfer
506014,10719,2026-08-14,P9873,Books,6,34.77,12.2,183.17,Pakistan,Debit Card
501977,10223,2026-07-13,P9366,Home & Kitchen,2,302.66,8.1,556.29,United Kingdom,Credit Card
509887,11188,2026-08-08,P2633,Clothing,2,67.6,7.4,125.2,Pakistan,Credit Card
504247,10494,2026-06-23,P6635,Books,5,32.78,19.9,131.28,United Kingdom,Digital Wallet
507672,10918,2026-02-22,P9082,Beauty,1,35.1,10.2,31.52,Pakistan,Debit Card
500915,10099,2026-07-13,P8635,Clothing,6,26.04,9.1,142.02,United States,Digital Wallet
501305,10144,2026-07-20,P6577,Clothing,2,32.83,23.8,50.03,United States,Cash on Delivery
505455,10644,2026-05-30,P9629,Home & Kitchen,4,46.92,3.1,181.86,United Kingdom,Digital Wallet
503049,10359,2026-04-01,P9925,Home & Kitchen,2,185.4,20.0,296.64,United Kingdom,Credit Card
509521,11134,2026-05-30,P7342,Sports,1,212.11,18.1,173.72,Australia,Digital Wallet
501273,10139,2026-08-13,P6269,Home & Kitchen,2,109.15,6.7,203.67,United Kingdom,Digital Wallet
508055,10964,2026-07-06,P1221,Books,4,29.22,15.3,99.0,Canada,Cash on Delivery
502796,10327,2026-06-08,P4079,Electronics,1,373.32,8.0,343.45,Canada,Cash on Delivery
501398,10153,2026-07-18,P6830,Home & Kitchen,7,216.93,9.0,1381.84,United Kingdom,Cash on Delivery
503358,10394,2026-06-26,P2332,Electronics,3,466.42,44.8,772.39,Pakistan,Credit Card
500183,10020,2026-06-07,P1240,Clothing,3,172.65,0.5,515.36,Australia,Cash on Delivery
506867,10824,2026-07-02,P2875,Home & Kitchen,3,55.3,22.9,127.91,Pakistan,Bank Transfer
505695,10677,2026-08-14,P5653,Clothing,3,40.85,13.3,106.25,United Kingdom,Credit Card
508835,11050,2026-07-22,P9506,Home & Kitchen,7,234.11,7.2,1520.78,Pakistan,Cash on Delivery
509626,11155,2026-07-13,P8226,Electronics,3,567.99,4.1,1634.11,Canada,Debit Card
506170,10736,2026-01-11,P8862,Sports,2,88.1,3.2,170.56,United States,Digital Wallet
506987,10838,2026-08-05,P9159,Electronics,2,596.26,9.9,1074.46,Pakistan,Debit Card
504567,10541,2026-02-10,P6594,Beauty,3,32.94,20.7,78.36,Pakistan,Bank Transfer
508955,11068,2026-07-18,P7860,Clothing,5,138.23,2.8,671.8,Pakistan,Bank Transfer
502656,10309,2026-07-05,P1450,Home & Kitchen,3,268.71,24.4,609.43,Pakistan,Credit Card
508309,10990,2026-02-20,P7874,Electronics,1,135.78,23.3,104.14,United Kingdom,Debit Card
506857,10823,2026-06-18,P2147,Books,1,65.97,20.3,52.58,Pakistan,Digital Wallet
501961,10221,2026-05-20,P6402,Books,1,25.65,1.9,25.16,United Kingdom,Bank Transfer
506383,10765,2026-08-08,P1578,Electronics,5,283.13,0.4,1409.99,Canada,Bank Transfer
508853,11052,2026-01-30,P8956,Clothing,2,50.78,1.8,99.73,Australia,Bank Transfer
509973,11199,2026-05-16,P3239,Electronics,1,696.44,28.3,499.35,Pakistan,Credit Card
501251,10136,2026-08-04,P3372,Sports,4,146.97,12.8,512.63,United States,Bank Transfer
503176,10374,2026-04-14,P5380,Accessories,1,78.93,24.0,59.99,Australia,Cash on Delivery
507760,10930,2026-07-04,P2292,Sports,4,139.16,4.7,530.48,United States,Cash on Delivery
505013,10597,2026-01-20,P4801,Beauty,3,108.02,19.3,261.52,United Kingdom,Bank Transfer
509705,11163,2026-07-13,P2712,Clothing,1,43.01,4.7,40.99,Pakistan,Bank Transfer
506539,10778,2026-06-16,P5469,Books,1,57.46,16.8,47.81,United Kingdom,Credit Card
503289,10384,2026-04-02,P9687,Electronics,2,269.82,7.9,497.01,Pakistan,Credit Card
506448,10772,2026-06-30,P4440,Clothing,2,77.11,38.7,94.54,Pakistan,Cash on Delivery
508726,11039,2026-07-03,P1552,Books,2,63.09,10.9,112.43,Pakistan,Digital Wallet
507611,10909,2026-07-25,P3714,Beauty,2,137.55,24.9,206.6,,Bank Transfer
506275,10751,2026-07-09,P2234,Beauty,7,121.42,5.4,804.04,Pakistan,Bank Transfer
506887,10827,2026-07-09,P3518,Clothing,1,65.98,4.8,62.81,United States,Digital Wallet
501051,10114,2026-05-18,P5593,Electronics,2,235.99,36.6,299.24,Pakistan,Debit Card
504069,10467,2026-06-25,P5717,Clothing,2,44.28,4.7,84.4,United Kingdom,Cash on Delivery
506022,10720,2026-07-17,P8645,Sports,2,231.03,19.2,373.34,United States,Bank Transfer
505552,10656,2026-08-13,P1108,Beauty,4,116.72,12.9,406.65,Pakistan,Cash on Delivery
500272,10029,2026-01-02,P7606,Electronics,2,668.08,0.2,1333.49,United States,Debit Card
502042,10231,2026-05-18,P3984,Home & Kitchen,3,315.0,44.7,522.58,Canada,Credit Card
504763,10568,2026-07-18,P3895,Electronics,1,630.28,1.7,619.57,Pakistan,Debit Card
508997,11070,2026-07-09,P1701,Home & Kitchen,4,288.11,17.1,955.37,Pakistan,Digital Wallet
505204,10616,2026-04-16,P5414,Clothing,2,62.1,15.7,104.7,United States,Digital Wallet
509509,11133,2026-08-02,P8219,Electronics,7,527.33,9.5,3340.64,Pakistan,Cash on Delivery
501086,10118,2026-07-31,P3063,Accessories,5,25.65,20.1,102.47,United States,Digital Wallet
508373,10998,2026-08-04,P9004,Beauty,5,47.74,3.7,229.87,Pakistan,Bank Transfer
507732,10926,2026-08-12,P6579,Sports,4,99.82,13.9,343.78,Pakistan,Cash on Delivery
507515,10899,2026-07-11,P9522,Accessories,2,70.23,6.2,131.75,United States,Bank Transfer
506678,10802,2026-07-16,P8554,,3,74.85,3.5,216.69,United States,Cash on Delivery
504322,10508,2026-07-27,P1461,Sports,2,198.7,22.2,309.18,United Kingdom,Bank Transfer
506946,10833,2026-08-11,P3436,Clothing,5,87.9,11.2,390.28,Pakistan,Cash on Delivery
507747,10927,2026-05-22,P5315,Clothing,5,50.16,15.9,210.92,United Kingdom,Digital Wallet
506772,10817,2026-06-12,P3761,Sports,2,102.4,24.8,154.01,Pakistan,Debit Card
505518,10651,2026-08-13,P7472,Clothing,7,127.48,12.7,779.03,Pakistan,Cash on Delivery
505117,10605,2026-07-21,P8740,Home & Kitchen,4,56.0,6.8,208.77,Pakistan,Digital Wallet
506179,10737,2026-08-04,P6501,Books,4,28.33,10.7,101.19,United States,Debit Card
504709,10563,2026-07-17,P2038,Books,5,41.05,12.6,179.39,Pakistan,Debit Card
508121,10972,2025-10-05,P4238,Accessories,2,105.1,23.2,161.43,Pakistan,Cash on Delivery
505969,10711,2026-05-22,P2859,Accessories,1,94.68,23.9,72.05,United Kingdom,Cash on Delivery
506784,10818,2026-07-27,P9515,Clothing,3,116.32,2.7,339.54,Pakistan,Credit Card
503478,10408,2026-07-20,P2008,Sports,5,172.99,5.7,815.65,Canada,Digital Wallet
508414,11002,2026-02-21,P1063,Electronics,2,600.8,18.2,982.91,United Kingdom,Debit Card
503924,10455,2026-08-03,P7682,Sports,2,49.13,2.7,95.61,United Kingdom,Debit Card
501748,10191,2026-08-14,P4737,Accessories,5,81.0,4.2,387.99,United Kingdom,Cash on Delivery
500732,10077,2026-05-25,P6633,Home & Kitchen,3,77.86,29.4,164.91,Australia,Cash on Delivery
502553,10295,2026-08-12,P4750,Electronics,2,665.79,4.4,1272.99,Pakistan,Cash on Delivery
505458,10644,2026-07-18,P2670,Accessories,5,60.36,23.1,232.08,Pakistan,Credit Card
505873,10702,2026-07-21,P5323,Clothing,3,143.83,1.1,426.74,Pakistan,Credit Card
502662,10310,2026-04-21,P9126,Accessories,2,96.61,14.0,166.17,Pakistan,Debit Card
509398,11119,2026-05-01,P4541,Clothing,2,152.88,24.5,230.85,Canada,Credit Card
506455,10773,2026-07-10,P4769,Accessories,6,63.75,3.4,369.5,Pakistan,Digital Wallet
503113,10370,2026-06-28,P6647,Home & Kitchen,3,161.49,0.2,483.5,United States,Bank Transfer
503303,10385,2026-08-10,P8426,Sports,2,88.6,27.1,129.18,Pakistan,Credit Card
501344,10148,2026-05-01,P1477,Beauty,3,123.58,9.9,334.04,Pakistan,Bank Transfer
501690,10184,2025-12-29,P8095,Accessories,3,45.27,14.8,115.71,Pakistan,Digital Wallet
507180,10861,2026-05-01,P9193,Books,2,12.59,26.8,18.43,United Kingdom,Credit Card
506499,10776,2026-06-18,P4324,Books,4,44.85,5.4,169.71,United Kingdom,Cash on Delivery
503308,10386,2026-07-18,P7180,Electronics,1,564.13,34.5,369.51,Pakistan,Bank Transfer
501504,10165,2026-07-28,P3711,Accessories,4,50.72,13.0,176.51,Pakistan,Digital Wallet
501806,10202,2026-06-19,P5928,Home & Kitchen,5,50.11,5.5,236.77,United Kingdom,Debit Card
508469,11010,2026-05-03,P9937,Sports,2,118.3,17.9,194.25,United States,Credit Card
505369,10635,2026-08-07,P8317,Clothing,5,99.72,3.9,479.15,Pakistan,Cash on Delivery
503791,10440,2026-06-07,P9374,Clothing,6,163.04,2.2,956.72,United States,Bank Transfer
509520,11134,2026-05-12,P3565,Home & Kitchen,2,320.97,24.3,485.95,Pakistan,Debit Card
507329,10881,2026-04-01,P4730,Clothing,4,72.34,13.2,251.16,Pakistan,Bank Transfer
505909,10704,2026-08-07,P2172,Electronics,5,560.03,7.4,2592.94,United Kingdom,Debit Card
506825,10821,2026-06-16,P4896,Beauty,1,38.61,40.8,22.86,Pakistan,Bank Transfer
507263,10875,2026-08-04,P8678,Home & Kitchen,5,47.89,2.0,234.66,United States,Cash on Delivery
501848,10207,2026-06-07,P6003,Beauty,5,142.58,10.3,639.47,Australia,Digital Wallet
504512,10531,2026-05-01,P3512,Beauty,3,141.3,15.1,359.89,United Kingdom,Debit Card
502431,10284,2026-08-02,P5789,Accessories,7,49.51,11.4,307.06,Pakistan,Credit Card
504660,10558,2026-07-18,P6716,Home & Kitchen,3,218.96,14.5,561.63,Canada,Cash on Delivery
508885,11057,2026-05-25,P5914,Electronics,3,615.6,24.0,1403.57,United Kingdom,Digital Wallet
505584,10663,2026-04-23,P2542,Beauty,3,129.62,12.2,341.42,Pakistan,Digital Wallet
500142,10015,2026-07-06,P6014,Beauty,2,141.72,14.4,242.62,Pakistan,Credit Card
508760,11040,2026-07-07,P5297,Clothing,5,128.8,17.8,529.37,Australia,Cash on Delivery
509211,11096,2026-07-23,P6321,Accessories,2,59.09,8.1,108.61,Pakistan,Bank Transfer
505264,10622,2026-05-02,P8986,Books,4,76.98,11.8,271.59,Pakistan,Bank Transfer
503409,10401,2026-06-24,P9124,Electronics,2,145.65,13.7,251.39,United Kingdom,Cash on Delivery
501117,10123,2026-07-27,P4767,Electronics,2,214.06,17.8,351.91,Pakistan,Cash on Delivery
501756,10192,2025-10-20,P9917,Accessories,2,116.1,21.2,182.97,Australia,Credit Card
500497,10057,2026-08-02,P5784,Home & Kitchen,3,35.76,14.0,92.26,Pakistan,Bank Transfer
508031,10961,2026-06-23,P8877,Accessories,7,61.02,6.8,398.09,Pakistan,Digital Wallet
500870,10092,2026-07-07,P2896,Home & Kitchen,3,296.18,35.6,572.22,United States,Digital Wallet
503357,10394,2026-06-08,P7389,Clothing,1,55.55,39.4,33.66,United Kingdom,Bank Transfer
500912,10099,2026-07-10,P1306,Beauty,4,118.15,1.7,464.57,Pakistan,Bank Transfer
500721,10075,2026-08-09,P6660,Accessories,1,10.9,29.9,7.64,United Kingdom,Debit Card
502805,10330,2026-04-19,P6269,Accessories,3,119.07,19.6,287.2,Pakistan,Digital Wallet
509943,11195,2026-07-09,P2556,Beauty,7,66.04,6.5,432.23,Pakistan,Debit Card
500886,10094,2026-06-11,P4071,Home & Kitchen,3,137.51,3.9,396.44,Canada,Credit Card
509592,11147,2026-04-11,P6466,Books,3,51.27,30.4,107.05,Australia,Debit Card
506587,10785,2026-07-22,P5629,Clothing,4,140.78,16.3,471.33,Pakistan,Digital Wallet
508100,10968,2026-05-12,P4942,Electronics,2,692.97,0.1,1384.55,Australia,Bank Transfer
501520,10167,2026-05-04,P2020,Home & Kitchen,3,287.2,10.6,770.27,Pakistan,Debit Card
508689,11035,2026-06-30,P8296,Home & Kitchen,2,40.89,8.1,75.16,Australia,Cash on Delivery
502746,10319,2026-08-11,P4661,Books,3,13.73,23.0,31.72,United Kingdom,Debit Card
506700,10806,2026-06-13,P2194,Accessories,3,49.43,37.0,93.42,United Kingdom,Bank Transfer
505775,10690,2026-04-21,P7219,Sports,1,193.68,17.2,160.37,Canada,Cash on Delivery
500314,10032,2026-06-12,P2487,Clothing,4,35.62,2.2,139.35,Pakistan,Debit Card
501799,10200,2026-07-25,P9421,Accessories,2,100.94,19.9,161.71,Pakistan,Cash on Delivery
500327,10033,2026-07-09,P8329,Home & Kitchen,3,50.22,11.0,134.09,Pakistan,Credit Card
505642,10669,2026-08-01,P5002,Sports,4,135.91,9.0,494.71,Pakistan,Digital Wallet
504204,10487,2026-07-22,P1758,Electronics,4,128.73,13.1,447.47,Pakistan,Credit Card
503129,10370,2026-08-03,P2713,Home & Kitchen,3,143.36,9.2,390.51,United States,Credit Card
506860,10823,2026-07-15,P6420,Home & Kitchen,3,325.8,18.3,798.54,Canada,Bank Transfer
509905,11190,2026-07-16,P1316,Books,2,41.98,40.1,50.29,Canada,Bank Transfer
503968,10459,2026-08-06,P9162,Books,7,8.01,6.1,52.65,Pakistan,Cash on Delivery
505743,10683,2026-07-16,P7206,Beauty,5,133.75,15.2,567.1,Australia,Cash on Delivery
506226,10743,2026-06-15,P8089,Clothing,3,132.26,19.9,317.82,Pakistan,Credit Card
501973,10223,2026-07-09,P5354,Accessories,2,96.33,2.4,188.04,Pakistan,Digital Wallet
500336,10033,2026-08-03,P6738,Electronics,6,438.5,3.9,2528.39,Canada,Credit Card
502764,10322,2026-05-13,P9423,Electronics,1,342.14,20.6,271.66,Canada,Credit Card
507660,10917,2026-06-09,P7002,Accessories,4,29.05,10.6,103.88,United States,Cash on Delivery
500275,10029,2026-02-27,P7658,Home & Kitchen,2,249.9,21.1,394.34,United Kingdom,Cash on Delivery
502985,10348,2026-08-06,P6559,Sports,2,213.54,9.1,388.22,United Kingdom,Debit Card
505646,10670,2026-06-05,P5170,Clothing,5,162.68,20.2,649.09,United Kingdom,Digital Wallet
505849,10699,2026-06-18,P4440,Accessories,2,51.75,16.7,86.22,Canada,Cash on Delivery
503477,10408,2026-07-18,P8552,Accessories,4,34.68,6.5,129.7,Pakistan,Digital Wallet
507558,10902,2026-07-24,P1738,Beauty,4,134.94,11.0,480.39,Pakistan,Credit Card
503558,10418,2026-08-12,P2136,Clothing,1,92.56,24.0,70.35,Canada,Debit Card
502809,10330,2026-07-30,P6513,Clothing,3,55.81,22.9,129.09,Pakistan,Credit Card
509113,11081,2026-08-06,P8841,Books,3,31.32,31.8,64.08,Pakistan,Debit Card
504861,10584,2026-07-27,P6736,Beauty,2,56.21,16.6,93.76,Pakistan,Bank Transfer
506586,10785,2026-07-02,P6204,Books,2,59.24,19.9,94.9,Pakistan,Bank Transfer
503416,10401,2026-07-10,P7309,Sports,7,221.4,7.7,1430.47,United Kingdom,Credit Card
500307,10031,2026-05-08,P5631,Beauty,2,120.5,16.5,201.23,Canada,Digital Wallet
503908,10450,2026-08-13,P4089,Clothing,5,132.94,6.5,621.49,Pakistan,Bank Transfer
500348,10036,2026-06-09,P9547,Beauty,1,33.09,27.0,24.16,Australia,Bank Transfer
500826,10086,2026-07-31,P3415,Clothing,3,167.95,17.5,415.68,Pakistan,Credit Card
509501,11133,2026-07-07,P9539,Accessories,4,57.69,1.8,226.61,United Kingdom,Digital Wallet
504482,10528,2026-08-08,P1055,Clothing,2,57.55,6.3,107.85,Pakistan,Bank Transfer
506576,10784,2026-06-27,P3042,Electronics,4,115.1,17.5,379.83,Pakistan,Cash on Delivery
503682,10431,2026-08-09,P2804,Electronics,4,326.31,13.1,1134.25,Pakistan,Debit Card
505876,10702,2026-07-27,P5364,Electronics,3,320.75,7.3,892.01,United Kingdom,Digital Wallet
508387,10998,2026-08-14,P6305,Home & Kitchen,5,151.88,12.6,663.72,Pakistan,Credit Card
502053,10234,2026-07-07,P3082,Home & Kitchen,2,48.19,21.4,75.75,United Kingdom,Digital Wallet
500071,10009,2026-03-14,P5686,Home & Kitchen,2,211.19,13.6,364.94,Pakistan,Cash on Delivery
505507,10650,2026-07-01,P9884,Sports,1,95.49,13.5,82.6,Pakistan,Credit Card
508514,11014,2026-08-06,P6296,Clothing,5,151.54,14.6,647.08,Pakistan,Bank Transfer
507510,10899,2026-07-04,P4173,Electronics,4,116.42,14.7,397.23,United Kingdom,Digital Wallet
508151,10975,2026-07-05,P9782,Clothing,3,132.26,4.5,378.92,United Kingdom,Bank Transfer
501666,10181,2026-06-14,P9074,Beauty,1,121.22,8.9,110.43,United Kingdom,Bank Transfer
507861,10939,2026-07-29,P4618,Home & Kitchen,4,238.45,10.2,856.51,Canada,Digital Wallet
509159,11088,2026-06-20,P5614,Books,5,9.94,9.1,45.18,United Kingdom,Debit Card
505688,10677,2026-08-05,P6709,Accessories,4,10.79,3.3,41.74,Australia,Bank Transfer
501445,10159,2026-07-21,P3427,Accessories,4,23.52,2.4,91.82,United Kingdom,Digital Wallet
505227,10618,2026-08-12,P6694,Clothing,1,51.64,6.8,48.13,Pakistan,Credit Card
506982,10838,2026-07-21,P7149,Books,4,28.59,7.7,105.55,Pakistan,Digital Wallet
501695,10185,2026-07-13,P9808,Sports,3,184.08,19.2,446.21,Pakistan,Cash on Delivery
502892,10336,2026-08-01,P5989,Beauty,5,129.0,11.4,571.47,United States,Credit Card
501574,10171,2026-06-05,P9542,Home & Kitchen,3,244.33,10.7,654.56,United States,Cash on Delivery
503203,10376,2026-05-29,P1083,Accessories,1,82.48,18.0,67.63,Pakistan,Bank Transfer
504405,10518,2026-06-21,P9453,Electronics,2,171.67,29.8,241.02,United States,Bank Transfer
501630,10178,2026-04-23,P5275,Sports,5,120.13,20.2,479.32,Pakistan,Credit Card
508380,10998,2026-08-07,P9467,Sports,2,202.87,12.1,356.65,Pakistan,Debit Card
501881,10209,2026-08-13,P7504,Home & Kitchen,3,296.47,8.1,817.37,United States,Digital Wallet
508821,11048,2026-08-11,P5266,Sports,2,162.72,12.1,286.06,United Kingdom,Debit Card
506463,10773,2026-07-26,P4291,Clothing,5,142.41,6.5,665.77,Pakistan,Digital Wallet
500848,10090,2026-04-04,P1236,Sports,2,173.46,3.2,335.82,United States,Credit Card
509923,11192,2026-07-16,P7540,Sports,1,159.28,1.0,157.69,Pakistan,Bank Transfer
506188,10738,2026-06-23,P9128,Clothing,3,139.41,22.4,324.55,Australia,Bank Transfer
505869,10702,2026-07-16,P9455,Clothing,7,168.82,13.0,1028.11,Australia,Cash on Delivery
502877,10335,2026-07-28,P5547,Clothing,2,75.8,10.8,135.23,United Kingdom,Debit Card
500186,10020,2026-06-12,P2230,Electronics,2,671.11,7.4,1242.9,Pakistan,Credit Card
503779,10438,2026-02-27,P1746,Sports,1,228.55,22.8,176.44,Australia,Credit Card
501830,10206,2026-08-05,P9643,Electronics,2,324.95,8.3,595.96,Australia,Debit Card
508325,10991,2026-07-31,P8296,Home & Kitchen,1,190.05,44.8,104.91,Canada,Digital Wallet
509241,11099,2026-06-09,P3475,Sports,3,233.89,39.0,428.02,,Cash on Delivery
506378,10764,2026-08-02,P3915,Sports,3,242.08,43.1,413.23,United States,Cash on Delivery
501234,10134,2026-08-01,P8160,Clothing,5,154.54,21.2,608.89,Australia,Bank Transfer
506964,10834,2026-08-02,P1977,Electronics,1,472.66,21.8,369.62,Pakistan,Digital Wallet
503915,10453,2026-05-19,P8169,Clothing,3,166.9,22.4,388.54,Pakistan,Credit Card
500446,10050,2026-07-14,P1946,Books,5,49.14,6.3,230.22,United Kingdom,Credit Card
500844,10089,2026-03-19,P1747,Accessories,1,102.26,17.3,84.57,United Kingdom,Cash on Delivery
508062,10964,2026-07-29,P7054,Clothing,4,76.33,0.4,304.1,Pakistan,Cash on Delivery
505402,10639,2026-06-10,P3216,Home & Kitchen,4,113.7,0.8,451.16,United Kingdom,Bank Transfer
502440,10284,2026-08-14,P8129,Electronics,5,376.5,6.1,1767.67,United Kingdom,Debit Card
503103,10369,2026-08-07,P2024,Electronics,2,599.92,1.9,1177.04,Canada,Digital Wallet
508585,11022,2026-07-19,P4325,Accessories,4,78.81,7.6,291.28,Pakistan,Digital Wallet
506791,10819,2026-06-20,P9518,Sports,5,176.2,4.9,837.83,Canada,Debit Card
505650,10671,2026-07-08,P4892,Clothing,4,80.16,3.8,308.46,United States,Credit Card
501294,10144,2026-04-19,P1109,Accessories,3,51.38,10.4,138.11,United Kingdom,Credit Card
505079,10602,2026-08-05,P8526,Clothing,1,34.18,16.3,28.61,United Kingdom,Digital Wallet
509016,11071,2026-08-02,P1786,Clothing,1,92.23,18.7,74.98,Pakistan,Debit Card
505067,10602,2026-06-20,P5193,Beauty,4,143.77,2.8,558.98,Pakistan,Debit Card
503442,10405,2026-05-06,P6357,Clothing,1,176.6,3.3,170.77,Pakistan,Debit Card
508451,11007,2026-04-02,P3207,Books,1,39.27,16.5,32.79,United States,Debit Card
507273,10875,2026-08-10,P9012,Electronics,4,582.41,5.9,2192.19,Pakistan,Debit Card
506105,10729,2026-06-06,P7843,Accessories,2,92.58,13.7,159.79,Pakistan,Digital Wallet
500776,10080,2026-07-30,P5872,Sports,7,190.82,3.8,1284.98,United Kingdom,Cash on Delivery
509716,11164,2026-07-01,P5706,Home & Kitchen,1,303.19,25.3,226.48,United States,Digital Wallet
502153,10246,2025-08-09,P4786,Electronics,1,395.12,3.2,382.48,Pakistan,Debit Card
504920,10588,2026-08-01,P9438,Accessories,4,82.4,9.0,299.94,Pakistan,Bank Transfer
505360,10633,2026-06-27,P9423,Accessories,3,19.5,9.2,53.12,Pakistan,Cash on Delivery
509735,11166,2026-02-12,P5173,Clothing,3,38.98,27.1,85.25,Pakistan,Bank Transfer
505957,10708,2026-07-27,P7213,Home & Kitchen,2,266.96,30.4,371.61,United Kingdom,Cash on Delivery
508411,11001,2026-08-07,P9705,Beauty,4,144.0,24.0,437.76,United States,Digital Wallet
508432,11004,2026-06-10,P5837,Home & Kitchen,1,83.25,28.2,59.77,Canada,Digital Wallet
503183,10375,2026-07-29,P5430,Home & Kitchen,7,136.24,8.0,877.39,Pakistan,Bank Transfer
506792,10819,2026-06-23,P6868,Home & Kitchen,2,62.91,10.8,112.23,United Kingdom,Digital Wallet
503199,10375,2026-08-15,P2547,Accessories,6,91.11,1.6,537.91,United Kingdom,Bank Transfer
509369,11113,2026-08-13,P6799,Books,4,47.9,16.1,160.75,Pakistan,Debit Card
501289,10143,2026-06-14,P6012,Clothing,2,43.21,22.4,67.06,Pakistan,Bank Transfer
504581,10543,2026-07-07,P5814,Home & Kitchen,4,258.15,7.8,952.06,Canada,Credit Card
506192,10739,2026-06-18,P9054,Books,3,61.27,13.9,158.26,United Kingdom,Cash on Delivery
508935,11067,2026-07-05,P1848,Home & Kitchen,5,196.33,15.5,829.49,United Kingdom,Cash on Delivery
507149,10859,2025-10-13,P4051,Clothing,2,144.43,12.7,252.17,Pakistan,Digital Wallet
509846,11182,2026-05-01,P3354,Clothing,4,97.04,23.5,296.94,Canada,Digital Wallet
504106,10471,2026-08-11,P4793,Accessories,6,87.79,5.1,499.88,Pakistan,Digital Wallet
504126,10473,2026-06-08,P4786,Books,3,70.01,14.4,179.79,Pakistan,Bank Transfer
508300,10988,2026-03-11,P2991,Home & Kitchen,2,318.88,5.8,600.77,Pakistan,Debit Card
503966,10459,2026-08-04,P1760,Clothing,7,40.15,9.4,254.63,United States,Cash on Delivery
501879,10209,2026-08-11,P1180,Sports,5,195.35,5.0,927.91,Pakistan,Debit Card
508496,11014,2026-06-21,P9874,Home & Kitchen,6,111.1,3.3,644.6,United Kingdom,Credit Card
509299,11107,2026-08-04,P9485,Home & Kitchen,4,181.99,12.8,634.78,United States,Debit Card
506348,10762,2026-07-22,P1838,Beauty,5,109.15,8.2,501.0,United Kingdom,Credit Card
503587,10422,2026-07-21,P7964,Clothing,3,108.53,25.5,242.56,Pakistan,Credit Card
507372,10884,2026-07-04,P8467,Beauty,7,45.29,5.1,300.86,United Kingdom,Digital Wallet
503865,10445,2026-07-20,P3543,Electronics,1,665.23,37.3,417.1,Pakistan,Digital Wallet
508487,11012,2025-08-20,P6027,Electronics,2,534.86,8.5,978.79,United States,Digital Wallet
504131,10473,2026-07-04,P9560,Beauty,5,49.96,6.5,233.56,Pakistan,Debit Card
501036,10111,2026-07-02,P5248,Clothing,3,164.94,25.0,371.12,Pakistan,Bank Transfer
500636,10068,2026-05-02,P2203,Home & Kitchen,1,137.62,29.4,97.16,United Kingdom,Bank Transfer
506153,10735,2026-07-29,P7148,Clothing,1,131.61,2.9,127.79,United Kingdom,Digital Wallet
504134,10473,2026-07-08,P7901,Beauty,5,46.06,13.2,199.9,United States,Cash on Delivery
505338,10630,2026-07-25,P7595,Accessories,4,23.24,8.2,85.34,United States,Credit Card
501083,10118,2026-07-27,P8399,Accessories,4,47.65,17.7,156.86,United Kingdom,Digital Wallet
500861,10091,2026-08-12,P6122,Clothing,5,135.46,4.7,645.47,Canada,Digital Wallet
500903,10099,2026-06-03,P5124,Clothing,7,66.94,1.2,462.96,United Kingdom,Credit Card
500191,10021,2026-03-14,P9320,Clothing,1,69.65,20.7,55.23,United States,Credit Card
500109,10012,2026-01-20,P6599,Electronics,2,555.25,7.6,1026.1,Australia,Bank Transfer
504455,10524,2026-05-18,P2797,Clothing,3,72.39,24.4,164.18,United Kingdom,Digital Wallet
501942,10218,2026-03-13,P4214,Electronics,3,368.13,27.7,798.47,Pakistan,Cash on Delivery
505856,10700,2025-12-07,P5712,Sports,1,154.46,20.8,122.33,Pakistan,Credit Card
504331,10510,2026-07-11,P3755,Home & Kitchen,2,196.94,29.9,276.11,United States,Digital Wallet
508541,11017,2026-08-09,P7547,Clothing,4,86.11,20.9,272.45,Canada,Bank Transfer
502040,10231,2026-04-05,P2376,Sports,3,61.96,18.8,150.93,United Kingdom,Debit Card
507331,10881,2026-04-26,P8888,Sports,1,127.07,6.0,119.45,United Kingdom,Debit Card
507317,10880,2026-05-22,P5294,Electronics,3,666.98,6.0,1880.88,Pakistan,Digital Wallet
507779,10931,2026-08-12,P8633,Clothing,4,119.5,10.4,428.29,United States,Cash on Delivery
504659,10558,2026-07-15,P6765,Sports,6,222.34,6.9,1241.99,Pakistan,Debit Card
507313,10879,2026-08-07,P6284,Beauty,3,119.17,9.7,322.83,Pakistan,Digital Wallet
502775,10324,2026-05-31,P5653,Beauty,1,124.35,5.1,118.01,Australia,Digital Wallet
504145,10474,2025-07-10,P6493,Home & Kitchen,2,170.71,0.4,340.05,Pakistan,Digital Wallet
502323,10269,2026-08-02,P6309,Books,5,53.52,1.8,262.78,Australia,Digital Wallet
500762,10079,2026-08-10,P6608,Electronics,1,449.81,9.8,405.73,Pakistan,Credit Card
502617,10304,2026-05-25,P1397,Sports,2,49.07,9.5,88.82,United Kingdom,Debit Card
502411,10283,2026-07-25,P1448,Clothing,4,161.48,0.4,643.34,Pakistan,Bank Transfer
501094,10120,2026-04-28,P6581,Home & Kitchen,2,272.71,18.8,442.88,Australia,Credit Card
506173,10737,2026-07-15,P4928,Home & Kitchen,3,155.76,24.7,351.86,Pakistan,Debit Card
507048,10847,2026-07-01,P4663,Clothing,4,49.59,2.3,193.8,United States,Bank Transfer
509272,11104,2026-01-25,P3693,Beauty,2,100.68,24.9,151.22,Pakistan,Debit Card
503135,10371,2026-06-27,P4689,Beauty,2,50.75,13.4,87.9,United States,Bank Transfer
507787,10934,2026-02-11,P8627,Accessories,1,17.11,23.0,13.17,United Kingdom,Debit Card
505040,10600,2026-07-02,P3377,Books,5,16.03,1.8,78.71,United States,Debit Card
503805,10440,2026-07-22,P9013,Books,6,39.52,11.3,210.33,Pakistan,Bank Transfer
500884,10094,2026-05-30,P4057,Clothing,1,133.64,20.4,106.38,Pakistan,Cash on Delivery
502654,10309,2026-06-11,P8384,Electronics,3,604.27,30.1,1267.15,United Kingdom,Digital Wallet
505921,10705,2026-08-09,P5848,Clothing,3,21.53,11.2,57.36,USA,Bank Transfer
506187,10738,2026-06-14,P8497,Accessories,1,30.4,17.9,24.96,Pakistan,Debit Card
508085,10966,2026-06-21,P6814,Clothing,3,168.67,19.6,406.83,United Kingdom,Credit Card
506742,10812,2026-04-16,P4984,Home & Kitchen,3,239.51,40.3,428.96,Pakistan,Bank Transfer
507626,10910,2026-06-10,P2809,Electronics,3,505.76,9.6,1371.62,Pakistan,Digital Wallet
505680,10676,2025-07-12,P8915,Electronics,3,431.35,17.4,1068.89,Pakistan,Cash on Delivery
507007,10841,2026-08-01,P9037,Sports,2,206.02,9.1,374.54,Pakistan,Credit Card
509686,11162,2026-07-14,P4107,Beauty,2,27.75,7.9,51.12,Canada,Digital Wallet
502202,10254,2026-06-18,P1715,Books,1,73.0,20.2,58.25,Canada,Credit Card
506107,10729,2026-07-09,P6550,Beauty,5,45.37,20.7,179.89,United Kingdom,Cash on Delivery
506417,10769,2026-07-18,P4648,Clothing,3,129.32,21.5,304.55,Canada,Debit Card
501262,10139,2026-07-10,P2292,Sports,3,210.05,1.8,618.81,United Kingdom,Cash on Delivery
508379,10998,2026-08-07,P9011,Clothing,4,94.12,14.1,323.4,Pakistan,Digital Wallet
500975,10102,2026-06-09,P8852,Clothing,2,42.04,7.6,77.69,United Kingdom,Debit Card
505831,10695,2026-08-15,P3441,Home & Kitchen,4,337.28,7.4,1249.29,Pakistan,Bank Transfer
504925,10589,2026-07-26,P1435,Electronics,4,181.26,4.4,693.14,Pakistan,Debit Card
500941,10100,2026-08-07,P6278,Home & Kitchen,5,117.59,5.0,558.55,United States,Credit Card
504723,10564,2026-07-21,P5502,Sports,3,39.66,6.5,111.25,United Kingdom,Cash on Delivery
502387,10280,2026-05-01,P4813,Electronics,2,452.21,44.4,502.86,USA,Cash on Delivery
509728,11165,2026-08-01,P3804,Books,5,18.1,24.5,68.33,United Kingdom,Debit Card
505021,10598,2026-06-15,P3520,Clothing,3,71.81,24.5,162.65,Canada,Cash on Delivery
504391,10517,2026-05-26,P1905,Clothing,3,89.29,6.1,251.53,United Kingdom,Digital Wallet
505148,10608,2026-07-11,P4112,Books,2,12.31,11.9,21.69,Canada,Credit Card
503221,10378,2026-05-21,P6615,Clothing,4,87.67,7.9,322.98,United States,Cash on Delivery
503882,10449,2026-08-02,P7025,Beauty,2,123.64,23.2,189.91,Pakistan,Digital Wallet
509438,11124,2026-07-13,P8609,Home & Kitchen,1,232.58,35.5,150.01,United States,Cash on Delivery
506624,10794,2026-01-28,P6845,Electronics,3,231.74,6.4,650.73,United States,Debit Card
505918,10705,2026-08-06,P3961,Electronics,4,427.94,11.3,1518.33,United States,Bank Transfer
502789,10326,2026-05-14,P5637,Books,2,76.03,41.1,89.56,Pakistan,Bank Transfer
500944,10100,2026-08-10,P4307,Electronics,2,502.55,10.7,897.55,Australia,Bank Transfer
508908,11062,2025-09-19,P6539,Accessories,3,21.69,13.5,56.29,Canada,Bank Transfer
501857,10207,2026-07-24,P2070,Clothing,4,54.2,1.1,214.42,Pakistan,Bank Transfer
509080,11077,2026-08-09,P9099,Home & Kitchen,4,56.19,1.4,221.61,Australia,Digital Wallet
504108,10471,2026-08-12,P2083,Books,3,23.82,7.6,66.03,United States,Cash on Delivery
508513,11014,2026-08-04,P6997,Home & Kitchen,7,271.96,4.7,1814.25,Canada,Digital Wallet
503255,10380,2026-06-02,P4600,Home & Kitchen,1,244.29,12.2,214.49,Pakistan,Debit Card
502690,10312,2026-08-11,P6423,Clothing,6,44.39,15.0,226.39,United States,Cash on Delivery
509512,11133,2026-08-07,P1480,Clothing,6,102.5,7.6,568.26,Pakistan,Debit Card
506961,10834,2026-06-22,P7810,Electronics,3,270.35,2.5,790.77,Pakistan,Bank Transfer
501319,10145,2026-08-11,P8147,Clothing,4,165.3,22.5,512.43,Pakistan,Bank Transfer
508882,11056,2026-07-27,P3095,Beauty,5,24.96,0.1,124.68,Pakistan,Bank Transfer
509880,11188,2026-07-19,P8276,Books,3,49.33,10.6,132.3,United Kingdom,Cash on Delivery
505162,10611,2026-06-22,P5513,Accessories,3,118.76,1.8,349.87,Australia,Debit Card
505829,10695,2026-08-15,P3844,Home & Kitchen,6,56.26,13.8,290.98,Pakistan,Credit Card
507953,10953,2026-04-15,P2874,Home & Kitchen,4,317.53,11.8,1120.25,Pakistan,Digital Wallet
505958,10709,2026-03-20,P7082,Electronics,2,223.38,4.6,426.21,United States,Debit Card
509271,11104,2025-08-09,P3845,Electronics,3,630.79,14.1,1625.55,Pakistan,Cash on Delivery
503475,10408,2026-07-17,P8226,Electronics,5,598.94,12.0,2635.34,United Kingdom,Debit Card
503505,10411,2026-06-25,P9523,Sports,3,152.03,2.9,442.86,Pakistan,Digital Wallet
504749,10567,2026-04-02,P3921,Home & Kitchen,2,310.36,2.6,604.58,Australia,Cash on Delivery
502477,10289,2026-05-10,P1213,Beauty,4,43.54,21.7,136.37,Pakistan,Bank Transfer
509490,11133,2026-06-22,P9021,Sports,6,32.97,8.8,180.41,Australia,Digital Wallet
506615,10791,2026-08-04,P4863,Sports,3,74.17,7.8,205.15,United Kingdom,Debit Card
507413,10889,2026-08-08,P7926,Clothing,7,30.02,11.9,185.13,Pakistan,Credit Card
507586,10907,2026-05-12,P2220,Accessories,3,97.65,23.5,224.11,Pakistan,Debit Card
505344,10631,2026-07-28,P8439,Electronics,3,493.21,24.4,1118.6,United Kingdom,Debit Card
509863,11185,2026-07-25,P4217,Home & Kitchen,6,259.61,3.5,1503.14,Pakistan,Digital Wallet
507111,10855,2026-07-27,P7100,Books,1,65.14,15.5,55.04,United Kingdom,Bank Transfer
501874,10209,2026-08-04,P5447,Accessories,4,17.75,1.6,69.86,Pakistan,Credit Card
508516,11014,2026-08-14,P1662,Home & Kitchen,3,301.94,11.2,804.37,Pakistan,Debit Card
505270,10622,2026-06-08,P2312,Sports,1,166.0,17.8,136.45,Canada,Bank Transfer
505096,10604,2026-07-11,P5200,Sports,6,123.98,14.6,635.27,Pakistan,Cash on Delivery
502904,10336,2026-08-11,P7356,Electronics,7,594.6,7.1,3866.68,United Kingdom,Credit Card
500570,10063,2026-07-13,P6914,Beauty,3,114.13,26.8,250.63,Pakistan,Credit Card
501448,10159,2026-07-24,P5581,Sports,3,233.2,8.6,639.43,United States,Digital Wallet
505964,10709,2026-05-26,P8932,Home & Kitchen,3,347.95,23.9,794.37,United Kingdom,Credit Card
506242,10745,2026-06-06,P4742,Beauty,3,115.95,17.6,286.63,United Kingdom,Debit Card
506347,10762,2026-07-22,P1322,Clothing,3,68.96,0.2,206.47,Australia,Bank Transfer
507874,10941,2026-05-14,P5486,Beauty,3,87.55,20.9,207.76,Pakistan,Debit Card
509816,11178,2026-07-14,P2417,Sports,7,230.84,5.8,1522.16,Pakistan,Debit Card
503226,10378,2026-06-09,P6185,Electronics,4,367.49,12.1,1292.09,Pakistan,Debit Card
509744,11168,2026-06-19,P9126,Electronics,2,314.77,17.4,520.0,Canada,Debit Card
503978,10459,2026-08-13,P2304,Clothing,2,122.16,1.6,240.41,United Kingdom,Bank Transfer
504383,10516,2026-08-12,P3849,Clothing,7,65.43,1.2,452.51,Pakistan,Digital Wallet
507856,10939,2026-07-17,P8390,Accessories,5,63.14,0.9,312.86,United Kingdom,Debit Card
503539,10417,2026-06-20,P2753,Sports,3,173.76,8.0,479.58,United Kingdom,Cash on Delivery
505682,10676,2026-01-27,P1729,Beauty,3,26.91,11.9,71.12,United States,Cash on Delivery
502827,10332,2026-05-03,P3161,Electronics,3,250.52,41.1,442.67,Pakistan,Digital Wallet
507658,10916,2026-03-13,P9799,Beauty,1,49.56,11.2,44.01,Pakistan,Cash on Delivery
504996,10594,2026-06-02,P2924,Electronics,2,471.98,18.1,773.1,United Kingdom,Digital Wallet
501338,10146,2026-08-12,P2681,Sports,3,34.76,13.7,89.99,United Kingdom,Bank Transfer
503262,10380,2026-08-04,P4314,Beauty,4,32.81,10.9,116.93,United Kingdom,Cash on Delivery
506386,10765,2026-08-11,P1707,Accessories,3,116.79,8.1,321.99,United States,Debit Card
507951,10953,2026-04-02,P9170,Accessories,1,74.41,6.1,69.87,United Kingdom,Credit Card
500650,10069,2026-07-24,P2031,Sports,4,69.75,4.5,266.44,United Kingdom,Credit Card
502902,10336,2026-08-11,P1602,Electronics,5,361.78,13.0,1573.74,United States,Credit Card
502258,10260,2026-07-29,P2123,Beauty,5,48.43,5.3,229.32,Canada,Credit Card
507402,10888,2026-07-14,P3939,Books,4,31.92,0.5,127.04,United States,Cash on Delivery
503521,10414,2026-05-25,P3215,Sports,2,171.85,17.7,282.87,United Kingdom,Cash on Delivery
502730,10318,2026-06-25,P1735,Beauty,3,71.14,10.7,190.58,Australia,Cash on Delivery
505496,10649,2026-05-09,P6637,Home & Kitchen,3,211.11,36.1,404.7,Pakistan,Cash on Delivery
504478,10528,2026-07-12,P1328,Electronics,1,351.43,5.8,331.05,United States,Debit Card
501596,10174,2026-04-27,P8310,Beauty,5,83.04,19.2,335.48,United Kingdom,Bank Transfer
507066,10851,2026-07-01,P1173,Clothing,3,75.77,3.2,220.04,United States,Credit Card
502584,10300,2026-08-02,P2921,Sports,4,119.0,12.5,416.5,Australia,Credit Card
505441,10643,2026-04-19,P9358,Clothing,5,152.96,4.0,734.21,United Kingdom,Cash on Delivery
503196,10375,2026-08-12,P7259,Clothing,3,35.98,4.4,103.19,United States,Bank Transfer
508523,11015,2026-06-18,P4311,Clothing,2,26.88,41.4,31.5,Pakistan,Cash on Delivery
507682,10919,2026-07-09,P6498,Home & Kitchen,2,224.27,18.0,367.8,United Kingdom,Cash on Delivery
505376,10635,2026-08-11,P9804,Electronics,3,375.32,13.7,971.7,Pakistan,Digital Wallet
501258,10138,2026-05-25,P5046,Books,1,43.02,30.8,29.77,Pakistan,Bank Transfer
505277,10622,2026-08-14,P5473,Home & Kitchen,3,145.2,11.1,387.25,Pakistan,Credit Card
500991,10104,2026-05-11,P1831,Electronics,3,295.93,20.0,710.23,Pakistan,Bank Transfer
503504,10410,2026-08-14,P8740,Accessories,6,109.77,4.2,630.96,United Kingdom,Digital Wallet
500113,10013,2026-02-19,P7106,Sports,1,55.45,19.5,44.64,United Kingdom,Digital Wallet
500919,10099,2026-07-28,P3925,Electronics,5,146.87,5.2,696.16,United Kingdom,Cash on Delivery
502509,10292,2026-08-07,P4517,Clothing,4,53.34,5.3,202.05,Pakistan,Bank Transfer
509404,11119,2026-08-12,P3453,Clothing,3,62.47,11.8,165.3,Australia,Bank Transfer
500165,10016,2026-08-10,P4968,Sports,3,194.16,23.6,445.01,Pakistan,Cash on Delivery
505263,10622,2026-04-28,P8247,Books,4,37.01,11.6,130.87,Pakistan,Credit Card
504603,10547,2026-08-12,P7355,Electronics,4,100.65,10.5,360.33,United Kingdom,Digital Wallet
500949,10101,2026-06-10,P7176,Accessories,4,15.89,6.4,59.49,United Kingdom,Digital Wallet
504594,10546,2026-07-17,P5693,Books,1,66.35,12.3,58.19,United Kingdom,Bank Transfer
505727,10682,2026-07-22,P3217,Clothing,5,48.18,7.2,223.56,Pakistan,Cash on Delivery
503770,10437,2026-07-24,P7335,Electronics,7,343.69,5.2,2280.73,United Kingdom,Bank Transfer
502506,10291,2026-08-01,P6111,Clothing,7,146.66,2.8,997.87,United Kingdom,Credit Card
505107,10605,2026-07-01,P8549,Books,7,26.79,6.9,174.59,Canada,Bank Transfer
502850,10334,2026-08-05,P1460,Beauty,4,23.57,12.1,82.87,Pakistan,Digital Wallet
506485,10775,2026-05-16,P8709,Sports,1,27.28,38.7,16.72,United Kingdom,Debit Card
505362,10634,2026-03-02,P7856,Clothing,3,133.76,6.3,376.0,Pakistan,Debit Card
507442,10891,2026-07-02,P9890,Home & Kitchen,2,200.4,41.8,233.27,Canada,Digital Wallet
504446,10522,2026-08-05,P3723,Clothing,2,60.51,4.6,115.45,Australia,Credit Card
504460,10525,2026-05-18,P7587,Home & Kitchen,1,99.27,38.4,61.15,Pakistan,Debit Card
509513,11133,2026-08-08,P9395,Sports,6,234.7,7.8,1298.36,United Kingdom,Debit Card
502505,10291,2026-07-31,P5027,Beauty,3,39.84,12.8,104.22,United Kingdom,Cash on Delivery
501114,10123,2026-07-08,P5768,Accessories,4,45.63,22.0,142.37,Pakistan,Debit Card
508397,11000,2026-05-29,P6878,Electronics,2,525.48,24.0,798.73,Canada,Bank Transfer
500298,10030,2026-08-10,P9399,Sports,6,33.95,2.1,199.42,United States,Digital Wallet
501675,10182,2026-07-07,P4680,Accessories,6,53.81,9.5,292.19,Canada,Bank Transfer
503347,10393,2026-07-06,P4865,Beauty,4,58.53,1.1,231.54,Pakistan,Credit Card
502735,10318,2026-08-11,P4511,Sports,3,57.82,0.2,173.11,United States,Debit Card
507819,10937,2026-06-06,P6785,,4,57.58,1.0,228.02,Pakistan,Digital Wallet
504988,10592,2026-07-05,P3364,Beauty,3,112.82,9.0,308.0,United Kingdom,Digital Wallet
509894,11189,2026-04-23,P2610,Books,2,73.96,18.2,121.0,United States,Bank Transfer
505817,10695,2026-07-17,P6717,Sports,5,159.15,7.8,733.68,Pakistan,Debit Card
504325,10509,2025-12-23,P1156,Sports,1,74.51,0.6,74.06,Pakistan,Bank Transfer
506719,10810,2026-06-29,P8826,Clothing,4,45.68,6.0,171.76,United States,Bank Transfer
508786,11043,2026-06-24,P2691,Home & Kitchen,2,242.72,5.5,458.74,Australia,Digital Wallet
504550,10539,2026-04-20,P8728,Home & Kitchen,1,87.96,10.9,78.37,Pakistan,Cash on Delivery
508572,11021,2025-11-08,P4233,Electronics,1,550.03,23.8,419.12,Canada,Digital Wallet
507847,10939,2026-07-03,P6012,Sports,7,83.18,5.1,552.56,United Kingdom,Bank Transfer
502103,10238,2026-08-12,P2947,Clothing,6,61.71,11.0,329.53,Pakistan,Digital Wallet
505813,10694,2026-07-01,P4739,Sports,2,216.51,24.2,328.23,Pakistan,Credit Card
509104,11080,2026-04-11,P1837,Sports,3,140.25,14.0,361.84,Pakistan,Bank Transfer
507453,10893,2026-06-15,P4568,Electronics,2,161.15,27.6,233.35,United States,Digital Wallet
501837,10206,2026-08-08,P3072,Clothing,3,57.22,11.4,152.09,United States,Digital Wallet
507902,10945,2026-05-03,P1303,Books,2,76.06,22.8,117.44,Pakistan,Digital Wallet
508318,10990,2026-08-02,P9166,Sports,3,199.5,42.1,346.53,Canada,Digital Wallet
508723,11038,2026-06-28,P9008,Clothing,1,94.11,22.8,72.65,Pakistan,Digital Wallet
500607,10066,2026-05-20,P1390,Electronics,3,368.11,21.1,871.32,Pakistan,Debit Card
508374,10998,2026-08-04,P9399,Beauty,2,108.6,11.7,191.79,Pakistan,Credit Card
501093,10120,2026-03-13,P1233,Electronics,3,148.54,24.2,337.78,Pakistan,Debit Card
506387,10765,2026-08-11,P3090,Home & Kitchen,7,41.34,7.2,268.54,United States,Debit Card
506505,10776,2026-07-12,P3383,Electronics,7,533.28,3.3,3609.77,United Kingdom,Credit Card
508964,11068,2026-08-03,P6369,Home & Kitchen,3,181.43,9.1,494.76,United Kingdom,Debit Card
504487,10529,2026-07-04,P2635,Sports,3,32.16,2.7,93.88,United Kingdom,Credit Card
500160,10016,2026-07-29,P8686,Books,3,31.31,21.2,74.02,Pakistan,Bank Transfer
500203,10022,2026-07-24,P8246,Home & Kitchen,5,273.14,14.3,1170.4,United States,Cash on Delivery
507040,10846,2026-07-21,P3642,Clothing,3,71.63,13.3,186.31,Pakistan,Cash on Delivery
505893,10704,2026-07-05,P7041,Electronics,6,374.99,10.9,2004.7,Pakistan,Bank Transfer
504933,10589,2026-07-31,P4990,Clothing,5,65.61,2.0,321.49,United Kingdom,Cash on Delivery
502934,10340,2026-07-29,P6237,Electronics,7,154.75,14.7,924.01,United Kingdom,Digital Wallet
507322,10880,2026-06-12,P1881,Home & Kitchen,1,206.32,11.0,183.62,Pakistan,Credit Card
502435,10284,2026-08-11,P9175,Clothing,2,70.53,9.4,127.8,Pakistan,Digital Wallet
501230,10134,2026-05-12,P9548,Accessories,2,105.12,20.3,167.56,Pakistan,Bank Transfer
508675,11034,2026-08-05,P8250,Sports,4,159.96,13.3,554.74,Pakistan,Digital Wallet
503046,10357,2026-08-11,P8086,Home & Kitchen,2,251.63,1.9,493.7,Canada,Bank Transfer
509654,11160,2026-07-23,P5170,Electronics,7,641.74,10.9,4002.53,Pakistan,Bank Transfer
508419,11003,2026-03-04,P5391,Sports,2,25.98,3.8,49.99,Australia,Digital Wallet
507666,10917,2026-07-04,P2775,Home & Kitchen,1,294.75,21.0,232.85,United States,Digital Wallet
506407,10769,2026-06-19,P9266,Electronics,5,162.24,13.0,705.74,Canada,Debit Card
504251,10494,2026-07-25,P5317,Accessories,5,24.29,21.0,95.95,Australia,Digital Wallet
505577,10661,2026-07-14,P6297,Accessories,5,56.57,11.7,249.76,Pakistan,Debit Card
503293,10385,2026-04-09,P8951,Sports,2,174.59,39.6,210.9,United States,Debit Card
504034,10463,2026-01-07,P9920,Clothing,1,81.02,32.5,54.69,Pakistan,Digital Wallet
508112,10969,2026-04-29,P5181,Sports,3,160.73,20.2,384.79,United States,Digital Wallet
504290,10502,2026-07-17,P1923,Clothing,3,65.58,24.9,147.75,Australia,Bank Transfer
504334,10511,2026-03-11,P9066,Beauty,3,124.24,21.5,292.59,Pakistan,Bank Transfer
505931,10705,2026-08-15,P7870,Accessories,3,114.75,9.1,312.92,Australia,Cash on Delivery
503877,10448,2026-05-30,P1243,Clothing,3,23.12,20.9,54.86,United Kingdom,Digital Wallet
505428,10641,2026-08-11,P4380,Books,3,34.46,8.6,94.49,United Kingdom,Debit Card
504753,10567,2026-05-21,P1442,Beauty,2,118.23,16.0,198.63,United Kingdom,Cash on Delivery
504886,10587,2026-07-06,P9451,Electronics,2,403.6,7.9,743.43,United States,Credit Card
500857,10091,2026-07-13,P2059,Home & Kitchen,3,210.06,13.5,545.11,Australia,Cash on Delivery
508233,10983,2026-05-26,P9129,Clothing,6,22.3,5.1,126.98,Pakistan,Digital Wallet
508375,10998,2026-08-04,P3689,Clothing,7,64.62,9.2,410.72,Pakistan,Digital Wallet
502561,10297,2026-05-25,P7848,Accessories,3,24.88,42.8,42.69,United Kingdom,Bank Transfer
503801,10440,2026-07-11,P2456,Electronics,3,500.32,1.3,1481.45,Pakistan,Bank Transfer
502640,10307,2026-06-19,P5720,Home & Kitchen,1,64.4,20.0,51.52,Pakistan,Digital Wallet
509663,11160,2026-08-05,P6280,Clothing,6,158.19,12.6,829.55,Pakistan,Credit Card
504490,10529,2026-07-12,P4048,Sports,2,157.96,9.6,285.59,Australia,Credit Card
502347,10272,2026-05-09,P2259,Home & Kitchen,1,300.52,32.1,204.05,United Kingdom,Bank Transfer
500649,10069,2026-07-22,P5675,Home & Kitchen,4,146.22,1.6,575.52,Australia,Credit Card
502781,10324,2026-07-03,P6986,Home & Kitchen,3,222.57,14.3,572.23,Australia,Bank Transfer
505652,10671,2026-08-07,P9648,Books,1,72.15,11.3,64.0,United States,Cash on Delivery
508543,11018,2026-06-01,P8015,Accessories,3,30.93,5.4,87.78,Pakistan,Debit Card
508677,11034,2026-08-08,P3515,Electronics,4,527.49,5.8,1987.58,Pakistan,Bank Transfer
506433,10771,2026-07-21,P5614,Sports,4,132.41,4.7,504.75,Pakistan,Digital Wallet
500615,10067,2026-07-03,P2550,Clothing,5,66.77,7.4,309.15,Canada,Cash on Delivery
508448,11006,2026-03-14,P6246,Home & Kitchen,3,283.98,7.5,788.04,Canada,Bank Transfer
502575,10298,2026-08-02,P4918,Beauty,3,141.93,21.8,332.97,Pakistan,Cash on Delivery
500053,10006,2026-08-11,P8982,Accessories,2,23.05,17.1,38.22,United Kingdom,Debit Card
503340,10390,2026-08-10,P2589,Home & Kitchen,1,149.96,23.9,114.12,Pakistan,Credit Card
507037,10846,2026-05-04,P9332,Clothing,1,66.13,13.0,57.53,Pakistan,Bank Transfer
501705,10187,2026-06-17,P3352,Clothing,1,149.76,21.3,117.86,Pakistan,Cash on Delivery
509060,11074,2026-07-28,P2640,Sports,2,138.54,4.4,264.89,United States,Debit Card
509352,11112,2026-05-26,P9621,Beauty,5,59.33,18.4,242.07,Pakistan,Credit Card
501493,10165,2026-07-06,P7854,Accessories,5,42.76,4.2,204.82,Canada,Credit Card
509963,11197,2026-02-23,P8977,Electronics,3,89.31,10.9,238.73,Pakistan,Cash on Delivery
505632,10668,2026-07-04,P5076,Electronics,4,158.34,3.4,611.83,Pakistan,Debit Card
500803,10084,2026-08-03,P1324,Home & Kitchen,2,249.96,0.7,496.42,Pakistan,Digital Wallet
504953,10590,2026-04-01,P8571,Clothing,4,178.99,7.4,662.98,Pakistan,Credit Card
506933,10832,2026-02-16,P4783,Accessories,2,43.88,15.3,74.33,Pakistan,Debit Card
507104,10855,2026-06-27,P8552,Electronics,5,552.06,24.9,2072.99,Pakistan,Digital Wallet
500990,10104,2026-01-01,P4090,Clothing,2,123.8,0.6,246.11,Pakistan,Digital Wallet
502774,10324,2026-05-12,P9967,Beauty,4,125.28,1.3,494.61,United Kingdom,Bank Transfer
507470,10894,2026-08-13,P1224,Accessories,4,116.61,3.6,449.65,Pakistan,Digital Wallet
506419,10769,2026-08-09,P5043,Clothing,1,176.79,9.7,159.64,United Kingdom,Cash on Delivery
503513,10411,2026-08-09,P8806,Home & Kitchen,4,251.85,14.7,859.31,United States,Credit Card
505478,10645,2026-07-31,P6405,Sports,6,145.04,6.6,812.8,Australia,Digital Wallet
508400,11000,2026-07-23,P1280,Home & Kitchen,1,119.71,6.9,111.45,Pakistan,Debit Card
500219,10023,2026-07-27,P4518,Beauty,4,31.75,19.1,102.74,United Kingdom,Digital Wallet
506969,10835,2026-05-27,P9044,Clothing,1,28.99,24.6,21.86,Pakistan,Bank Transfer
501288,10143,2026-05-17,P5758,Beauty,2,39.1,8.6,71.47,Pakistan,Debit Card
503163,10373,2026-07-22,P3725,Beauty,4,142.89,8.1,525.26,United States,Bank Transfer
504678,10560,2025-12-23,P2223,Clothing,3,154.96,14.9,395.61,Pakistan,Cash on Delivery
502618,10305,2026-05-06,P6393,Home & Kitchen,1,129.21,16.2,108.28,Australia,Digital Wallet
503612,10423,2026-08-08,P1029,Clothing,2,40.7,4.8,77.49,United Kingdom,Credit Card
500043,10006,2026-07-13,P8409,Clothing,3,22.43,23.3,51.61,Canada,Cash on Delivery
508094,10967,2026-08-01,P6554,Clothing,2,64.3,20.4,102.37,Canada,Credit Card
508372,10998,2026-08-04,P3207,Clothing,6,143.44,1.7,846.01,Australia,Debit Card
503792,10440,2026-06-07,P7404,Electronics,5,517.62,5.4,2448.34,Pakistan,Digital Wallet
503571,10421,2026-01-12,P6611,Electronics,1,314.71,25.8,233.51,United Kingdom,Cash on Delivery
509980,11200,2026-05-30,P8414,Sports,4,98.26,1.9,385.57,Pakistan,Bank Transfer
501503,10165,2026-07-26,P2709,Electronics,3,110.28,0.6,328.85,Pakistan,Bank Transfer
505556,10657,2026-05-01,P7923,Clothing,2,127.69,24.5,192.81,Pakistan,Credit Card
509830,11179,2026-06-08,P6418,Accessories,1,90.89,26.3,66.99,Canada,Cash on Delivery
503439,10404,2026-07-28,P6347,Sports,3,206.91,20.7,492.24,Pakistan,Credit Card
501892,10211,2026-06-15,P1316,Electronics,2,386.27,22.6,597.95,United States,Bank Transfer
509323,11110,2026-05-12,P6728,Books,2,63.47,13.6,109.68,Canada,Debit Card
505255,10620,2026-08-02,P4355,Accessories,1,48.39,23.2,37.16,Pakistan,Cash on Delivery
501955,10220,2026-06-15,P8304,Beauty,3,89.72,36.9,169.84,United Kingdom,Bank Transfer
505167,10611,2026-07-20,P1085,Beauty,2,85.21,10.3,152.87,Canada,Debit Card
504814,10577,2026-07-28,P4039,Books,7,51.39,8.6,328.79,Pakistan,Cash on Delivery
506264,10750,2026-05-16,P5067,Sports,2,169.02,22.7,261.3,Pakistan,Bank Transfer
501505,10165,2026-08-01,P6760,Clothing,4,44.39,9.9,159.98,United States,Credit Card
500670,10070,2026-04-06,P6067,Beauty,1,18.83,0.5,18.74,United Kingdom,Digital Wallet
508907,11061,2026-04-09,P4744,Electronics,2,366.92,16.1,615.69,Pakistan,Bank Transfer
507055,10847,2026-08-09,P7499,Sports,3,73.78,9.2,200.98,United States,Debit Card
500897,10096,2026-05-10,P6886,Books,1,30.42,2.6,29.63,Pakistan,Bank Transfer
506178,10737,2026-07-29,P4680,Clothing,4,144.29,2.2,564.46,Australia,Debit Card
502666,10310,2026-06-03,P7303,Electronics,3,634.86,13.6,1645.56,Pakistan,Debit Card
503193,10375,2026-08-11,P7173,Clothing,6,159.4,6.2,897.1,United Kingdom,Bank Transfer
502890,10336,2026-07-31,P6048,Beauty,4,66.02,2.6,257.21,Pakistan,Cash on Delivery
507773,10931,2026-07-23,P3700,Beauty,4,117.49,6.4,439.88,Pakistan,Credit Card
502621,10305,2026-05-28,P7958,Sports,3,79.64,37.2,150.04,Pakistan,Credit Card
506008,10719,2026-06-18,P2667,Clothing,2,78.57,4.0,150.85,Pakistan,Debit Card
505956,10708,2026-07-06,P5008,Electronics,1,244.71,37.5,152.94,Pakistan,Digital Wallet
500002,10001,2026-07-15,P5529,Clothing,2,132.82,16.7,221.28,Canada,Debit Card
502370,10277,2026-07-12,P4844,Home & Kitchen,3,267.46,40.8,475.01,United Kingdom,Debit Card
507914,10946,2026-08-08,P8006,Books,3,28.25,8.2,77.8,Australia,Debit Card
501769,10196,2026-05-05,P9777,Sports,2,149.89,16.0,251.82,Canada,Cash on Delivery
508506,11014,2026-07-17,P6977,Beauty,4,72.93,13.9,251.17,Pakistan,Cash on Delivery
506025,10721,2025-11-20,P8236,Accessories,1,80.06,4.1,76.78,Australia,Digital Wallet
500531,10060,2026-07-14,P5939,Accessories,1,98.18,10.8,87.58,Pakistan,Credit Card
508724,11038,2026-07-02,P8670,Electronics,2,401.7,31.0,554.35,Pakistan,Credit Card
508649,11031,2026-08-04,P5931,Accessories,7,92.11,1.2,637.03,United States,Bank Transfer
507873,10941,2026-05-01,P3301,Sports,1,131.72,9.4,119.34,Pakistan,Bank Transfer
508890,11057,2026-07-07,P5254,Books,3,43.42,20.2,103.95,United States,Cash on Delivery
503120,10370,2026-07-18,P7816,Clothing,7,157.36,3.7,1060.76,United Kingdom,Bank Transfer
509022,11072,2026-07-05,P7252,Beauty,1,52.93,6.3,49.6,Pakistan,Credit Card
500731,10077,2026-05-12,P9651,Home & Kitchen,1,55.59,32.7,37.41,United Kingdom,Debit Card
503406,10400,2026-05-29,P2129,Home & Kitchen,1,259.69,35.4,167.76,Australia,Credit Card
502339,10270,2026-08-11,P4166,Home & Kitchen,5,168.22,14.5,719.14,Canada,Credit Card
505967,10710,2026-04-30,P3851,Home & Kitchen,2,156.79,18.6,255.25,Pakistan,Bank Transfer
506580,10785,2026-04-20,P7437,Electronics,4,549.1,17.4,1814.23,Pakistan,Bank Transfer
502565,10297,2026-07-05,P3470,Books,3,75.89,30.0,159.37,Australia,Digital Wallet
507726,10926,2026-08-10,P2358,Books,3,21.28,9.7,57.65,Canada,Credit Card
507820,10937,2026-06-12,P6214,Home & Kitchen,6,125.23,8.0,691.27,Pakistan,Debit Card
506713,10810,2026-06-19,P3386,Clothing,5,58.88,4.1,282.33,Pakistan,Digital Wallet
506995,10839,2026-07-11,P7835,Home & Kitchen,3,200.7,22.8,464.82,Pakistan,Cash on Delivery
506942,10833,2026-08-10,P4347,Clothing,6,108.2,6.7,605.7,United States,Bank Transfer
507794,10935,2026-06-10,P4059,Accessories,4,15.99,0.5,63.64,Pakistan,Credit Card
508975,11069,2026-04-28,P8255,Books,3,73.23,21.5,172.46,Pakistan,Credit Card
501255,10138,2026-03-13,P1684,Clothing,1,72.94,34.6,47.7,Pakistan,Digital Wallet
502104,10238,2026-08-14,P8704,Electronics,4,330.85,14.4,1132.83,Pakistan,Debit Card
506734,10811,2026-02-19,P4113,Clothing,2,144.62,8.9,263.5,United Kingdom,Bank Transfer
509778,11172,2025-09-06,P1893,Accessories,1,93.03,5.9,87.54,Canada,Credit Card
506224,10743,2026-05-29,P5601,Clothing,2,154.02,18.2,251.98,Pakistan,Cash on Delivery
509150,11087,2026-06-14,P1735,Clothing,1,72.75,17.0,60.38,Australia,Bank Transfer
504994,10593,2026-07-18,P2558,Home & Kitchen,5,90.31,2.0,442.52,Australia,Credit Card
508969,11068,2026-08-13,P4944,Beauty,2,50.13,2.8,97.45,Pakistan,Bank Transfer
506839,10822,2026-08-07,P2257,Electronics,6,422.84,12.4,2222.45,Pakistan,Credit Card
505057,10601,2026-04-17,P8892,Electronics,5,356.9,23.9,1358.0,Australia,Credit Card
505846,10699,2026-05-08,P3831,Beauty,3,86.48,15.4,219.49,Pakistan,Digital Wallet
504434,10521,2026-07-21,P5686,Home & Kitchen,1,335.48,11.2,297.91,United Kingdom,Cash on Delivery
503484,10408,2026-08-07,P3983,Electronics,5,215.09,5.3,1018.45,United States,Debit Card
509493,11133,2026-06-27,P2158,Clothing,7,106.18,6.9,691.98,United Kingdom,Credit Card
505318,10628,2026-07-21,P6124,Home & Kitchen,1,224.84,19.2,181.67,United States,Credit Card
503816,10441,2026-05-23,P7570,Accessories,4,51.08,9.3,185.32,United Kingdom,Credit Card
505729,10682,2026-07-25,P3627,Accessories,5,114.45,11.1,508.73,United Kingdom,Bank Transfer
508903,11060,2026-07-11,P5020,Accessories,1,111.85,12.8,97.53,Canada,Digital Wallet
507840,10938,2025-12-23,P8439,Beauty,3,113.84,10.0,307.37,United Kingdom,Digital Wallet
509889,11188,2026-08-11,P1574,Electronics,5,253.49,5.2,1201.54,Pakistan,Debit Card
501621,10176,2026-07-21,P8097,Beauty,1,90.55,4.4,86.57,United States,Bank Transfer
509423,11120,2026-08-04,P3552,Clothing,3,121.88,5.6,345.16,United States,Credit Card
506307,10755,2026-06-23,P8493,Accessories,3,65.97,8.4,181.29,Pakistan,Cash on Delivery
509304,11107,2026-08-11,P5327,Electronics,4,143.33,1.2,566.44,United Kingdom,Digital Wallet
508902,11060,2026-06-23,P5996,Accessories,3,12.19,14.8,31.16,Pakistan,Debit Card
501096,10121,2026-03-26,P3612,Clothing,1,88.07,26.4,64.82,Pakistan,Debit Card
508057,10964,2026-07-16,P4909,Clothing,3,72.47,8.0,200.02,Canada,Cash on Delivery
509481,11131,2026-05-23,P4991,Beauty,1,120.34,35.0,78.22,United Kingdom,Digital Wallet
502463,10286,2026-08-05,P3817,Electronics,4,546.09,14.6,1865.44,United Kingdom,Cash on Delivery
508289,10985,2026-06-26,P7873,Clothing,3,135.28,44.0,227.27,United Kingdom,Cash on Delivery
501788,10198,2026-01-23,P6898,Sports,2,118.0,5.2,223.73,Pakistan,Credit Card
500250,10027,2026-05-08,P7468,Home & Kitchen,4,102.79,1.9,403.35,Pakistan,Debit Card
509926,11193,2026-05-18,P2313,Clothing,5,60.57,14.7,258.33,Pakistan,Bank Transfer
506191,10739,2026-06-11,P9600,Clothing,3,25.5,20.5,60.82,United Kingdom,Bank Transfer
509650,11160,2026-07-16,P6476,Sports,2,108.83,9.7,196.55,Australia,Digital Wallet
500192,10021,2026-03-28,P6398,Electronics,2,419.17,19.8,672.35,Pakistan,Credit Card
500820,10085,2026-05-04,P3228,Beauty,3,133.34,16.6,333.62,Pakistan,Digital Wallet
509627,11156,2026-03-09,P7309,Sports,2,69.7,37.3,87.4,Pakistan,Bank Transfer
505714,10680,2025-11-21,P1091,Clothing,3,78.52,17.7,193.87,Pakistan,Digital Wallet
507195,10867,2026-04-10,P4423,Clothing,1,124.38,11.6,109.95,United Kingdom,Bank Transfer
505715,10680,2025-12-05,P9139,Sports,3,230.86,16.4,579.0,Pakistan,Debit Card
504400,10517,2026-07-16,P7630,Beauty,5,148.1,1.4,730.13,Pakistan,Bank Transfer
509290,11106,2026-07-24,P4132,Beauty,5,61.16,9.8,275.83,Pakistan,Digital Wallet
505388,10638,2026-07-13,P5896,Clothing,2,177.82,7.2,330.03,Australia,Bank Transfer
504166,10477,2026-08-02,P1641,Accessories,5,23.93,4.0,114.86,Pakistan,Digital Wallet
504951,10589,2026-08-15,P1888,Sports,6,173.74,9.8,940.28,United Kingdom,Digital Wallet
502687,10312,2026-08-05,P8700,Sports,4,247.41,8.6,904.53,Canada,Cash on Delivery
504390,10517,2026-05-25,P6794,Home & Kitchen,4,216.0,23.8,658.37,United States,Debit Card
505860,10701,2026-05-03,P3279,Clothing,3,123.06,14.0,317.49,Pakistan,Credit Card
505981,10714,2025-11-18,P5976,Sports,3,51.36,12.3,135.13,Pakistan,Bank Transfer
504927,10589,2026-07-27,P7072,Electronics,7,642.54,12.6,3931.06,United Kingdom,Digital Wallet
506735,10811,2026-03-01,P5399,Books,1,74.45,8.0,68.49,Canada,Cash on Delivery
502607,10301,2026-08-03,P3975,Books,5,43.12,12.8,188.0,Pakistan,Bank Transfer
507466,10894,2026-08-09,P9120,Clothing,5,116.93,19.1,472.98,Australia,Bank Transfer
500238,10025,2026-05-20,P9447,Books,2,66.22,0.9,131.25,Pakistan,Digital Wallet
504015,10461,2026-06-26,P8522,Sports,5,148.05,11.5,655.12,Australia,Digital Wallet
509262,11101,2026-08-15,P7851,Clothing,3,131.66,4.0,379.18,Pakistan,Credit Card
502977,10348,2026-07-22,P4914,Accessories,2,69.06,13.7,119.2,Pakistan,Bank Transfer
505712,10679,2026-02-28,P1743,Electronics,2,452.84,1.4,893.0,United States,Credit Card
509856,11185,2026-06-16,P9956,Home & Kitchen,4,329.78,1.6,1298.01,Pakistan,Debit Card
505473,10645,2026-07-26,P2114,Clothing,3,166.94,10.7,447.23,United Kingdom,Credit Card
500945,10100,2026-08-14,P5537,Home & Kitchen,3,157.34,5.4,446.53,Canada,Cash on Delivery
508251,10983,2026-08-10,P3816,Beauty,3,58.74,8.1,161.95,United States,Debit Card
507681,10919,2026-05-29,P4211,Books,1,73.96,37.4,46.3,United Kingdom,Cash on Delivery
505097,10604,2026-07-15,P5854,Home & Kitchen,2,83.16,9.0,151.35,Pakistan,Credit Card
506805,10819,2026-07-22,P2939,Beauty,3,60.84,3.5,176.13,Pakistan,Credit Card
505803,10692,2026-05-10,P5138,Books,2,25.4,22.4,39.42,United States,Credit Card
503552,10418,2026-07-16,P2176,Sports,3,179.59,16.7,448.8,Pakistan,Debit Card
509969,11199,2026-04-01,P7565,Accessories,1,96.29,20.2,76.84,Pakistan,Credit Card
503360,10394,2026-07-15,P6083,Home & Kitchen,3,289.64,28.0,625.62,Pakistan,Cash on Delivery
508249,10983,2026-08-04,P5124,Beauty,3,68.69,7.7,190.2,United Kingdom,Debit Card
502410,10283,2026-06-29,P2283,Beauty,1,117.82,22.1,91.78,Pakistan,Digital Wallet
504507,10530,2026-03-30,P1021,Electronics,1,87.15,7.5,80.61,Pakistan,Cash on Delivery
508462,11009,2026-04-03,P2596,Electronics,5,434.65,8.4,1990.7,Canada,Credit Card
503982,10460,2026-07-12,P5687,Sports,5,122.43,5.4,579.09,Canada,Debit Card
500146,10015,2026-07-28,P3597,Home & Kitchen,2,122.22,10.4,219.02,Australia,Digital Wallet
506648,10798,2026-06-23,P2277,Accessories,1,87.9,21.8,68.74,United States,Digital Wallet
502294,10263,2026-08-15,P7905,Clothing,5,102.57,9.8,462.59,United States,Bank Transfer
502253,10260,2026-07-22,P6334,Accessories,3,45.47,0.4,135.86,Australia,Debit Card
503611,10423,2026-08-06,P2256,Beauty,7,139.79,14.5,836.64,Pakistan,Credit Card
505353,10632,2026-02-19,P8552,Books,1,14.44,11.7,12.75,United Kingdom,Bank Transfer
501736,10191,2026-08-11,P7040,Books,2,51.8,5.9,97.49,Australia,Credit Card
507915,10946,2026-08-09,P5100,Beauty,7,136.46,5.6,901.73,Australia,Credit Card
507659,10916,2026-07-11,P8499,Electronics,2,659.98,2.1,1292.24,Pakistan,Bank Transfer
500114,10013,2026-03-06,P9693,Clothing,1,40.29,35.3,26.07,Pakistan,Bank Transfer
508860,11054,2026-04-13,P6541,Electronics,1,438.85,41.7,255.85,Pakistan,Digital Wallet
505649,10671,2026-06-28,P5482,Sports,4,151.95,13.0,528.79,Pakistan,Cash on Delivery
509844,11181,2026-01-25,P7943,Books,1,67.99,10.8,60.65,Pakistan,Credit Card
500498,10057,2026-08-03,P9338,Books,4,17.76,13.2,61.66,United Kingdom,Cash on Delivery
507822,10937,2026-06-30,P4671,Clothing,5,153.15,3.8,736.65,Pakistan,Bank Transfer
500720,10075,2026-07-30,P2058,Home & Kitchen,3,201.89,26.8,443.35,Australia,Debit Card
507258,10874,2026-05-17,P8398,Home & Kitchen,1,342.52,13.3,296.96,Pakistan,Digital Wallet
508843,11050,2026-07-31,P3590,Electronics,7,325.04,14.2,1952.19,Pakistan,Digital Wallet
505730,10682,2026-07-28,P1227,Accessories,1,88.56,14.3,75.9,Canada,Credit Card
503089,10367,2026-02-06,P6494,Electronics,3,548.62,21.6,1290.35,Pakistan,Cash on Delivery
507226,10871,2026-03-28,P2237,Home & Kitchen,5,67.08,4.1,321.65,Australia,Cash on Delivery
507306,10879,2026-07-15,P5944,Electronics,5,479.34,6.6,2238.52,United Kingdom,Debit Card
506508,10776,2026-07-19,P4852,Home & Kitchen,7,320.27,0.9,2221.71,Pakistan,Digital Wallet
500596,10065,2026-07-30,P4574,Clothing,1,95.2,7.5,88.06,Australia,Cash on Delivery
509092,11079,2026-06-19,P8286,Clothing,4,120.9,23.0,372.37,Pakistan,Credit Card
506095,10728,2026-06-27,P9483,Clothing,1,23.14,21.5,18.16,Pakistan,Cash on Delivery
506053,10724,2026-05-21,P4825,Books,3,17.34,34.0,34.33,United States,Bank Transfer
505164,10611,2026-06-28,P7643,Electronics,5,691.67,2.9,3358.06,Pakistan,Debit Card
501647,10180,2026-07-11,P5939,Sports,2,184.14,10.7,328.87,United Kingdom,Cash on Delivery
508167,10976,2026-05-16,P1303,Home & Kitchen,3,189.24,1.8,557.5,United Kingdom,Credit Card
506920,10829,2026-07-29,P8293,Books,3,75.43,37.3,141.88,United States,Bank Transfer
502700,10313,2026-08-09,P3923,Beauty,7,121.3,11.6,750.6,Australia,Digital Wallet
508203,10979,2026-06-11,P2915,Clothing,2,37.16,17.5,61.31,Pakistan,Bank Transfer
501700,10185,2026-08-13,P4522,Home & Kitchen,1,294.27,16.6,245.42,Australia,Credit Card
508943,11067,2026-08-03,P9604,Clothing,5,168.35,17.8,691.92,United Kingdom,Digital Wallet
505404,10639,2026-06-27,P9718,Sports,4,102.72,11.7,362.81,Canada,Digital Wallet
507219,10869,2025-12-18,P2120,Clothing,1,45.96,20.3,36.63,Pakistan,Digital Wallet
507502,10899,2026-06-10,P6667,Home & Kitchen,7,302.96,3.9,2038.01,Pakistan,Credit Card
502942,10341,2026-07-24,P2390,Electronics,1,317.33,21.7,248.47,Pakistan,Cash on Delivery
506301,10755,2026-05-23,P6770,Books,4,24.11,1.9,94.61,United Kingdom,Cash on Delivery
500086,10011,2026-08-12,P6543,Sports,3,50.52,2.8,147.32,United Kingdom,Bank Transfer
502308,10268,2025-12-28,P4978,Electronics,1,114.65,44.2,63.97,Canada,Bank Transfer
502677,10311,2026-05-08,P9511,Home & Kitchen,3,133.93,4.8,382.5,United States,Digital Wallet
508216,10981,2026-06-17,P2733,Home & Kitchen,3,339.11,21.9,794.53,Pakistan,Credit Card
507729,10926,2026-08-12,P6255,Sports,2,206.93,3.1,401.03,United Kingdom,Credit Card
502594,10300,2026-08-12,P8046,Electronics,3,598.22,0.8,1780.3,Pakistan,Bank Transfer
505884,10702,2026-08-12,P6467,Clothing,6,91.12,9.3,495.88,United States,Digital Wallet
501029,10110,2026-08-11,P6605,Clothing,2,102.3,8.1,188.03,United States,Bank Transfer
500136,10014,2026-08-10,P5270,Clothing,2,28.16,19.9,45.11,United States,Digital Wallet
506831,10822,2026-08-02,P3327,Clothing,6,91.15,1.6,538.15,United Kingdom,Cash on Delivery
507814,10936,2026-07-20,P6868,Books,3,28.56,6.8,79.85,Pakistan,Credit Card
502854,10334,2026-08-09,P6161,Electronics,2,324.93,13.4,562.78,Pakistan,Cash on Delivery
504409,10518,2026-07-31,P5617,Accessories,2,94.89,43.3,107.61,Australia,Credit Card
501200,10132,2026-05-12,P7609,Books,3,62.72,11.3,166.9,United Kingdom,Cash on Delivery
504717,10564,2026-07-14,P3173,Home & Kitchen,5,104.02,1.4,512.82,United Kingdom,Bank Transfer
509517,11134,2026-04-15,P4700,Electronics,4,251.29,7.6,928.77,Pakistan,Debit Card
506594,10788,2026-03-23,P9634,Sports,2,125.45,6.2,235.34,Pakistan,Digital Wallet
500566,10063,2026-06-30,P5268,Home & Kitchen,1,241.83,33.9,159.85,Pakistan,Credit Card
507328,10881,2026-03-21,P9583,Sports,4,66.02,1.5,260.12,Pakistan,Credit Card
505430,10641,2026-08-13,P7446,Home & Kitchen,4,202.62,8.6,740.78,Pakistan,Debit Card
503927,10455,2026-08-07,P3735,Accessories,2,72.2,12.5,126.35,United States,Digital Wallet
506055,10724,2026-06-22,P6045,Clothing,3,121.84,21.7,286.2,United Kingdom,Bank Transfer
507589,10907,2026-06-01,P8133,Sports,3,56.66,17.5,140.23,United States,Digital Wallet
507122,10856,2026-06-20,P1927,Sports,5,113.74,21.6,445.86,United Kingdom,Cash on Delivery
506572,10784,2026-06-15,P9874,Accessories,1,53.62,8.3,49.17,Canada,Credit Card
506535,10778,2026-03-15,P1826,Beauty,1,140.08,23.4,107.3,Pakistan,Credit Card
508913,11063,2026-03-02,P5307,Home & Kitchen,2,328.84,21.7,514.96,United States,Bank Transfer
508275,10984,2026-08-04,P3537,Home & Kitchen,2,47.78,3.0,92.69,United States,Bank Transfer
502330,10270,2026-07-20,P4518,Clothing,4,64.63,3.4,249.73,Pakistan,Credit Card
503515,10412,2025-12-18,P9356,Beauty,2,44.47,6.9,82.8,United Kingdom,Bank Transfer
502187,10252,2026-05-20,P7446,Home & Kitchen,1,338.96,15.9,285.07,United States,Credit Card
500195,10022,2026-07-08,P5078,Books,6,57.59,5.7,325.84,Pakistan,Debit Card
507257,10874,2026-02-12,P1700,Beauty,3,116.03,5.1,330.34,United Kingdom,Cash on Delivery
505666,10673,2026-07-26,P1577,Home & Kitchen,2,337.63,6.2,633.39,Australia,Bank Transfer
505059,10601,2026-04-27,P4873,Electronics,2,218.21,10.2,391.91,Pakistan,Bank Transfer
500802,10084,2026-08-03,P2756,Books,7,62.53,2.5,426.77,United States,Bank Transfer
508848,11051,2025-07-31,P9105,Clothing,2,149.39,0.1,298.48,Australia,Digital Wallet
509928,11193,2026-06-16,P5541,Electronics,5,99.89,7.8,460.49,Pakistan,Digital Wallet
502068,10235,2026-08-10,P8248,Home & Kitchen,2,143.02,14.2,245.42,Pakistan,Bank Transfer
509082,11077,2026-08-10,P1073,Home & Kitchen,5,226.94,5.2,1075.7,United States,Debit Card
508744,11039,2026-07-26,P2653,Electronics,7,580.1,10.0,3654.63,Canada,Bank Transfer
500644,10069,2026-07-15,P1264,Beauty,7,90.76,5.6,599.74,United States,Digital Wallet
509374,11115,2026-06-07,P7658,Clothing,2,49.75,21.3,78.31,Pakistan,Cash on Delivery
505103,10604,2026-07-30,P2080,Home & Kitchen,3,213.04,11.0,568.82,Pakistan,Debit Card
505460,10644,2026-08-01,P6553,Clothing,5,131.56,2.4,642.01,United States,Cash on Delivery
501637,10179,2025-07-14,P8347,Home & Kitchen,2,316.17,8.1,581.12,United States,Digital Wallet
500120,10013,2026-05-25,P8933,Clothing,2,178.04,20.3,283.8,United States,Cash on Delivery
502981,10348,2026-07-28,P9141,Electronics,7,443.61,8.9,2828.9,United Kingdom,Debit Card
505069,10602,2026-07-02,P2572,Beauty,5,21.36,2.1,104.56,Pakistan,Cash on Delivery
503074,10362,2026-06-07,P5734,Accessories,3,35.62,8.4,97.88,Pakistan,Debit Card
508927,11066,2026-07-12,P3842,Clothing,1,175.58,37.3,110.09,Canada,Digital Wallet
503278,10381,2026-07-27,P9054,Electronics,6,351.07,3.0,2043.23,Pakistan,Debit Card
502135,10244,2026-07-29,P6494,Accessories,2,20.24,1.6,39.83,Canada,Debit Card
508941,11067,2026-07-24,P8976,Clothing,1,136.34,15.4,115.34,United States,Cash on Delivery
504970,10591,2026-08-08,P4035,Clothing,2,92.78,12.0,163.29,Pakistan,Digital Wallet
506195,10739,2026-07-26,P7064,Clothing,2,178.41,3.3,345.04,United Kingdom,Credit Card
500134,10014,2026-08-02,P8235,Clothing,1,142.56,10.4,127.73,Pakistan,Credit Card
507731,10926,2026-08-12,P3554,Accessories,3,13.35,8.2,36.77,United Kingdom,Cash on Delivery
505324,10629,2026-07-02,P6477,Books,6,28.52,3.6,164.96,United States,Bank Transfer
509640,11158,2025-12-30,P3408,Home & Kitchen,1,220.23,1.6,216.71,Pakistan,Credit Card
506160,10735,2026-08-06,P8783,Beauty,5,108.68,20.3,433.09,Canada,Debit Card
502559,10297,2026-05-13,P2817,Books,1,74.03,16.2,62.04,United States,Digital Wallet
500062,10007,2026-07-27,P4177,Clothing,2,107.6,4.6,205.3,United Kingdom,Cash on Delivery
501358,10149,2026-07-25,P6578,Accessories,5,104.85,9.6,473.92,Australia,Debit Card
506725,10810,2026-07-19,P4427,Clothing,4,81.56,11.5,288.72,Pakistan,Digital Wallet
502467,10287,2026-03-02,P1010,Clothing,2,71.72,3.2,138.85,United States,Cash on Delivery
500679,10072,2026-04-30,P2265,Electronics,4,176.93,17.2,585.99,United Kingdom,Debit Card
506797,10819,2026-07-03,P8160,Clothing,4,89.77,11.2,318.86,Pakistan,Cash on Delivery
500741,10078,2026-08-08,P7679,Clothing,5,33.83,4.7,161.2,United Kingdom,Digital Wallet
505307,10626,2026-08-05,P6316,Books,3,54.48,13.7,141.05,Pakistan,Digital Wallet
507627,10910,2026-06-13,P6519,Books,1,77.51,7.7,71.54,United Kingdom,Debit Card
503641,10426,2025-11-22,P5054,Electronics,2,668.9,7.9,1232.11,Pakistan,Digital Wallet
500444,10050,2026-06-22,P1789,Books,5,35.94,22.3,139.63,United States,Bank Transfer
508140,10974,2026-07-30,P5606,Sports,5,230.87,21.6,905.01,Canada,Debit Card
503258,10380,2026-06-13,P9095,Accessories,1,103.26,1.6,101.61,Pakistan,Cash on Delivery
504663,10558,2026-07-23,P6599,Beauty,3,139.06,8.5,381.72,United Kingdom,Bank Transfer
501873,10209,2026-08-03,P6102,Accessories,7,103.58,12.2,636.6,United States,Digital Wallet
506366,10763,2026-05-17,P8391,Accessories,1,42.84,10.4,38.38,United States,Digital Wallet
502596,10300,2026-08-13,P4690,Home & Kitchen,2,183.43,0.9,363.56,United States,Debit Card
501717,10188,2026-03-19,P8311,Accessories,2,60.42,13.4,104.65,United Kingdom,Debit Card
502912,10338,2026-05-18,P1059,Home & Kitchen,2,222.16,41.0,262.15,United Kingdom,Cash on Delivery
502843,10334,2026-08-01,P7176,Electronics,4,506.43,3.3,1958.87,Pakistan,Bank Transfer
504027,10461,2026-08-11,P7139,Accessories,2,46.27,2.6,90.13,Pakistan,Cash on Delivery
505488,10648,2026-06-07,P5407,Home & Kitchen,1,231.73,15.5,195.81,United States,Cash on Delivery
508634,11031,2026-06-17,P2152,Electronics,7,212.22,4.2,1423.15,Pakistan,Cash on Delivery
508037,10961,2026-08-03,P3094,Beauty,5,100.56,11.1,446.99,Canada,Digital Wallet
509232,11098,2026-06-18,P6989,Beauty,5,30.06,18.6,122.34,Pakistan,Cash on Delivery
500489,10057,2026-07-19,P9201,Sports,5,60.92,8.7,278.1,United States,Cash on Delivery
500493,10057,2026-07-25,P1652,Accessories,5,35.1,12.3,153.91,Australia,Credit Card
500690,10073,2026-07-11,P5310,Sports,2,231.55,3.0,449.21,Canada,Digital Wallet
503821,10441,2026-06-08,P3817,Home & Kitchen,6,117.88,13.0,615.33,United States,Cash on Delivery
500602,10065,2026-08-12,P2892,Books,1,25.22,15.4,21.34,United Kingdom,Credit Card
501911,10215,2026-07-12,P1093,Clothing,2,44.74,21.8,69.97,United Kingdom,Debit Card
501014,10108,2026-07-17,P2596,Electronics,3,216.39,36.5,412.22,Pakistan,Credit Card
506156,10735,2026-08-04,P5708,Clothing,4,105.87,9.0,385.37,Pakistan,Digital Wallet
501993,10224,2026-07-05,P4950,Electronics,3,372.42,5.8,1052.46,Pakistan,Credit Card
505769,10688,2026-07-29,P9689,Books,4,59.14,9.1,215.03,Pakistan,Bank Transfer
503757,10437,2026-06-12,P5296,Accessories,2,25.31,6.1,47.53,Pakistan,Bank Transfer
502366,10277,2026-05-08,P2376,Accessories,1,58.55,32.7,39.4,Pakistan,Bank Transfer
505283,10623,2026-06-28,P1598,Home & Kitchen,2,264.07,21.0,417.23,Pakistan,Bank Transfer
504370,10516,2026-08-01,P8958,Beauty,6,121.18,2.5,708.9,Pakistan,Debit Card
506883,10827,2026-06-18,P7795,Clothing,3,98.62,6.4,276.92,Pakistan,Bank Transfer
507011,10842,2026-06-20,P8516,Books,3,59.29,12.9,154.92,United Kingdom,Cash on Delivery
501361,10149,2026-08-11,P7349,Beauty,3,115.91,8.0,319.91,Pakistan,Debit Card
508461,11009,2026-03-25,P4203,Home & Kitchen,2,173.04,2.5,337.43,United Kingdom,Debit Card
501526,10167,2026-06-11,P8702,Electronics,5,339.57,2.0,1663.89,United Kingdom,Debit Card
501327,10146,2026-07-23,P7932,Beauty,5,20.71,10.6,92.57,Pakistan,Cash on Delivery
508507,11014,2026-07-21,P4796,Accessories,4,90.56,0.4,360.79,Pakistan,Credit Card
509031,11072,2026-08-08,P4100,Clothing,1,52.17,3.2,50.5,Canada,Debit Card
501551,10169,2026-07-01,P7051,Clothing,3,120.25,13.2,313.13,Pakistan,Debit Card
507769,10931,2026-06-30,P1349,Home & Kitchen,5,125.15,2.6,609.48,Pakistan,Digital Wallet
509908,11191,2026-07-17,P4316,Clothing,7,86.2,1.6,593.75,Canada,Debit Card
501337,10146,2026-08-07,P2846,Sports,7,152.55,8.1,981.35,Australia,Cash on Delivery
503901,10450,2026-08-08,P3371,Clothing,7,81.33,10.8,507.82,United States,Credit Card
503010,10354,2026-07-18,P3987,Home & Kitchen,3,277.03,23.6,634.95,United Kingdom,Debit Card
505041,10600,2026-07-05,P9841,Electronics,6,481.49,3.8,2779.16,Canada,Cash on Delivery
508825,11048,2026-08-13,P6801,Beauty,4,57.47,7.0,213.79,Pakistan,Bank Transfer
502250,10260,2026-07-20,P2075,Electronics,6,112.54,14.8,575.3,Pakistan,Bank Transfer
506533,10778,2026-03-05,P8985,Beauty,3,97.7,34.6,191.69,Canada,Debit Card
505039,10600,2026-06-30,P7311,Electronics,7,699.49,6.4,4583.06,Pakistan,Digital Wallet
502346,10272,2026-04-29,P2804,Home & Kitchen,2,43.45,15.2,73.69,Australia,Digital Wallet
509282,11106,2026-05-27,P1288,Sports,5,115.29,23.8,439.25,Pakistan,Bank Transfer
505485,10647,2026-04-19,P7612,Beauty,1,128.62,24.3,97.37,Australia,Digital Wallet
502784,10324,2026-07-27,P5310,Books,3,35.93,8.6,98.52,United States,Debit Card
505119,10605,2026-07-23,P8645,Books,6,22.34,6.8,124.93,United Kingdom,Debit Card
507550,10902,2026-07-18,P5873,Electronics,2,245.13,2.0,480.45,Australia,Cash on Delivery
505555,10657,2026-03-27,P9361,Accessories,3,49.41,12.4,129.85,Pakistan,Debit Card
505599,10665,2026-07-30,P4691,Electronics,6,144.42,0.4,863.05,Canada,Cash on Delivery
507630,10910,2026-08-05,P5566,Accessories,4,22.8,10.2,81.9,United Kingdom,Digital Wallet
500150,10016,2026-07-02,P6051,Beauty,2,26.01,19.3,41.98,United States,Debit Card
502804,10329,2026-05-08,P5866,Accessories,3,40.92,16.6,102.38,Australia,Credit Card
505874,10702,2026-07-24,P8483,Home & Kitchen,2,288.74,0.0,577.48,Pakistan,Debit Card
502086,10237,2026-08-03,P1372,Beauty,1,15.63,24.5,11.8,Pakistan,Cash on Delivery
503751,10437,2026-06-02,P3798,Accessories,6,97.7,10.5,524.65,United Kingdom,Bank Transfer
505612,10666,2026-08-10,P7684,Beauty,5,69.32,13.8,298.77,Pakistan,Credit Card
502259,10260,2026-07-29,P8671,Accessories,6,18.17,13.5,94.3,Pakistan,Debit Card
504017,10461,2026-07-01,P1504,Accessories,5,66.27,0.3,330.36,United States,Digital Wallet
506113,10730,2026-07-13,P9622,Accessories,1,80.31,20.9,63.53,Pakistan,Digital Wallet
506058,10724,2026-07-25,P1727,Home & Kitchen,2,321.13,16.3,537.57,Pakistan,Cash on Delivery
502424,10284,2026-07-22,P7387,Clothing,5,114.72,5.6,541.48,United States,Bank Transfer
508034,10961,2026-07-09,P2531,Beauty,7,126.47,14.3,758.69,Australia,Digital Wallet
503856,10444,2026-08-10,P3326,Beauty,5,136.94,19.6,550.5,Pakistan,Credit Card
500859,10091,2026-08-08,P5889,Sports,4,201.1,7.7,742.46,United States,Cash on Delivery
508170,10976,2026-06-30,P3162,Books,4,12.31,14.8,41.95,United States,Bank Transfer
507591,10907,2026-07-23,P4263,Beauty,1,18.81,25.3,14.05,Pakistan,Bank Transfer
508097,10968,2026-04-01,P3229,Electronics,4,241.34,8.3,885.24,United States,Cash on Delivery
507320,10880,2026-06-03,P7202,Clothing,1,91.83,4.6,87.61,Pakistan,Cash on Delivery
508563,11020,2026-08-04,P8886,Beauty,5,34.38,14.4,147.15,United Kingdom,Cash on Delivery
504739,10565,2026-06-28,P6786,Electronics,5,372.81,3.8,1793.22,Pakistan,Debit Card
508594,11025,2025-12-30,P9748,Books,3,12.53,15.3,31.84,United States,Cash on Delivery
504462,10525,2026-06-17,P2540,Clothing,2,135.45,37.8,168.5,Pakistan,Bank Transfer
505528,10655,2026-07-14,P1957,Clothing,3,34.29,4.0,98.76,Canada,Credit Card
501364,10150,2026-06-11,P9290,Clothing,5,111.43,8.7,508.68,Pakistan,Cash on Delivery
501779,10197,2026-05-01,P9020,Beauty,2,138.46,24.4,209.35,United Kingdom,Digital Wallet
509221,11096,2026-08-11,P3762,Beauty,3,119.31,17.4,295.65,United States,Debit Card
504785,10573,2026-05-12,P3157,Books,2,8.24,21.8,12.89,Pakistan,Bank Transfer
506334,10760,2026-07-24,P5651,Accessories,3,119.84,24.0,273.24,Pakistan,Digital Wallet
501818,10203,2026-03-31,P5692,Clothing,1,26.94,16.0,22.63,Australia,Bank Transfer
507799,10935,2026-07-12,P6092,Clothing,2,75.74,15.8,127.55,Pakistan,Debit Card
504937,10589,2026-08-03,P7868,Sports,4,67.91,14.1,233.34,Pakistan,Bank Transfer
502704,10313,2026-08-14,P2364,Electronics,6,496.54,11.3,2642.59,Canada,Bank Transfer
505285,10623,2026-07-19,P7043,Beauty,3,119.8,6.2,337.12,United States,Digital Wallet
500175,10017,2026-08-15,P7468,Clothing,4,27.37,12.8,95.47,Pakistan,Credit Card
507481,10896,2026-07-18,P1699,Home & Kitchen,5,194.83,24.5,735.48,United States,Credit Card
502093,10237,2026-08-12,P7238,Sports,5,61.05,12.6,266.79,United Kingdom,Digital Wallet
508750,11039,2026-08-03,P5634,Clothing,6,30.71,14.6,157.36,Canada,Credit Card
503491,10409,2025-09-29,P3625,Home & Kitchen,2,123.05,17.1,204.02,Canada,Credit Card
501920,10216,2026-08-06,P9710,Books,1,8.08,9.9,7.28,United States,Bank Transfer
500082,10010,2026-07-13,P1926,Beauty,2,70.51,33.6,93.64,United States,Digital Wallet
500816,10085,2026-04-07,P6783,Books,3,57.45,2.8,167.52,United Kingdom,Digital Wallet
508601,11028,2026-06-10,P3696,Books,2,39.76,21.4,62.5,Pakistan,Cash on Delivery
507354,10883,2026-07-30,P9106,Books,7,72.62,0.1,507.83,United Kingdom,Cash on Delivery
504396,10517,2026-06-29,P6271,Accessories,1,109.18,9.8,98.48,United Kingdom,Debit Card
509181,11090,2026-08-12,P6092,Home & Kitchen,1,56.01,23.0,43.13,Pakistan,Debit Card
505568,10658,2026-07-21,P1342,Sports,1,146.94,24.2,111.38,Pakistan,Digital Wallet
500283,10030,2026-06-25,P9060,Sports,2,36.86,8.3,67.6,Pakistan,Digital Wallet
504120,10473,2026-05-31,P7365,Beauty,4,149.15,13.6,515.46,Canada,Debit Card
507480,10896,2026-07-16,P5480,Accessories,5,77.68,12.3,340.63,United States,Debit Card
500609,10067,2026-06-19,P3415,Books,2,10.3,4.9,19.59,United Kingdom,Digital Wallet
502915,10338,2026-06-18,P8446,Sports,2,72.56,19.4,116.97,Australia,Cash on Delivery
501813,10202,2026-07-27,P3766,Home & Kitchen,2,59.25,2.0,116.13,United States,Digital Wallet
501271,10139,2026-08-05,P6279,Clothing,2,85.77,5.1,162.79,United States,Debit Card
505924,10705,2026-08-10,P4979,Beauty,3,122.45,8.4,336.49,Australia,Debit Card
509595,11148,2026-01-19,P3772,Home & Kitchen,3,279.33,1.4,826.26,U.S.A.,Debit Card
502994,10349,2026-06-27,P1633,Accessories,2,18.71,12.3,32.82,Pakistan,Cash on Delivery
507109,10855,2026-07-13,P4685,Accessories,4,88.58,12.6,309.68,Pakistan,Digital Wallet
508613,11029,2026-03-28,P7527,Sports,1,209.34,6.2,196.36,United Kingdom,Debit Card
507356,10883,2026-07-30,P6298,Clothing,7,63.38,10.9,395.3,United States,Digital Wallet
502642,10308,2026-07-20,P9412,Accessories,1,11.2,7.7,10.34,Canada,Digital Wallet
506553,10779,2026-08-05,P7300,Home & Kitchen,3,168.03,39.5,304.97,Pakistan,Bank Transfer
504508,10530,2026-04-11,P9612,Home & Kitchen,2,116.49,13.4,201.76,Australia,Bank Transfer
502305,10267,2026-04-17,P5964,Home & Kitchen,1,227.11,7.8,209.4,Pakistan,Debit Card
506502,10776,2026-07-02,P9969,Clothing,3,167.77,2.2,492.24,United Kingdom,Debit Card
506260,10748,2026-06-11,P2333,Beauty,1,77.38,10.0,69.64,United States,Bank Transfer
504195,10487,2026-06-02,P7831,Beauty,4,145.62,7.2,540.54,United Kingdom,Cash on Delivery
505562,10658,2026-04-08,P9120,Home & Kitchen,5,60.45,13.5,261.45,United States,Digital Wallet
504840,10581,2026-06-10,P4015,Beauty,1,23.02,24.6,17.36,Pakistan,Debit Card
504655,10558,2026-07-10,P7809,Clothing,7,113.12,7.7,730.87,United Kingdom,Credit Card
508147,10975,2026-07-01,P8760,Accessories,5,31.19,2.9,151.43,Pakistan,Credit Card
504168,10477,2026-08-03,P2146,Books,7,14.52,10.2,91.27,United Kingdom,Debit Card
503849,10444,2026-07-19,P4670,Accessories,2,57.22,0.7,113.64,United Kingdom,Credit Card
509847,11182,2026-06-05,P8515,Electronics,5,410.36,9.5,1856.88,Pakistan,Digital Wallet
508401,11001,2026-07-07,P8132,Clothing,3,58.29,22.4,135.7,Pakistan,Cash on Delivery
505253,10620,2026-07-09,P5976,Books,1,43.9,28.6,31.34,Australia,Digital Wallet
507884,10941,2026-08-11,P5957,Electronics,4,278.51,3.1,1079.5,Canada,Bank Transfer
505533,10656,2026-05-28,P1290,Electronics,5,441.62,5.2,2093.28,Pakistan,Bank Transfer
502414,10283,2026-08-01,P2055,Clothing,5,93.26,18.4,380.5,Pakistan,Credit Card
503554,10418,2026-07-29,P6853,Clothing,3,149.47,13.4,388.32,Pakistan,Bank Transfer
504691,10561,2026-08-02,P6286,Home & Kitchen,2,298.07,37.7,371.4,Canada,Bank Transfer
504498,10529,2026-07-30,P5982,Clothing,7,132.38,10.3,831.21,United Kingdom,Bank Transfer
502195,10253,2025-08-21,P4293,Home & Kitchen,1,291.61,16.0,244.95,United Kingdom,Credit Card
505045,10600,2026-07-15,P1901,Electronics,3,214.97,8.1,592.67,Pakistan,Cash on Delivery
502600,10301,2026-07-19,P4644,Accessories,5,88.68,12.3,388.86,Canada,Credit Card
501518,10166,2026-08-06,P8529,Books,3,53.5,43.5,90.68,United Kingdom,Digital Wallet
504764,10569,2026-03-18,P7644,Clothing,2,95.86,8.6,175.23,United States,Cash on Delivery
504314,10508,2026-03-23,P3525,Sports,1,211.43,30.6,146.73,Pakistan,Bank Transfer
503366,10395,2026-06-05,P7746,Electronics,4,230.92,15.7,778.66,Pakistan,Cash on Delivery
506065,10726,2026-03-02,P3675,Beauty,3,120.47,21.1,285.15,Australia,Credit Card
506582,10785,2026-04-23,P2744,Accessories,4,37.65,16.2,126.2,Pakistan,Debit Card
502633,10306,2026-03-14,P2076,Clothing,1,168.79,24.1,128.11,Pakistan,Digital Wallet
507337,10881,2026-07-21,P2874,Sports,3,186.01,23.2,428.57,Canada,Bank Transfer
505633,10668,2026-07-28,P8034,Electronics,5,209.72,11.4,929.06,Pakistan,Digital Wallet
509168,11088,2026-07-17,P9056,Clothing,2,172.19,11.9,303.4,Pakistan,Debit Card
508789,11043,2026-08-10,P3466,Home & Kitchen,1,214.61,13.3,186.07,Australia,Credit Card
502434,10284,2026-08-10,P6679,Accessories,3,87.7,9.0,239.42,United Kingdom,Bank Transfer
508277,10984,2026-08-09,P8388,Sports,3,167.33,0.3,500.48,Pakistan,Bank Transfer
506758,10813,2026-08-14,P6515,Beauty,4,59.16,10.0,212.98,United States,Bank Transfer
506611,10791,2026-07-25,P2259,Electronics,4,682.38,12.3,2393.79,Canada,Credit Card
504520,10533,2026-03-18,P4752,Books,2,68.85,10.8,122.83,United Kingdom,Digital Wallet
505587,10663,2026-05-27,P5977,Home & Kitchen,2,136.58,12.2,239.83,Pakistan,Debit Card
503545,10418,2026-06-10,P4865,Sports,2,96.82,20.7,153.56,Pakistan,Digital Wallet
505965,10709,2026-06-25,P3314,Accessories,5,74.67,1.1,369.24,Pakistan,Digital Wallet
505992,10715,2026-08-11,P6835,Sports,1,99.35,17.7,81.77,Pakistan,Cash on Delivery
508805,11047,2026-06-20,P1409,Electronics,5,240.24,23.7,916.52,United Kingdom,Debit Card
505531,10656,2026-05-27,P7733,Electronics,2,131.2,3.8,252.43,United States,Cash on Delivery
505444,10643,2026-06-08,P7412,Home & Kitchen,4,59.21,4.0,227.37,United States,Digital Wallet
500517,10059,2026-07-29,P4240,Accessories,3,114.2,13.1,297.72,Pakistan,Credit Card
506110,10729,2026-08-02,P9098,Sports,4,152.49,5.6,575.8,Pakistan,Cash on Delivery
506864,10824,2026-06-20,P6563,Sports,3,70.76,3.4,205.06,Pakistan,Cash on Delivery
507960,10953,2026-06-22,P3451,Electronics,3,617.36,16.9,1539.08,Pakistan,Debit Card
501415,10156,2026-05-18,P6743,Beauty,2,55.67,4.5,106.33,United Kingdom,Digital Wallet
504664,10558,2026-07-23,P9924,Books,5,74.18,8.8,338.26,United Kingdom,Credit Card
504456,10524,2026-05-27,P7001,Books,1,32.53,28.4,23.29,United Kingdom,Digital Wallet
502761,10322,2026-04-06,P6994,Books,3,45.25,37.2,85.25,United Kingdom,Bank Transfer
504855,10584,2026-06-25,P3803,Sports,1,193.65,17.0,160.73,United Kingdom,Debit Card
500127,10014,2026-07-15,P4138,Clothing,4,115.68,9.9,416.91,United Kingdom,Cash on Delivery
503474,10408,2026-07-15,P1237,Beauty,4,147.58,9.4,534.83,Pakistan,Bank Transfer
507969,10955,2026-05-24,P7899,Books,2,14.48,4.3,27.71,Pakistan,Debit Card
504310,10506,2026-06-23,P9971,Electronics,5,117.04,15.2,496.25,Pakistan,Digital Wallet
502438,10284,2026-08-11,P6745,Clothing,5,23.57,7.0,109.6,United States,Digital Wallet
503765,10437,2026-07-06,P9677,Accessories,4,93.76,9.0,341.29,Pakistan,Cash on Delivery
506876,10825,2026-01-08,P5295,Beauty,2,86.98,4.6,165.96,Pakistan,Cash on Delivery
505896,10704,2026-07-09,P3014,Home & Kitchen,5,219.36,7.2,1017.83,United Kingdom,Digital Wallet
505840,10698,2026-06-12,P6484,Home & Kitchen,1,212.61,6.2,199.43,Pakistan,Credit Card
508842,11050,2026-07-28,P1152,Books,7,22.39,6.3,146.86,Pakistan,Cash on Delivery
509770,11170,2026-06-30,P4217,Electronics,5,80.09,22.6,309.95,Canada,Cash on Delivery
501473,10161,2026-06-17,P6462,Sports,5,226.38,18.4,923.63,Pakistan,Debit Card
504821,10578,2026-03-11,P8073,Electronics,1,85.54,0.3,85.28,Pakistan,Debit Card
506915,10829,2026-06-13,P6690,Clothing,1,117.6,40.2,70.32,United States,Credit Card
503560,10419,2026-03-27,P8496,Sports,3,217.35,8.8,594.67,United Kingdom,Debit Card
503951,10457,2026-08-06,P4362,Electronics,7,226.29,14.3,1357.51,Pakistan,Credit Card
500049,10006,2026-07-31,P5500,Home & Kitchen,1,102.49,6.3,96.03,United Kingdom,Debit Card
505437,10642,2026-07-20,P6327,Clothing,5,134.07,8.5,613.37,Pakistan,Bank Transfer
509897,11189,2026-05-02,P6556,Electronics,5,532.97,16.8,2217.16,Australia,Debit Card
500887,10095,2026-07-12,P5053,Clothing,3,165.73,23.6,379.85,United Kingdom,Cash on Delivery
502616,10304,2026-05-21,P7484,Clothing,1,142.32,22.9,109.73,Canada,Credit Card
500516,10059,2026-07-28,P9462,Home & Kitchen,4,86.45,8.1,317.79,Pakistan,Cash on Delivery
503168,10373,2026-08-05,P3117,Sports,4,152.1,14.5,520.18,Pakistan,Debit Card
502949,10343,2026-07-09,P3369,Home & Kitchen,4,200.96,17.2,665.58,Pakistan,Cash on Delivery
501424,10156,2026-07-21,P6811,Clothing,5,32.94,17.0,136.7,Australia,Debit Card
500139,10015,2026-07-02,P2366,Electronics,2,509.07,16.3,852.18,United Kingdom,Digital Wallet
501924,10216,2026-08-13,P7754,Clothing,5,62.25,6.6,290.71,Pakistan,Credit Card
502378,10279,2026-02-04,P6229,Electronics,2,199.76,17.4,330.0,Pakistan,Cash on Delivery
503197,10375,2026-08-12,P4822,Sports,4,94.77,10.0,341.17,United States,Debit Card
505131,10607,2026-05-29,P4069,Clothing,3,65.83,22.9,152.26,Pakistan,Digital Wallet
500112,10013,2026-02-13,P8657,Home & Kitchen,2,241.1,34.4,316.32,Pakistan,Credit Card
504559,10540,2026-08-12,P2747,Beauty,4,25.08,14.9,85.37,Pakistan,Bank Transfer
504595,10546,2026-07-30,P6959,Books,1,20.12,1.0,19.92,Pakistan,Cash on Delivery
507997,10958,2026-08-10,P6706,Books,2,15.97,6.7,29.8,Australia,Credit Card
503250,10380,2026-05-14,P8826,Electronics,5,616.07,22.8,2378.03,Pakistan,Bank Transfer
504690,10561,2026-07-30,P9659,Home & Kitchen,1,285.47,15.8,240.37,United Kingdom,Digital Wallet
508115,10969,2026-06-13,P4272,,2,107.39,20.4,170.96,United States,Bank Transfer
507767,10931,2026-06-21,P8225,Accessories,2,45.91,2.3,89.71,Pakistan,Credit Card
504546,10538,2026-07-17,P2123,Sports,5,32.27,9.5,146.02,Pakistan,Cash on Delivery
507084,10852,2026-07-02,P8202,Clothing,2,118.45,33.5,157.54,Canada,Bank Transfer
503277,10381,2026-07-17,P3333,Sports,4,230.36,3.0,893.8,United Kingdom,Cash on Delivery
507542,10901,2026-07-28,P9716,Beauty,2,60.24,5.9,113.37,Australia,Credit Card
506593,10787,2026-07-07,P2097,Home & Kitchen,3,324.91,16.3,815.85,United States,Bank Transfer
504068,10467,2026-06-21,P4687,Electronics,3,188.45,20.5,449.45,United States,Digital Wallet
504408,10518,2026-07-23,P9693,Clothing,1,35.17,24.7,26.48,United Kingdom,Digital Wallet
508644,11031,2026-07-20,P2701,Electronics,6,467.09,2.4,2735.28,Australia,Bank Transfer
508588,11023,2026-03-21,P7511,Home & Kitchen,1,202.63,18.2,165.75,Pakistan,Credit Card
507384,10885,2026-06-24,P9365,Home & Kitchen,3,70.78,44.0,118.91,Pakistan,Bank Transfer
503222,10378,2026-05-22,P9231,Books,5,10.91,2.1,53.4,Pakistan,Debit Card
508210,10981,2026-04-17,P5574,Clothing,4,154.83,23.5,473.78,Australia,Bank Transfer
500451,10050,2026-08-03,P3047,Clothing,4,59.13,22.6,183.07,Pakistan,Credit Card
503731,10435,2026-08-03,P4781,Sports,6,155.25,4.9,885.86,Pakistan,Debit Card
508953,11068,2026-07-11,P5805,Books,7,9.66,5.2,64.1,Pakistan,Debit Card
504986,10592,2026-03-25,P5009,Books,2,49.91,9.4,90.44,Pakistan,Debit Card
503663,10430,2026-08-08,P6434,Sports,2,79.78,3.3,154.29,Pakistan,Cash on Delivery
502763,10322,2026-05-12,P6358,Sports,1,217.15,36.0,138.98,Australia,Cash on Delivery
500658,10069,2026-07-31,P7680,Books,6,19.74,13.5,102.45,Pakistan,Cash on Delivery
507678,10919,2026-02-27,P2034,Clothing,3,129.3,23.6,296.36,Pakistan,Bank Transfer
507676,10919,2026-01-30,P7005,Accessories,2,85.25,42.6,97.87,United States,Cash on Delivery
504620,10551,2026-06-05,P4532,Sports,3,152.61,8.7,418.0,Pakistan,Debit Card
500999,10106,2026-05-29,P2082,Clothing,4,139.77,21.9,436.64,United Kingdom,Credit Card
500389,10041,2026-08-05,P6193,Sports,4,44.38,13.4,153.73,Pakistan,Cash on Delivery
503407,10400,2026-05-31,P8369,Clothing,2,169.45,40.2,202.66,Pakistan,Bank Transfer
501476,10161,2026-07-01,P4801,Electronics,3,490.75,16.2,1233.75,Pakistan,Bank Transfer
502240,10259,2026-01-01,P1957,Home & Kitchen,2,279.34,15.7,470.97,United Kingdom,Bank Transfer
502386,10280,2026-04-28,P9065,Electronics,2,431.06,44.4,479.34,United Kingdom,Credit Card
509139,11083,2026-04-13,P5233,Clothing,2,179.78,8.2,330.08,Pakistan,Bank Transfer
500992,10104,2026-06-07,P2286,Accessories,2,64.73,7.3,120.01,United Kingdom,Bank Transfer
504997,10594,2026-06-09,P2250,Sports,5,51.63,17.5,212.97,Canada,Digital Wallet
503922,10455,2026-07-31,P8008,Clothing,7,104.65,7.2,679.81,Pakistan,Digital Wallet
502972,10348,2026-07-09,P8326,Home & Kitchen,7,272.26,10.8,1699.99,Pakistan,Bank Transfer
503386,10398,2026-06-17,P8509,Sports,3,81.18,23.0,187.53,Pakistan,Cash on Delivery
507885,10942,2026-03-01,P6694,Sports,1,212.75,6.5,198.92,United States,Debit Card
508812,11047,2026-08-11,P8118,Clothing,1,33.71,13.7,29.09,Pakistan,Bank Transfer
504769,10570,2026-06-11,P7981,Home & Kitchen,4,149.9,1.4,591.21,United States,Credit Card
501293,10143,2026-07-26,P5197,Home & Kitchen,2,268.15,20.4,426.89,Canada,Digital Wallet
501824,10205,2026-04-18,P9995,Home & Kitchen,2,103.06,12.2,180.97,Pakistan,Bank Transfer
502873,10335,2026-07-13,P2029,Clothing,7,148.71,12.9,906.68,United Kingdom,Cash on Delivery
504173,10477,2026-08-11,P5502,Sports,6,108.44,13.5,562.8,United Kingdom,Debit Card
502535,10294,2026-05-06,P4966,Beauty,4,73.02,19.0,236.58,Pakistan,Credit Card
509132,11082,2026-08-03,P4088,Electronics,2,157.94,5.6,298.19,Pakistan,Debit Card
501907,10214,2026-08-14,P1363,Electronics,3,545.96,0.1,1636.24,Canada,Debit Card
500042,10006,2026-07-12,P8279,Home & Kitchen,1,82.61,9.8,74.51,Pakistan,Cash on Delivery
509491,11133,2026-06-23,P4334,Beauty,4,143.87,2.3,562.24,United States,Debit Card
500368,10038,2026-08-07,P4513,Clothing,3,164.95,4.0,475.06,United Kingdom,Bank Transfer
501151,10127,2026-04-06,P9685,Sports,1,225.93,30.4,157.25,United States,Debit Card
507752,10927,2026-07-06,P5954,Beauty,4,21.88,25.0,65.64,Pakistan,Cash on Delivery
506358,10763,2026-04-01,P5029,Clothing,1,28.1,7.3,26.05,Australia,Cash on Delivery
505912,10704,2026-08-13,P6191,Home & Kitchen,3,247.77,7.5,687.56,United States,Cash on Delivery
506507,10776,2026-07-17,P7510,Electronics,6,407.3,6.1,2294.73,Pakistan,Bank Transfer
507525,10900,2026-06-03,P6007,Electronics,3,343.97,6.2,967.93,Pakistan,Cash on Delivery
504160,10477,2026-07-27,P8526,Beauty,6,20.19,14.9,103.09,Pakistan,Credit Card
504287,10502,2026-04-22,P1342,Beauty,3,81.11,5.4,230.19,United Kingdom,Cash on Delivery
507775,10931,2026-08-01,P4074,Books,4,27.12,13.8,93.51,Canada,Digital Wallet
506714,10810,2026-06-20,P1375,Home & Kitchen,6,59.77,14.4,306.98,United Kingdom,Bank Transfer
500174,10017,2026-08-10,P8440,Home & Kitchen,3,281.22,22.4,654.68,Canada,Credit Card
501903,10214,2026-06-07,P5158,Home & Kitchen,1,52.19,8.8,47.6,United Kingdom,Debit Card
501099,10121,2026-06-22,P9360,Sports,1,179.8,31.4,123.34,Pakistan,Debit Card
508114,10969,2026-06-10,P4497,Home & Kitchen,2,224.77,0.7,446.39,Pakistan,Digital Wallet
503408,10400,2026-06-07,P4914,Clothing,1,96.35,33.0,64.55,Pakistan,Digital Wallet
501538,10168,2026-06-16,P8564,Home & Kitchen,4,274.99,17.5,907.47,Pakistan,Credit Card
502292,10263,2026-08-14,P7208,Electronics,5,548.54,8.7,2504.09,Pakistan,Bank Transfer
509300,11107,2026-08-05,P1604,Accessories,3,36.89,7.2,102.7,Australia,Digital Wallet
501363,10150,2026-06-09,P1553,Electronics,1,348.72,12.0,306.87,Canada,Credit Card
507188,10862,2026-07-14,P3422,Electronics,1,281.52,13.2,244.36,Pakistan,Debit Card
506627,10794,2026-06-13,P6004,Electronics,3,448.9,17.7,1108.33,United Kingdom,Credit Card
505260,10621,2026-06-20,P6856,Clothing,5,48.68,21.0,192.29,United States,Credit Card
506815,10820,2026-06-19,P8009,Sports,4,80.55,6.0,302.87,Pakistan,Credit Card
509461,11129,2026-07-14,P9755,Accessories,3,33.52,11.3,89.2,Pakistan,Bank Transfer
500680,10072,2026-06-05,P3577,Home & Kitchen,3,84.64,12.5,222.18,Pakistan,Cash on Delivery
509315,11108,2026-08-06,P7909,Books,3,70.4,34.9,137.49,Australia,Cash on Delivery
509298,11107,2026-08-02,P8916,Electronics,4,89.14,8.6,325.9,Pakistan,Bank Transfer
503664,10430,2026-08-09,P3560,Sports,6,59.78,7.7,331.06,Australia,Bank Transfer
501661,10180,2026-08-12,P6938,Books,3,48.56,9.2,132.28,Pakistan,Credit Card
500508,10058,2026-07-07,P8741,Beauty,2,133.73,2.1,261.84,United States,Credit Card
500166,10016,2026-08-15,P1615,Beauty,4,26.07,15.6,88.01,United Kingdom,Digital Wallet
505497,10649,2026-05-16,P8782,Electronics,2,96.25,32.4,130.13,Pakistan,Digital Wallet
508299,10988,2026-02-17,P3903,Accessories,2,22.46,4.5,42.9,Pakistan,Digital Wallet
501006,10108,2026-04-01,P6648,Books,1,69.67,38.3,42.99,United Kingdom,Cash on Delivery
509739,11167,2026-03-19,P7375,Home & Kitchen,1,139.24,24.2,105.54,Pakistan,Credit Card
501914,10216,2026-07-15,P9998,Home & Kitchen,3,187.58,21.1,444.0,United Kingdom,Debit Card
503494,10410,2026-08-01,P9122,Home & Kitchen,7,82.13,11.3,509.95,United Kingdom,Credit Card
509633,11157,2026-07-10,P4502,Electronics,2,536.48,3.2,1038.63,United Kingdom,Cash on Delivery
509750,11169,2026-07-31,P2266,Sports,3,126.23,2.0,371.12,Pakistan,Bank Transfer
506444,10772,2026-05-06,P4977,Electronics,3,286.55,40.6,510.63,Pakistan,Bank Transfer
504990,10593,2026-05-16,P2528,Electronics,3,230.11,10.2,619.92,Pakistan,Debit Card
502536,10294,2026-05-07,P6658,Books,3,72.0,3.7,208.01,Pakistan,Bank Transfer
501104,10122,2025-09-01,P9000,Home & Kitchen,1,135.59,24.5,102.37,United Kingdom,Credit Card
503875,10447,2026-02-16,P7564,Electronics,2,367.74,15.6,620.75,United States,Bank Transfer
507523,10899,2026-08-08,P9799,Books,2,43.02,7.4,79.67,Pakistan,Bank Transfer
501752,10191,2026-08-15,P8280,Home & Kitchen,6,151.29,5.1,861.45,Pakistan,Bank Transfer
505310,10627,2025-12-12,P6249,Sports,1,208.28,11.1,185.16,Pakistan,Digital Wallet
507296,10877,2026-05-18,P3543,Books,2,10.32,29.1,14.63,Pakistan,Credit Card
502916,10338,2026-06-27,P6094,Home & Kitchen,2,257.29,15.7,433.79,Pakistan,Bank Transfer
508974,11069,2026-04-24,P1416,Beauty,2,147.09,11.4,260.64,Pakistan,Digital Wallet
505754,10685,2025-11-23,P1863,Electronics,1,661.97,5.9,622.91,Pakistan,Credit Card
500152,10016,2026-07-05,P1787,Accessories,3,12.22,13.9,31.56,United States,Digital Wallet
507690,10920,2026-07-13,P1336,Sports,2,187.43,5.9,352.74,United Kingdom,Bank Transfer
505679,10676,2025-06-30,P6774,Clothing,3,25.53,0.5,76.21,Pakistan,Cash on Delivery
503907,10450,2026-08-12,P3157,Accessories,3,42.04,6.8,117.54,United Kingdom,Debit Card
509135,11082,2026-08-05,P8659,Sports,4,76.72,8.0,282.33,United Kingdom,Credit Card
502552,10295,2026-08-12,P4135,Electronics,6,602.19,12.7,3154.27,Australia,Digital Wallet
502773,10323,2026-07-19,P2635,Books,1,77.91,7.2,72.3,Pakistan,Cash on Delivery
506098,10728,2026-07-15,P9095,Beauty,3,29.5,37.7,55.14,Pakistan,Cash on Delivery
503551,10418,2026-07-15,P6129,Clothing,4,43.31,14.7,147.77,Pakistan,Bank Transfer
503722,10435,2026-07-30,P3038,Home & Kitchen,2,283.94,0.8,563.34,Pakistan,Digital Wallet
509870,11186,2025-11-18,P9305,Home & Kitchen,3,37.54,11.4,99.78,Pakistan,Cash on Delivery
500520,10059,2026-08-04,P1364,Accessories,2,110.35,14.6,188.48,Pakistan,Bank Transfer
508033,10961,2026-06-30,P9055,Accessories,7,117.23,12.9,714.75,Pakistan,Debit Card
504538,10537,2026-06-07,P7400,Accessories,3,24.23,39.7,43.83,Pakistan,Digital Wallet
506778,10818,2026-04-04,P9660,Beauty,3,134.09,8.8,366.87,Pakistan,Cash on Delivery
501822,10203,2026-07-20,P8198,Clothing,1,49.11,17.4,40.56,United States,Credit Card
504086,10469,2026-07-15,P5082,Clothing,2,99.8,15.4,168.86,Pakistan,Debit Card
506148,10735,2026-07-23,P2034,Accessories,1,68.66,21.1,54.17,United States,Digital Wallet
508742,11039,2026-07-24,P4042,Beauty,2,39.58,14.1,68.0,United Kingdom,Bank Transfer
509472,11130,2026-06-11,P5268,Clothing,2,65.03,11.0,115.75,United States,Credit Card
507741,10926,2026-08-15,P6246,Accessories,4,66.26,4.6,252.85,Australia,Credit Card
500309,10032,2026-04-21,P3441,Beauty,3,116.9,22.8,270.74,Australia,Digital Wallet
507720,10924,2026-07-15,P3929,Home & Kitchen,3,176.38,18.5,431.25,Australia,Debit Card
508222,10982,2026-07-12,P7386,Accessories,3,37.07,36.6,70.51,United States,Debit Card
508656,11033,2026-07-23,P7130,Sports,3,229.2,4.4,657.35,United Kingdom,Bank Transfer
503599,10423,2026-06-28,P7882,Clothing,4,131.91,13.2,457.99,Australia,Credit Card
503622,10425,2026-07-05,P5921,Books,5,30.49,4.0,146.35,United States,Credit Card
503811,10440,2026-08-09,P6478,Home & Kitchen,3,166.85,5.3,474.02,United States,Credit Card
503450,10405,2026-07-28,P1010,Sports,2,62.05,16.3,103.87,United Kingdom,Cash on Delivery
504591,10546,2026-06-29,P1271,Home & Kitchen,2,273.63,7.1,508.4,Pakistan,Digital Wallet
500205,10022,2026-08-01,P5368,Clothing,6,119.88,2.9,698.42,Australia,Cash on Delivery
509840,11180,2026-04-13,P2915,Sports,2,43.11,3.4,83.29,Australia,Debit Card
501135,10124,2026-07-28,P3652,Electronics,3,585.17,5.7,1655.45,United Kingdom,Debit Card
509384,11117,2026-07-09,P8678,Accessories,5,50.74,3.3,245.33,United Kingdom,Bank Transfer
502749,10320,2026-04-25,P1105,Sports,4,149.99,22.2,466.77,United Kingdom,Debit Card
503613,10423,2026-08-12,P5493,Sports,4,195.04,12.9,679.52,Pakistan,Digital Wallet
500305,10031,2026-02-23,P3970,Sports,2,225.95,8.8,412.13,Pakistan,Debit Card
501849,10207,2026-06-14,P3352,Beauty,2,16.65,8.0,30.64,United Kingdom,Cash on Delivery
507669,10918,2026-01-15,P5584,Books,1,36.72,22.5,28.46,Pakistan,Debit Card
501988,10224,2026-06-02,P2004,Beauty,2,31.64,23.9,48.16,United Kingdom,Debit Card
503240,10378,2026-08-05,P5918,Books,2,31.46,12.1,55.31,United States,Cash on Delivery
502798,10328,2026-05-03,P1921,Sports,2,243.74,21.4,383.16,United Kingdom,Cash on Delivery
504515,10531,2026-06-02,P6708,Electronics,2,686.84,39.9,825.58,Pakistan,Bank Transfer
505630,10668,2026-04-30,P4096,Home & Kitchen,5,132.03,3.7,635.72,Pakistan,Debit Card
509372,11114,2026-04-25,P3677,Clothing,3,105.08,1.8,309.57,Pakistan,Cash on Delivery
503109,10370,2026-06-06,P5554,Books,7,39.39,8.9,251.19,Pakistan,Credit Card
504939,10589,2026-08-08,P3354,Electronics,6,225.38,6.9,1258.97,Pakistan,Digital Wallet
504059,10466,2026-07-11,P6128,Electronics,3,222.63,9.5,604.44,Pakistan,Cash on Delivery
501987,10223,2026-08-14,P3072,Clothing,7,97.99,7.0,637.91,Pakistan,Cash on Delivery
507157,10860,2026-08-08,P5649,Home & Kitchen,5,99.1,14.6,423.16,Pakistan,Credit Card
508874,11055,2026-03-07,P9803,Electronics,3,690.03,10.5,1852.73,United States,Cash on Delivery
506613,10791,2026-07-31,P5006,Sports,3,100.28,14.8,256.32,United Kingdom,Debit Card
500383,10041,2026-07-25,P7404,Electronics,6,387.84,10.4,2085.03,Pakistan,Bank Transfer
505634,10668,2026-08-14,P5178,Home & Kitchen,1,71.07,12.0,62.54,United States,Debit Card
504307,10506,2026-05-24,P5991,Accessories,1,20.82,6.7,19.43,United Kingdom,Credit Card
503388,10398,2026-06-28,P7103,Clothing,2,48.23,15.4,81.61,Pakistan,Debit Card
503156,10372,2026-08-15,P3168,Clothing,6,135.94,0.3,813.19,,Bank Transfer
509995,11200,2026-07-17,P9197,Home & Kitchen,7,176.29,10.0,1110.63,United Kingdom,Digital Wallet
502727,10318,2026-05-28,P5825,Sports,2,40.74,19.8,65.35,Australia,Digital Wallet
506333,10760,2026-07-15,P9713,Sports,1,61.33,43.7,34.53,United States,Cash on Delivery
509899,11189,2026-07-10,P3435,Beauty,1,96.87,13.5,83.79,Canada,Bank Transfer
508751,11039,2026-08-11,P1449,Electronics,4,185.12,11.7,653.84,,Cash on Delivery
508302,10988,2026-06-24,P8483,Clothing,2,22.33,16.3,37.38,Pakistan,Credit Card
506037,10723,2026-06-06,P4857,Beauty,3,148.26,11.6,393.19,Pakistan,Cash on Delivery
503832,10441,2026-07-29,P7124,Beauty,6,37.84,12.0,199.8,Canada,Credit Card
508917,11064,2026-06-28,P6078,Books,1,79.23,9.1,72.02,Australia,Cash on Delivery
504776,10571,2026-06-26,P2752,Clothing,2,178.96,11.7,316.04,Pakistan,Cash on Delivery
504276,10498,2026-08-08,P5949,Electronics,7,93.43,2.8,635.7,Canada,Debit Card
500253,10027,2026-05-24,P4367,Electronics,2,109.18,3.4,210.94,United Kingdom,Digital Wallet
507895,10944,2026-05-22,P4943,Beauty,2,56.85,42.2,65.72,United Kingdom,Digital Wallet
509590,11146,2026-01-24,P7736,Home & Kitchen,2,312.76,19.3,504.79,United Kingdom,Bank Transfer
507288,10876,2026-07-19,P8369,Home & Kitchen,3,309.69,14.6,793.43,United States,Digital Wallet
500278,10030,2026-06-09,P9418,Clothing,3,130.94,6.7,366.5,Pakistan,Cash on Delivery
503252,10380,2026-05-23,P9001,Home & Kitchen,5,224.32,19.1,907.37,Pakistan,Bank Transfer
502480,10289,2026-07-13,P7300,Clothing,5,89.09,18.3,363.93,Pakistan,Bank Transfer
500289,10030,2026-07-20,P5566,Electronics,3,110.57,13.5,286.93,Pakistan,Digital Wallet
506086,10727,2026-07-25,P5429,Electronics,6,545.9,7.9,3016.64,Australia,Digital Wallet
503075,10363,2026-01-03,P6624,Electronics,2,618.35,10.4,1108.08,Pakistan,Bank Transfer
508123,10972,2026-03-04,P9844,Clothing,3,169.75,0.5,506.7,Pakistan,Credit Card
507598,10908,2026-07-08,P1079,Home & Kitchen,3,278.62,17.4,690.42,Pakistan,Digital Wallet
506403,10768,2025-12-25,P9635,Accessories,1,105.52,8.1,96.97,Pakistan,Digital Wallet
505089,10604,2026-06-03,P2051,Electronics,2,610.85,7.6,1128.85,Pakistan,Credit Card
507283,10875,2026-08-15,P9966,Clothing,4,50.64,14.2,173.8,United Kingdom,Cash on Delivery
509717,11164,2026-07-14,P7734,Beauty,1,37.96,16.8,31.58,United States,Cash on Delivery
508402,11001,2026-07-07,P1309,Clothing,3,73.1,13.7,189.26,United Kingdom,Credit Card
506121,10731,2026-07-23,P9941,Accessories,1,105.62,21.4,83.02,Pakistan,Cash on Delivery
507754,10927,2026-08-08,P2189,Clothing,5,164.09,0.9,813.07,Pakistan,Bank Transfer
500270,10028,2026-06-30,P4483,Beauty,2,84.38,22.4,130.96,Australia,Credit Card
506009,10719,2026-07-02,P7677,Home & Kitchen,5,246.64,3.5,1190.04,Pakistan,Credit Card
504570,10542,2026-02-10,P9462,Electronics,1,409.98,11.1,364.47,Pakistan,Credit Card
509116,11082,2026-06-26,P3000,Accessories,4,28.43,12.3,99.73,Pakistan,Cash on Delivery
509803,11177,2026-04-04,P7737,Home & Kitchen,3,40.73,15.4,103.37,Canada,Credit Card
502971,10348,2026-07-08,P8418,Clothing,6,166.0,13.3,863.53,USA,Digital Wallet
506193,10739,2026-06-25,P9561,Electronics,2,377.68,2.8,734.21,Pakistan,Bank Transfer
508768,11040,2026-08-04,P2929,Home & Kitchen,1,161.56,2.6,157.36,Canada,Cash on Delivery
504207,10488,2026-07-06,P9685,Clothing,1,148.73,11.2,132.07,Pakistan,Digital Wallet
503218,10377,2026-07-19,P1056,Sports,3,28.12,28.3,60.49,United States,Credit Card
501391,10153,2026-07-01,P6577,Accessories,5,116.29,4.0,558.19,Pakistan,Cash on Delivery
503975,10459,2026-08-12,P7700,Clothing,2,52.08,3.1,100.93,United Kingdom,Digital Wallet
504316,10508,2026-04-01,P3180,Sports,1,143.93,35.8,92.4,Pakistan,Credit Card
507959,10953,2026-06-07,P1414,Accessories,5,65.63,21.7,256.94,United Kingdom,Debit Card
507344,10883,2026-07-16,P2068,Books,5,73.84,2.2,361.08,Pakistan,Cash on Delivery
507448,10891,2026-08-09,P7693,Beauty,2,41.04,29.0,58.28,Canada,Credit Card
500083,10011,2026-08-11,P3077,Clothing,2,128.24,14.2,220.06,United States,Debit Card
500873,10093,2026-02-11,P3679,Clothing,1,96.29,25.2,72.02,Pakistan,Cash on Delivery
509605,11150,2026-01-27,P3417,Home & Kitchen,1,42.37,7.5,39.19,United Kingdom,Bank Transfer
507635,10912,2026-07-06,P4973,Clothing,2,82.73,21.4,130.05,United Kingdom,Bank Transfer
504557,10540,2026-08-09,P8825,Clothing,7,35.57,1.8,244.51,Pakistan,Digital Wallet
504500,10529,2026-07-31,P9606,Home & Kitchen,4,128.51,7.1,477.54,Pakistan,Debit Card
504647,10557,2026-08-12,P1580,Beauty,5,37.12,10.3,166.48,Australia,Digital Wallet
502038,10231,2026-03-10,P2845,Clothing,2,80.37,17.3,132.93,United States,Bank Transfer
509694,11162,2026-07-28,P7850,Beauty,7,104.28,11.4,646.74,United States,Credit Card
506909,10829,2026-04-13,P7597,Clothing,2,147.26,17.1,244.16,Pakistan,Digital Wallet
502450,10286,2026-06-19,P4116,Sports,2,141.73,4.3,271.27,Pakistan,Cash on Delivery
503954,10457,2026-08-08,P5899,Sports,6,209.38,10.8,1120.6,Australia,Credit Card
502329,10270,2026-07-20,P1145,Beauty,2,80.0,11.2,142.08,Australia,Bank Transfer
509124,11082,2026-07-07,P2823,Home & Kitchen,7,272.49,1.7,1875.0,United States,Credit Card
507044,10847,2026-06-18,P6877,Electronics,5,667.91,7.2,3099.1,Australia,Debit Card
505042,10600,2026-07-05,P3115,Books,7,72.01,8.9,459.21,United Kingdom,Bank Transfer
509364,11113,2026-07-10,P7776,Electronics,2,534.74,2.6,1041.67,United Kingdom,Digital Wallet
504746,10566,2025-12-15,P9450,Books,3,53.68,18.0,132.05,Pakistan,Debit Card
509367,11113,2026-08-01,P9596,Clothing,5,81.2,0.8,402.75,Australia,Debit Card
509402,11119,2026-06-02,P3821,Beauty,5,79.27,8.8,361.47,Pakistan,Digital Wallet
506491,10775,2026-08-09,P1520,Home & Kitchen,1,300.46,33.8,198.9,Pakistan,Cash on Delivery
506637,10795,2026-08-01,P5258,Home & Kitchen,3,106.49,5.6,301.58,Pakistan,Cash on Delivery
507225,10871,2026-03-26,P9461,Books,4,62.77,3.9,241.29,Pakistan,Debit Card
502401,10282,2026-08-10,P2461,Beauty,3,79.51,11.3,211.58,United Kingdom,Bank Transfer
505520,10653,2026-06-06,P8314,Books,3,12.76,17.4,31.62,Pakistan,Cash on Delivery
501216,10133,2026-07-21,P2549,Books,2,72.67,11.4,128.77,Pakistan,Bank Transfer
508695,11035,2026-08-01,P6379,Books,4,42.89,10.0,154.4,Australia,Cash on Delivery
506020,10720,2026-07-11,P4159,Electronics,1,561.77,39.1,342.12,Pakistan,Bank Transfer
506865,10824,2026-06-22,P4002,Accessories,1,86.5,13.0,75.25,United Kingdom,Cash on Delivery
501064,10115,2026-06-06,P5142,Electronics,1,564.9,0.6,561.51,United Kingdom,Bank Transfer
503786,10439,2026-07-14,P1352,Beauty,3,37.17,25.6,82.96,Pakistan,Bank Transfer
504410,10518,2026-08-01,P2704,Clothing,3,50.01,43.6,84.62,Pakistan,Bank Transfer
506859,10823,2026-06-27,P4641,Home & Kitchen,5,64.96,14.1,279.0,United Kingdom,Debit Card
506760,10814,2026-02-04,P5607,Clothing,3,29.64,18.6,72.38,Pakistan,Credit Card
505523,10654,2026-06-23,P4750,Beauty,1,123.24,18.5,100.44,United States,Cash on Delivery
505996,10717,2026-06-09,P3701,Electronics,3,303.34,17.3,752.59,United Kingdom,Debit Card
508833,11050,2026-07-21,P2139,Home & Kitchen,2,219.41,11.1,390.11,Australia,Credit Card
505888,10703,2026-05-13,P1736,Accessories,3,57.02,15.8,144.03,Pakistan,Cash on Delivery
502161,10248,2025-07-04,P3673,Sports,2,73.47,9.9,132.39,Australia,Bank Transfer
503008,10352,2026-04-14,P6724,Sports,2,168.63,0.2,336.59,Pakistan,Bank Transfer
501105,10123,2026-05-10,P2820,Beauty,1,110.22,19.0,89.28,Pakistan,Debit Card
506654,10800,2025-10-11,P6319,Beauty,1,18.13,25.0,13.6,Australia,Digital Wallet
500692,10073,2026-07-15,P7927,Clothing,4,117.82,0.2,470.34,Pakistan,Debit Card
509957,11195,2026-08-14,P4079,Electronics,4,447.91,0.0,1791.64,United States,Digital Wallet
504956,10590,2026-04-25,P4756,Accessories,1,64.42,22.7,49.8,United Kingdom,Credit Card
506597,10788,2026-04-24,P2521,Home & Kitchen,3,251.98,5.4,715.12,Australia,Cash on Delivery
508480,11011,2026-07-30,P8512,Accessories,4,29.45,1.9,115.56,Pakistan,Digital Wallet
504369,10516,2026-07-31,P7660,Clothing,3,53.63,12.8,140.3,Pakistan,Bank Transfer
502765,10322,2026-06-12,P8913,,1,64.38,37.1,40.5,United States,Cash on Delivery
503929,10455,2026-08-07,P3145,Home & Kitchen,5,115.62,3.2,559.6,Canada,Bank Transfer
507134,10857,2026-07-13,P3432,Beauty,2,27.79,12.0,48.91,Australia,Debit Card
508735,11039,2026-07-13,P5274,Beauty,3,93.92,14.1,242.03,Pakistan,Credit Card
507530,10900,2026-07-29,P4584,Clothing,4,69.46,10.7,248.11,United States,Bank Transfer
507528,10900,2026-06-08,P1046,Accessories,6,102.86,4.2,591.24,Pakistan,Credit Card
500628,10067,2026-08-06,P8416,Accessories,3,76.94,1.8,226.67,Pakistan,Cash on Delivery
502451,10286,2026-06-23,P3242,Clothing,6,169.38,7.1,944.12,United Kingdom,Bank Transfer
506239,10744,2026-06-09,P3317,Clothing,1,41.2,19.1,33.33,Pakistan,Bank Transfer
507012,10842,2026-07-25,P1256,Beauty,3,128.73,21.4,303.55,United Kingdom,Digital Wallet
503824,10441,2026-06-18,P1371,Sports,7,30.72,8.2,197.41,Pakistan,Bank Transfer
508977,11069,2026-05-13,P5154,Sports,5,173.31,18.8,703.64,United Kingdom,Credit Card
502652,10309,2026-06-05,P6442,Home & Kitchen,2,257.56,35.6,331.74,United Kingdom,Bank Transfer
509107,11081,2026-05-18,P2830,Accessories,3,71.07,19.3,172.06,United Kingdom,Credit Card
503743,10435,2026-08-15,P9929,Clothing,7,174.14,14.9,1037.35,United Kingdom,Debit Card
502176,10251,2026-05-22,P9846,Electronics,4,610.11,19.1,1974.32,Australia,Cash on Delivery
509906,11190,2026-07-20,P4274,Electronics,3,296.38,36.5,564.6,Pakistan,Digital Wallet
509263,11101,2026-08-15,P5455,Home & Kitchen,5,126.65,13.9,545.23,United States,Bank Transfer
503318,10387,2026-07-07,P5183,Beauty,5,122.11,14.5,522.02,United States,Credit Card
506343,10761,2026-07-25,P7947,Clothing,1,117.97,1.1,116.67,United Kingdom,Debit Card
502787,10326,2026-05-06,P9141,Accessories,2,66.4,30.9,91.76,United States,Cash on Delivery
504105,10471,2026-08-11,P8544,Electronics,5,415.1,0.1,2073.42,Pakistan,Credit Card
506355,10762,2026-08-08,P5253,Home & Kitchen,5,254.84,1.6,1253.81,Pakistan,Bank Transfer
501676,10182,2026-07-10,P2762,Clothing,2,83.45,0.2,166.57,United Kingdom,Debit Card
503947,10457,2026-08-05,P3051,Accessories,2,55.19,10.9,98.35,United States,Debit Card
504444,10522,2026-07-26,P8605,Beauty,4,22.58,9.5,81.74,United Kingdom,Credit Card
502936,10340,2026-08-02,P2318,Beauty,6,52.27,7.1,291.35,Australia,Credit Card
509005,11071,2026-07-05,P2222,Sports,2,142.52,2.1,279.05,Canada,Cash on Delivery
507766,10931,2026-06-20,P3556,Home & Kitchen,3,268.83,6.3,755.68,Canada,Cash on Delivery
505722,10681,2026-08-02,P8858,Clothing,3,109.57,27.2,239.3,United Kingdom,Credit Card
507441,10891,2026-07-02,P1017,Clothing,1,21.84,20.0,17.47,United States,Credit Card
502503,10291,2026-07-27,P1912,Clothing,3,68.03,0.3,203.48,United States,Cash on Delivery
508482,11011,2026-08-02,P6537,Clothing,4,106.43,10.8,379.74,Pakistan,Credit Card
502369,10277,2026-06-20,P2760,Clothing,3,55.8,41.6,97.76,Pakistan,Credit Card
504967,10590,2026-08-04,P7400,Sports,1,90.3,16.1,75.76,Pakistan,Debit Card
505883,10702,2026-08-12,P4416,Accessories,6,46.35,8.0,255.85,Pakistan,Debit Card
502217,10255,2026-04-17,P2870,Home & Kitchen,4,240.09,16.3,803.82,Pakistan,Bank Transfer
505847,10699,2026-05-25,P2608,Books,5,20.94,9.5,94.75,Pakistan,Cash on Delivery
502218,10255,2026-05-16,P9885,Accessories,2,105.87,20.1,169.18,Canada,Debit Card
503326,10388,2026-07-17,P7514,Beauty,1,36.81,12.0,32.39,United Kingdom,Cash on Delivery
506733,10811,2025-12-18,P1987,Clothing,1,30.44,22.3,23.65,Australia,Cash on Delivery
503583,10422,2026-05-03,P5886,Accessories,2,113.66,29.9,159.35,Pakistan,Debit Card
509824,11178,2026-08-08,P6211,Home & Kitchen,7,77.67,14.9,462.68,United States,Cash on Delivery
503619,10425,2026-06-29,P6030,Electronics,7,113.95,13.8,687.57,Pakistan,Credit Card
507707,10922,2026-07-04,P5495,Electronics,1,414.59,0.3,413.35,United States,Cash on Delivery
506432,10771,2026-07-21,P6803,,7,161.45,3.4,1091.72,United States,Cash on Delivery
503115,10370,2026-06-29,P1459,Home & Kitchen,6,321.65,13.4,1671.29,Australia,Debit Card
500085,10011,2026-08-11,P5563,Sports,6,74.21,9.8,401.62,Pakistan,Credit Card
505973,10711,2026-07-08,P5585,Accessories,2,42.29,44.0,47.36,Pakistan,Cash on Delivery
502801,10329,2026-01-27,P5073,Clothing,1,55.69,18.1,45.61,United Kingdom,Digital Wallet
503671,10430,2026-08-12,P5533,Clothing,2,143.73,4.1,275.67,United Kingdom,Cash on Delivery
503667,10430,2026-08-10,P7142,Sports,5,63.71,10.5,285.1,Canada,Cash on Delivery
509794,11174,2026-07-23,P1126,Sports,4,151.58,9.2,550.54,Pakistan,Bank Transfer
505158,10609,2026-06-06,P1036,Sports,1,48.44,5.3,45.87,Pakistan,Credit Card
505725,10682,2026-07-14,P3084,Books,5,32.92,13.3,142.71,United States,Digital Wallet
504590,10546,2026-06-28,P2924,Books,3,25.82,6.1,72.73,United Kingdom,Credit Card
502019,10228,2026-05-27,P8243,Home & Kitchen,5,254.34,13.8,1096.21,Pakistan,Debit Card
507831,10937,2026-07-16,P6476,Clothing,3,116.37,0.6,347.02,Pakistan,Digital Wallet
502525,10293,2026-02-23,P8884,Accessories,1,41.77,28.1,30.03,Australia,Cash on Delivery
508286,10985,2026-06-13,P4884,Electronics,3,336.95,19.4,814.75,Canada,Debit Card
509206,11095,2026-08-14,P1635,Sports,2,68.43,20.5,108.8,United States,Credit Card
503212,10376,2026-08-06,P8902,Electronics,2,128.31,4.9,244.05,Pakistan,Credit Card
500519,10059,2026-08-03,P8952,Electronics,2,609.64,9.2,1107.11,United Kingdom,Credit Card
505366,10635,2026-08-03,P3850,Accessories,2,10.62,3.5,20.5,Australia,Credit Card
506762,10815,2026-02-11,P8657,Sports,3,40.93,15.3,104.0,Pakistan,Bank Transfer
502895,10336,2026-08-02,P1122,Electronics,4,346.82,7.0,1290.17,United Kingdom,Credit Card
500244,10026,2026-06-16,P8795,Home & Kitchen,1,224.63,22.3,174.54,Pakistan,Bank Transfer
505930,10705,2026-08-14,P2415,Electronics,4,590.32,13.5,2042.51,United Kingdom,Bank Transfer
504714,10564,2026-07-08,P4995,Clothing,4,51.95,8.8,189.51,United States,Cash on Delivery
509567,11142,2026-05-20,P9704,Sports,3,239.19,14.6,612.8,Pakistan,Credit Card
503425,10401,2026-07-31,P2403,Accessories,7,33.96,2.8,231.06,United Kingdom,Cash on Delivery
506931,10832,2026-02-02,P4149,Home & Kitchen,1,304.11,12.1,267.31,Australia,Digital Wallet
506720,10810,2026-06-30,P2654,Clothing,4,130.03,2.7,506.08,Pakistan,Debit Card
507410,10889,2026-08-07,P4753,Accessories,7,54.95,7.9,354.26,Pakistan,Cash on Delivery
506177,10737,2026-07-28,P1741,Home & Kitchen,1,288.0,19.7,231.26,United States,Cash on Delivery
507250,10872,2026-07-05,P2768,Sports,2,162.92,8.7,297.49,Pakistan,Digital Wallet
505509,10651,2026-07-14,P2725,Sports,4,219.46,2.0,860.28,Pakistan,Credit Card
502001,10225,2026-08-05,P3811,Sports,2,48.6,15.8,81.84,Canada,Cash on Delivery
500885,10094,2026-06-06,P8053,Electronics,2,640.47,1.4,1263.01,United Kingdom,Digital Wallet
500869,10092,2026-05-13,P6291,Home & Kitchen,3,262.51,15.6,664.68,Pakistan,Bank Transfer
509688,11162,2026-07-19,P6150,Home & Kitchen,3,185.37,3.4,537.2,United States,Bank Transfer
505720,10681,2026-07-23,P9720,Electronics,1,606.11,25.4,452.16,Pakistan,Digital Wallet
500356,10037,2026-06-19,P7343,Books,5,66.88,23.4,256.15,Pakistan,Credit Card
509907,11191,2026-07-15,P9122,Accessories,5,93.11,8.9,424.12,Pakistan,Debit Card
505451,10644,2026-04-17,P6002,Clothing,2,85.71,2.8,166.62,Pakistan,Debit Card
508193,10978,2026-07-25,P9958,Books,4,73.62,5.6,277.99,Pakistan,Cash on Delivery
506438,10771,2026-08-09,P4065,Home & Kitchen,7,143.36,13.5,868.04,United States,Credit Card
507704,10921,2026-02-09,P5159,Electronics,2,634.44,16.1,1064.59,Canada,Credit Card
501275,10140,2025-10-15,P2785,Electronics,3,288.89,7.4,802.54,United States,Digital Wallet
501890,10211,2026-01-29,P9614,Electronics,1,595.5,15.8,501.41,Pakistan,Bank Transfer
508686,11035,2026-06-24,P7817,Beauty,4,124.03,4.3,474.79,Pakistan,Cash on Delivery
506568,10784,2026-05-21,P9036,Sports,4,38.72,16.4,129.48,United Kingdom,Digital Wallet
509623,11153,2026-03-13,P3563,Books,3,52.04,22.1,121.62,Pakistan,Credit Card
503563,10420,2026-07-17,P2832,Beauty,2,65.41,42.9,74.7,United Kingdom,Cash on Delivery
505787,10690,2026-07-03,P3942,Electronics,1,287.66,16.4,240.48,Pakistan,Cash on Delivery
504958,10590,2026-06-08,P5457,Beauty,5,54.41,21.2,214.38,United States,Debit Card
501546,10169,2026-06-13,P3247,Beauty,3,86.85,4.0,250.13,Pakistan,Debit Card
502380,10279,2026-03-17,P9527,Electronics,1,381.83,37.6,238.26,Australia,Credit Card
503823,10441,2026-06-11,P8808,Accessories,5,70.0,4.5,334.25,United States,Bank Transfer
503232,10378,2026-06-24,P5942,Clothing,7,39.9,11.5,247.18,United Kingdom,Credit Card
508399,11000,2026-07-14,P2589,Electronics,1,210.91,10.1,189.61,Canada,Debit Card
503306,10386,2026-07-13,P3584,Home & Kitchen,1,320.5,41.0,189.1,United Kingdom,Cash on Delivery
500492,10057,2026-07-23,P6938,Clothing,4,117.07,13.0,407.4,Pakistan,Bank Transfer
503499,10410,2026-08-07,P8768,Home & Kitchen,5,101.0,3.4,487.83,United Kingdom,Bank Transfer
506664,10801,2026-06-15,P2295,Books,1,64.43,20.2,51.42,United States,Credit Card
501116,10123,2026-07-13,P2494,Sports,4,166.23,20.0,531.94,Australia,Debit Card
505637,10669,2026-06-15,P1748,Clothing,3,150.62,8.8,412.1,Canada,Credit Card
508774,11042,2026-07-15,P7637,Books,2,79.63,29.2,112.76,Australia,Debit Card
506146,10734,2026-07-17,P4276,Clothing,2,124.45,6.4,232.97,Pakistan,Digital Wallet
509867,11185,2026-07-27,P5637,Home & Kitchen,4,287.38,10.4,1029.97,Pakistan,Cash on Delivery
508775,11042,2026-07-16,P3454,Clothing,1,128.43,20.7,101.84,United States,Cash on Delivery
506707,10807,2025-12-13,P3997,Clothing,3,110.38,17.6,272.86,Pakistan,Credit Card
509948,11195,2026-07-20,P3224,Beauty,4,107.39,10.2,385.74,Pakistan,Digital Wallet
507965,10954,2025-11-11,P7968,Home & Kitchen,2,69.69,17.2,115.41,Australia,Debit Card
503645,10429,2026-06-09,P4014,Electronics,1,327.3,22.2,254.64,Pakistan,Digital Wallet
502500,10291,2026-07-18,P5835,Home & Kitchen,7,295.97,3.9,1990.99,Pakistan,Digital Wallet
505677,10675,2026-06-20,P4249,Accessories,2,116.41,7.5,215.36,Pakistan,Cash on Delivery
505241,10619,2026-05-29,P3114,Books,2,60.5,16.8,100.67,United Kingdom,Digital Wallet
506518,10776,2026-08-10,P1848,Accessories,2,113.09,4.5,216.0,United States,Debit Card
502783,10324,2026-07-18,P8715,Sports,1,139.93,5.0,132.93,Pakistan,Debit Card
506158,10735,2026-08-05,P7739,Beauty,3,117.89,22.1,275.51,United States,Bank Transfer
503809,10440,2026-08-01,P7595,Accessories,4,105.48,4.5,402.93,Pakistan,Bank Transfer
509428,11121,2026-03-20,P5435,Electronics,1,494.81,24.3,374.57,United Kingdom,Cash on Delivery
509524,11134,2026-06-20,P2504,Clothing,2,111.05,9.6,200.78,United States,Debit Card
508599,11028,2026-06-09,P8014,Accessories,1,22.43,33.6,14.89,Pakistan,Credit Card
501696,10185,2026-07-23,P1393,Clothing,3,140.87,9.8,381.19,Pakistan,Debit Card
505685,10677,2026-08-03,P5405,Accessories,2,98.42,11.4,174.4,Pakistan,Bank Transfer
508367,10998,2026-08-01,P3691,Electronics,3,591.49,9.6,1604.12,United Kingdom,Debit Card
505939,10707,2026-05-20,P7355,Electronics,4,360.32,14.5,1232.29,Canada,Debit Card
502052,10233,2026-05-07,P4181,Books,3,23.77,16.8,59.33,Pakistan,Cash on Delivery
501776,10197,2026-04-15,P1554,Sports,1,198.35,42.1,114.84,Pakistan,Credit Card
506560,10782,2026-07-24,P1705,Home & Kitchen,3,43.63,1.6,128.8,Pakistan,Bank Transfer
503313,10387,2026-04-24,P4477,Accessories,5,77.72,16.3,325.26,Pakistan,Debit Card
504781,10572,2026-06-29,P1491,Clothing,3,55.93,35.2,108.73,Canada,Cash on Delivery
508538,11017,2026-06-09,P9505,Clothing,5,159.28,17.8,654.64,United States,Digital Wallet
506781,10818,2026-06-02,P8646,Clothing,4,71.03,9.2,257.98,United States,Bank Transfer
501592,10173,2026-03-29,P9420,Accessories,1,21.42,4.0,20.56,United Kingdom,Cash on Delivery
501723,10189,2026-07-14,P7018,Clothing,3,59.4,18.9,144.52,United States,Credit Card
500215,10023,2026-07-10,P5500,Clothing,5,133.06,3.0,645.34,Pakistan,Credit Card
506326,10759,2025-12-13,P3346,Sports,2,119.7,16.5,199.9,United Kingdom,Credit Card
508256,10984,2026-06-19,P8816,Accessories,6,55.09,6.3,309.72,United Kingdom,Digital Wallet
500490,10057,2026-07-19,P3130,Clothing,4,119.44,9.9,430.46,Pakistan,Digital Wallet
509133,11082,2026-08-03,P4082,Accessories,4,40.22,8.9,146.56,Canada,Debit Card
503483,10408,2026-08-04,P9501,Home & Kitchen,2,128.85,12.2,226.26,Pakistan,Debit Card
505102,10604,2026-07-20,P8941,Home & Kitchen,6,59.14,12.3,311.19,Australia,Cash on Delivery
505187,10614,2026-06-03,P2072,Clothing,6,141.44,13.6,733.22,United Kingdom,Credit Card
503431,10404,2026-04-18,P8416,Clothing,3,60.59,36.2,115.97,United Kingdom,Credit Card
509198,11095,2026-07-02,P5076,Books,4,17.26,5.0,65.59,Pakistan,Debit Card
507710,10923,2026-03-28,P9334,Clothing,3,47.46,2.8,138.39,United States,Bank Transfer
505513,10651,2026-07-31,P7732,Clothing,4,30.82,14.2,105.77,Pakistan,Cash on Delivery
500025,10004,2026-05-11,P9347,Accessories,3,77.09,6.0,217.39,Australia,Digital Wallet
503512,10411,2026-08-05,P3455,Accessories,2,106.38,17.9,174.68,Pakistan,Debit Card
502409,10283,2026-06-27,P4383,Sports,3,107.12,23.5,245.84,Pakistan,Credit Card
503270,10381,2026-07-01,P5688,Electronics,7,396.2,8.3,2543.21,United Kingdom,Bank Transfer
505209,10617,2026-06-26,P3860,Beauty,7,46.06,6.2,302.43,Pakistan,Cash on Delivery
508711,11037,2026-08-04,P8063,Electronics,5,204.62,13.9,880.89,United Kingdom,Debit Card
501552,10169,2026-07-04,P3189,Electronics,4,330.78,0.3,1319.15,United States,Debit Card
509197,11095,2026-06-22,P2298,Electronics,5,368.19,10.3,1651.33,Pakistan,Digital Wallet
508621,11030,2026-05-18,P5949,Home & Kitchen,2,79.46,15.3,134.61,United Kingdom,Cash on Delivery
503871,10445,2026-07-30,P6520,Clothing,1,30.06,33.7,19.93,United Kingdom,Digital Wallet
503402,10399,2026-07-16,P1919,Home & Kitchen,3,206.31,21.3,487.1,United States,Credit Card
504529,10535,2026-08-05,P1449,Beauty,2,56.08,33.3,74.81,United States,Cash on Delivery
500979,10103,2026-07-07,P6413,Books,3,40.07,22.3,93.4,Pakistan,Digital Wallet
502655,10309,2026-06-12,P5106,Clothing,2,26.13,39.5,31.62,Australia,Bank Transfer
501847,10207,2026-06-06,P2970,Books,6,71.55,12.5,375.64,Pakistan,Cash on Delivery
507964,10953,2026-08-13,P4425,Home & Kitchen,3,267.06,2.4,781.95,Canada,Cash on Delivery
508240,10983,2026-06-15,P8444,Electronics,4,467.26,5.4,1768.11,Pakistan,Credit Card
507145,10858,2026-04-11,P1480,Home & Kitchen,2,87.96,2.0,172.4,United States,Debit Card
507299,10878,2026-06-14,P6245,Books,1,73.87,17.9,60.65,Pakistan,Bank Transfer
505721,10681,2026-07-29,P5385,Electronics,3,207.23,22.1,484.3,Pakistan,Digital Wallet
500515,10059,2026-07-28,P8313,Clothing,7,43.19,9.1,274.82,United Kingdom,Credit Card
508745,11039,2026-07-30,P4596,Electronics,2,670.11,5.2,1270.53,Pakistan,Debit Card
508297,10987,2026-07-07,P2635,Electronics,3,146.9,21.7,345.07,Canada,Digital Wallet
501102,10121,2026-07-05,P1084,Electronics,1,503.51,26.3,371.09,United States,Digital Wallet
503276,10381,2026-07-15,P6093,Beauty,5,52.47,8.3,240.57,Pakistan,Debit Card
507217,10868,2026-08-14,P4049,Beauty,5,64.86,8.8,295.76,Pakistan,Cash on Delivery
507389,10886,2026-06-07,P5166,Electronics,4,685.66,17.6,2259.94,United States,Digital Wallet
509077,11077,2026-08-03,P4921,Books,3,53.2,18.5,130.07,Pakistan,Cash on Delivery
508337,10993,2026-07-08,P7632,Home & Kitchen,2,64.47,16.8,107.28,United Kingdom,Digital Wallet
503996,10460,2026-07-30,P1656,Electronics,7,589.87,9.5,3736.83,United States,Debit Card
500194,10021,2026-07-10,P4225,Home & Kitchen,1,333.29,12.6,291.3,USA,Digital Wallet
504711,10564,2026-06-24,P8704,Books,2,31.25,14.8,53.25,Pakistan,Debit Card
500643,10068,2026-07-21,P5931,Electronics,2,233.49,44.6,258.71,Pakistan,Cash on Delivery
509089,11079,2026-05-30,P4119,Home & Kitchen,3,99.61,6.3,280.0,Australia,Cash on Delivery
503285,10383,2026-07-18,P6084,Home & Kitchen,3,187.73,18.2,460.69,United States,Bank Transfer
503116,10370,2026-06-29,P4226,Beauty,6,56.71,5.1,322.91,Pakistan,Bank Transfer
506476,10774,2026-03-30,P5240,Accessories,4,94.61,0.1,378.06,Australia,Debit Card
503575,10421,2026-05-16,P1148,Sports,1,175.33,32.2,118.87,Canada,Cash on Delivery
509023,11072,2026-07-11,P2564,Beauty,4,108.76,8.7,397.19,United States,Debit Card
504320,10508,2026-06-16,P4831,Accessories,3,118.47,32.7,239.19,United States,Bank Transfer
509992,11200,2026-07-01,P8277,Beauty,4,124.01,10.4,444.45,United States,Debit Card
502207,10254,2026-07-04,P1912,Electronics,4,164.97,12.3,578.71,United Kingdom,Credit Card
504552,10539,2026-05-20,P3421,Clothing,2,43.38,5.3,82.16,United States,Cash on Delivery
507316,10880,2026-05-20,P4499,Beauty,3,93.68,0.8,278.79,Canada,Digital Wallet
503718,10434,2026-08-11,P5301,Electronics,7,413.64,1.6,2849.15,Pakistan,Credit Card
500972,10101,2026-08-10,P8506,Accessories,4,29.7,7.9,109.41,United Kingdom,Credit Card
504579,10543,2026-06-02,P4298,Sports,3,83.88,22.1,196.03,United Kingdom,Cash on Delivery
500719,10075,2026-07-23,P2816,Beauty,1,70.04,20.9,55.4,Pakistan,Bank Transfer
509017,11071,2026-08-03,P7067,Clothing,3,90.69,5.0,258.47,United States,Digital Wallet
506155,10735,2026-08-04,P2544,Sports,4,69.48,25.0,208.44,Canada,Bank Transfer
509430,11122,2026-02-21,P1992,Home & Kitchen,3,182.49,5.2,519.0,United Kingdom,Credit Card
503896,10450,2026-07-30,P2345,Home & Kitchen,6,32.28,2.2,189.42,Pakistan,Bank Transfer
502803,10329,2026-02-11,P5332,Electronics,1,397.28,5.1,377.02,Canada,Cash on Delivery
502566,10297,2026-07-06,P3964,Home & Kitchen,3,136.32,32.2,277.27,Pakistan,Credit Card
504025,10461,2026-08-02,P6809,Books,6,58.38,12.2,307.55,United Kingdom,Digital Wallet
506198,10740,2026-07-22,P4651,Sports,2,156.16,13.7,269.53,United Kingdom,Bank Transfer
500032,10005,2026-06-26,P8282,Sports,1,122.0,7.1,113.34,Pakistan,Credit Card
508307,10989,2026-07-27,P1921,Beauty,5,120.36,24.0,457.37,United States,Bank Transfer
508831,11049,2026-03-28,P9615,Clothing,3,66.68,20.6,158.83,Canada,Bank Transfer
509818,11178,2026-07-27,P7753,Electronics,7,519.24,4.2,3482.02,United Kingdom,Credit Card
504063,10467,2026-05-16,P7501,Clothing,3,74.38,16.3,186.77,Pakistan,Debit Card
508948,11068,2026-06-30,P3965,Home & Kitchen,4,265.64,10.5,950.99,Pakistan,Digital Wallet
505540,10656,2026-06-23,P2237,Sports,3,43.58,10.1,117.54,Canada,Cash on Delivery
501697,10185,2026-07-30,P8509,Books,3,74.43,11.9,196.72,United Kingdom,Digital Wallet
502792,10326,2026-06-27,P9416,Accessories,2,32.52,37.8,40.45,Pakistan,Bank Transfer
502222,10255,2026-06-14,P4005,Accessories,4,16.27,8.6,59.48,Canada,Cash on Delivery
505818,10695,2026-07-20,P1877,Clothing,5,131.36,11.0,584.55,Canada,Debit Card
509662,11160,2026-08-04,P3066,Beauty,2,48.36,4.2,92.66,Pakistan,Cash on Delivery
503764,10437,2026-07-05,P6040,Beauty,7,42.72,3.0,290.07,Canada,Cash on Delivery
503866,10445,2026-07-22,P1991,Clothing,1,26.58,36.4,16.9,Pakistan,Bank Transfer
506421,10770,2026-04-29,P1959,Beauty,2,30.48,30.0,42.67,Canada,Cash on Delivery
509399,11119,2026-05-07,P3351,Beauty,1,115.81,11.6,102.38,United Kingdom,Debit Card
508938,11067,2026-07-17,P5060,Clothing,2,33.92,21.7,53.12,Pakistan,Digital Wallet
506671,10802,2026-06-17,P9324,Sports,3,51.89,24.0,118.31,Pakistan,Debit Card
507978,10956,2026-07-29,P8223,Electronics,1,694.96,2.8,675.5,United States,Cash on Delivery
503758,10437,2026-06-13,P7574,Beauty,4,18.8,9.1,68.36,Australia,Bank Transfer
509774,11171,2026-04-30,P8030,Clothing,3,104.56,10.0,282.31,United Kingdom,Debit Card
503227,10378,2026-06-12,P1807,Clothing,2,135.51,1.9,265.87,United Kingdom,Cash on Delivery
507802,10935,2026-08-11,P5032,Accessories,2,48.16,23.2,73.97,Australia,Bank Transfer
503923,10455,2026-07-31,P4816,Electronics,6,222.8,4.8,1272.63,Pakistan,Debit Card
503904,10450,2026-08-11,P2398,Beauty,6,65.33,1.6,385.71,United Kingdom,Cash on Delivery
502277,10262,2026-04-05,P1218,Home & Kitchen,1,219.14,10.1,197.01,Canada,Digital Wallet
506810,10819,2026-08-06,P3385,Books,5,25.02,8.1,114.97,United States,Debit Card
501401,10153,2026-07-29,P6073,Home & Kitchen,6,234.24,2.0,1377.33,Pakistan,Debit Card
500739,10078,2026-08-06,P3180,Home & Kitchen,3,138.48,8.3,380.96,United States,Bank Transfer
504266,10498,2026-07-25,P1994,Home & Kitchen,2,162.04,4.0,311.12,United Kingdom,Credit Card
509861,11185,2026-07-10,P8181,Books,2,72.85,1.7,143.22,Pakistan,Credit Card
507352,10883,2026-07-27,P9982,Beauty,5,123.09,3.5,593.91,Canada,Debit Card
507518,10899,2026-07-21,P6287,Clothing,4,133.9,9.1,486.86,Pakistan,Bank Transfer
503851,10444,2026-07-22,P6007,Sports,4,175.26,18.4,572.05,United States,Digital Wallet
508631,11031,2026-06-02,P2654,Sports,5,242.12,0.9,1199.7,Pakistan,Bank Transfer
502661,10310,2026-04-14,P9505,Sports,2,102.73,11.4,182.04,Pakistan,Debit Card
506504,10776,2026-07-05,P2643,Home & Kitchen,7,237.57,0.2,1659.66,Pakistan,Digital Wallet
509799,11176,2026-03-14,P2572,Electronics,1,247.29,8.2,227.01,Pakistan,Debit Card
500674,10071,2026-07-30,P8565,Books,1,17.07,40.9,10.09,United Kingdom,Digital Wallet
507105,10855,2026-06-30,P7755,Clothing,4,166.02,12.6,580.41,United States,Cash on Delivery
506360,10763,2026-04-23,P3761,Sports,3,162.45,11.6,430.82,Pakistan,Bank Transfer
503841,10443,2026-06-21,P6595,Electronics,2,492.8,22.1,767.78,Pakistan,Bank Transfer
501815,10202,2026-08-06,P5951,Books,3,15.51,7.6,42.99,Australia,Debit Card
509489,11132,2026-03-21,P5311,Clothing,2,75.43,10.8,134.57,Australia,Bank Transfer
509838,11179,2026-08-09,P1481,Electronics,2,500.91,22.9,772.4,Pakistan,Debit Card
509201,11095,2026-07-14,P8609,Beauty,1,67.74,6.5,63.34,United Kingdom,Cash on Delivery
504653,10558,2026-07-02,P9481,Sports,4,101.48,11.5,359.24,Pakistan,Credit Card
508692,11035,2026-07-18,P6085,Home & Kitchen,6,204.57,13.8,1058.04,United Kingdom,Bank Transfer
502100,10238,2026-08-07,P2020,Clothing,3,90.29,4.7,258.14,United States,Bank Transfer
507711,10924,2026-03-13,P8591,,2,54.95,17.2,91.0,United States,Debit Card
501673,10182,2026-06-30,P4233,Electronics,4,194.1,11.1,690.22,United States,Digital Wallet
502101,10238,2026-08-08,P9337,Books,3,67.97,12.1,179.24,United Kingdom,Debit Card
504213,10488,2026-08-13,P9796,Accessories,5,38.8,9.1,176.35,United Kingdom,Bank Transfer
506958,10834,2026-05-08,P8581,Electronics,1,453.26,21.0,358.08,Australia,Bank Transfer
501548,10169,2026-06-24,P1526,Accessories,7,89.55,10.2,562.91,United States,Bank Transfer
509550,11137,2026-03-29,P8538,Electronics,2,484.52,18.5,789.77,United States,Cash on Delivery
503323,10388,2026-06-27,P6137,Clothing,2,122.29,5.4,231.37,United Kingdom,Digital Wallet
509583,11145,2026-06-12,P2089,Accessories,2,37.48,16.3,62.74,Pakistan,Digital Wallet
500355,10037,2026-05-23,P5792,Electronics,4,676.65,19.1,2189.64,United Kingdom,Digital Wallet
505184,10614,2026-05-29,P2108,Beauty,3,126.41,1.6,373.16,Australia,Credit Card
501461,10160,2026-03-01,P9774,Clothing,2,143.6,18.1,235.22,United Kingdom,Cash on Delivery
507624,10910,2026-06-04,P4681,Accessories,2,65.78,0.6,130.77,Pakistan,Debit Card
509385,11117,2026-07-15,P8448,Home & Kitchen,4,313.6,9.2,1139.0,Australia,Cash on Delivery
503220,10377,2026-08-03,P4224,Sports,3,109.85,30.2,230.03,United States,Bank Transfer
500939,10100,2026-08-05,P7370,Home & Kitchen,6,151.48,5.0,863.44,Canada,Cash on Delivery
505147,10608,2026-07-11,P4226,Accessories,3,19.69,21.8,46.19,Pakistan,Digital Wallet
505923,10705,2026-08-10,P5820,Accessories,5,70.91,1.2,350.3,Pakistan,Debit Card
507883,10941,2026-07-22,P8784,Home & Kitchen,5,113.69,5.4,537.75,Pakistan,Digital Wallet
501751,10191,2026-08-14,P8256,Sports,3,182.67,3.4,529.38,Pakistan,Bank Transfer
509468,11129,2026-08-10,P4578,Electronics,3,691.88,12.9,1807.88,Canada,Bank Transfer
507597,10908,2026-07-07,P6241,Electronics,5,289.06,16.6,1205.38,United Kingdom,Cash on Delivery
501772,10196,2026-07-09,P5274,Clothing,1,28.26,8.1,25.97,Pakistan,Credit Card
501196,10131,2026-05-11,P7168,Clothing,3,41.93,18.5,102.52,Canada,Digital Wallet
501878,10209,2026-08-09,P1469,Accessories,5,45.14,11.2,200.42,Canada,Cash on Delivery
502668,10310,2026-06-10,P6479,Electronics,4,366.96,18.5,1196.29,Pakistan,Digital Wallet
503171,10373,2026-08-12,P1043,Beauty,6,134.88,10.8,721.88,United Kingdom,Digital Wallet
502016,10227,2025-12-15,P6805,Accessories,1,39.94,8.9,36.39,Pakistan,Cash on Delivery
502005,10226,2026-07-05,P4447,Home & Kitchen,3,39.38,19.7,94.87,United States,Bank Transfer
508272,10984,2026-07-28,P3440,Sports,4,56.78,9.0,206.68,Pakistan,Credit Card
503893,10450,2026-07-20,P8762,Accessories,7,52.86,11.9,325.99,Pakistan,Bank Transfer
509991,11200,2026-06-30,P4582,Electronics,3,327.54,12.9,855.86,United Kingdom,Debit Card
503237,10378,2026-07-13,P1623,Accessories,4,55.63,1.2,219.85,Pakistan,Credit Card
504424,10520,2026-07-08,P4674,Clothing,3,42.57,20.9,101.02,Pakistan,Cash on Delivery
504744,10565,2026-07-19,P7215,Sports,4,168.51,0.6,670.0,United Kingdom,Digital Wallet
502078,10236,2026-06-04,P1207,Home & Kitchen,2,107.66,42.9,122.95,United Kingdom,Credit Card
505219,10618,2026-07-26,P3139,Beauty,5,128.19,16.8,533.27,United Kingdom,Credit Card
500396,10043,2026-06-22,P2918,Beauty,5,83.03,5.5,392.32,United Kingdom,Bank Transfer
502788,10326,2026-05-07,P6433,Books,1,47.3,17.9,38.83,Pakistan,Credit Card
508877,11056,2026-07-09,P6255,Books,3,61.38,0.7,182.85,Canada,Debit Card
508638,11031,2026-07-12,P2825,Clothing,2,119.24,10.3,213.92,Pakistan,Bank Transfer
504072,10467,2026-07-21,P1573,Accessories,5,41.92,18.3,171.24,United States,Bank Transfer
505574,10660,2026-02-12,P8195,Beauty,3,123.84,0.5,369.66,Australia,Cash on Delivery
508369,10998,2026-08-02,P9636,Sports,3,39.21,12.2,103.28,Pakistan,Debit Card
509507,11133,2026-07-22,P1695,Books,5,68.03,1.2,336.07,Pakistan,Debit Card
505355,10633,2026-01-05,P2629,Home & Kitchen,1,213.8,15.6,180.45,United States,Digital Wallet
507233,10871,2026-05-27,P7187,Books,5,17.88,0.9,88.6,Pakistan,Bank Transfer
509483,11131,2026-06-03,P3156,Home & Kitchen,2,253.95,37.6,316.93,Canada,Bank Transfer
506820,10821,2026-03-02,P1421,Beauty,3,149.59,19.6,360.81,Pakistan,Debit Card
501519,10167,2026-04-30,P5337,Home & Kitchen,1,141.19,8.8,128.77,United States,Cash on Delivery
508196,10978,2026-08-08,P2577,Sports,2,127.58,1.6,251.08,Pakistan,Cash on Delivery
501378,10151,2026-02-26,P9453,Books,2,16.75,19.7,26.9,United States,Digital Wallet
505672,10674,2026-07-20,P1265,Clothing,1,39.3,21.9,30.69,Australia,Debit Card
501023,10110,2026-08-07,P3105,Sports,2,122.3,2.9,237.51,Pakistan,Debit Card
502587,10300,2026-08-07,P7965,Electronics,3,677.63,1.9,1994.27,United Kingdom,Bank Transfer
507042,10847,2026-06-08,P5644,Beauty,5,89.83,13.0,390.76,Australia,Debit Card
505621,10667,2026-07-07,P2108,Beauty,5,93.24,24.9,350.12,United States,Bank Transfer
507637,10912,2026-07-14,P9818,Books,3,41.15,19.4,99.5,Canada,Bank Transfer
505008,10595,2026-04-09,P6229,Accessories,1,29.46,0.2,29.4,Pakistan,Debit Card
502857,10334,2026-08-11,P1837,Beauty,4,98.88,5.6,373.37,United States,Credit Card
508254,10984,2026-06-19,P7740,Beauty,2,15.8,12.3,27.71,Pakistan,Digital Wallet
505771,10689,2026-01-21,P2516,Electronics,2,175.71,15.7,296.25,Pakistan,Credit Card
505842,10699,2026-03-26,P9180,Home & Kitchen,3,40.54,18.8,98.76,United Kingdom,Cash on Delivery
508027,10961,2026-06-11,P4823,Sports,7,212.25,11.7,1311.92,Pakistan,Debit Card
505832,10696,2026-02-11,P4592,Sports,1,220.14,13.7,189.98,Pakistan,Digital Wallet
501629,10178,2026-04-16,P4534,Home & Kitchen,5,35.55,10.4,159.26,United States,Credit Card
504888,10587,2026-07-07,P1895,Books,4,64.83,14.7,221.2,Australia,Bank Transfer
504526,10535,2026-06-25,P8703,Clothing,2,40.88,40.6,48.57,United Kingdom,Cash on Delivery
503523,10415,2026-04-07,P1830,Sports,1,183.39,15.6,154.78,United Kingdom,Bank Transfer
505904,10704,2026-08-02,P6162,Electronics,3,313.85,8.1,865.28,United States,Debit Card
507781,10931,2026-08-14,P6465,Home & Kitchen,7,297.34,7.0,1935.68,Pakistan,Credit Card
503607,10423,2026-07-29,P4838,Clothing,3,170.55,1.7,502.95,Pakistan,Cash on Delivery
509418,11120,2026-07-18,P1618,Clothing,3,93.7,9.2,255.24,Australia,Debit Card
505220,10618,2026-08-01,P2664,Home & Kitchen,2,274.28,2.9,532.65,Australia,Debit Card
500234,10024,2026-07-11,P6812,Home & Kitchen,5,311.55,4.8,1482.98,United States,Credit Card
507755,10927,2026-08-10,P2509,Books,3,69.7,7.1,194.25,Canada,Credit Card
503796,10440,2026-06-30,P7473,Clothing,4,151.25,5.3,572.93,Pakistan,Debit Card
504118,10472,2026-03-10,P9057,Accessories,3,66.31,9.8,179.43,United Kingdom,Cash on Delivery
506318,10756,2026-08-09,P3095,Clothing,1,163.16,23.1,125.47,Pakistan,Credit Card
505001,10594,2026-07-10,P1721,Clothing,3,43.6,10.5,117.07,Pakistan,Credit Card
503800,10440,2026-07-10,P7463,Books,3,24.77,2.2,72.68,Pakistan,Bank Transfer
507809,10936,2026-06-06,P3968,Home & Kitchen,2,341.59,7.0,635.36,Pakistan,Credit Card
503899,10450,2026-08-07,P1499,Clothing,4,74.36,12.8,259.37,United States,Bank Transfer
505024,10598,2026-08-14,P8522,Sports,1,107.0,6.5,100.05,Pakistan,Credit Card
501948,10219,2026-04-04,P9964,Clothing,2,156.42,22.6,242.14,United Kingdom,Digital Wallet
506361,10763,2026-04-30,P2452,Sports,2,131.12,9.4,237.59,Canada,Bank Transfer
500470,10053,2026-01-10,P3492,Electronics,3,643.86,20.9,1527.88,Pakistan,Digital Wallet
509944,11195,2026-07-09,P6974,Beauty,2,64.52,1.2,127.49,United Kingdom,Cash on Delivery
503492,10409,2026-03-06,P8197,Clothing,3,21.7,0.4,64.84,Pakistan,Cash on Delivery
506091,10727,2026-07-29,P9588,Clothing,6,61.51,9.6,333.63,United States,Cash on Delivery
502671,10310,2026-06-28,P5007,Books,5,73.99,22.5,286.71,Pakistan,Debit Card
509800,11176,2026-05-07,P4098,Clothing,1,117.82,16.2,98.73,United Kingdom,Credit Card
502224,10255,2026-06-26,P1529,Beauty,3,15.04,25.0,33.84,Pakistan,Debit Card
501106,10123,2026-05-17,P8707,Clothing,1,64.41,10.0,57.97,Australia,Bank Transfer
502188,10252,2026-05-27,P7063,Beauty,3,47.02,19.8,113.13,Pakistan,Credit Card
500818,10085,2026-04-11,P3994,Beauty,5,131.49,19.4,529.9,United Kingdom,Bank Transfer
505571,10659,2025-11-14,P2045,Home & Kitchen,2,53.77,7.3,99.69,Canada,Credit Card
504523,10535,2026-03-06,P7520,Accessories,1,31.43,25.0,23.57,Pakistan,Debit Card
505793,10691,2026-06-21,P3910,Books,1,71.46,0.8,70.89,United States,Digital Wallet
509381,11116,2026-03-20,P5708,Beauty,3,56.62,8.4,155.59,United Kingdom,Bank Transfer
508780,11042,2026-08-01,P5201,Accessories,1,96.66,24.6,72.88,Canada,Bank Transfer
507459,10893,2026-08-09,P5852,Home & Kitchen,2,301.07,22.4,467.26,Pakistan,Digital Wallet
502624,10305,2026-07-18,P1595,Accessories,3,54.69,22.4,127.32,,Digital Wallet
507094,10853,2026-08-12,P2946,Sports,1,184.75,24.0,140.41,Australia,Digital Wallet
509392,11117,2026-08-11,P1551,Beauty,3,90.25,2.1,265.06,Canada,Credit Card
509916,11191,2026-07-31,P2195,Accessories,3,24.34,7.7,67.4,United Kingdom,Cash on Delivery
509119,11082,2026-07-03,P7100,Beauty,4,106.93,1.1,423.02,Pakistan,Cash on Delivery
500888,10095,2026-07-16,P5253,Beauty,1,27.01,27.6,19.56,United States,Debit Card
502437,10284,2026-08-11,P9226,Home & Kitchen,6,322.19,14.1,1660.57,United Kingdom,Credit Card
506056,10724,2026-07-01,P6772,Clothing,2,80.28,22.2,124.92,Canada,Cash on Delivery
507064,10851,2026-06-25,P5947,Clothing,3,174.31,11.9,460.7,United Kingdom,Cash on Delivery
500817,10085,2026-04-09,P4759,Electronics,2,123.03,13.3,213.33,Canada,Debit Card
508934,11067,2026-07-02,P2026,Clothing,1,61.25,12.0,53.9,Pakistan,Digital Wallet
503414,10401,2026-07-06,P6771,Accessories,3,35.85,3.6,103.68,Canada,Debit Card
506352,10762,2026-08-04,P3917,Books,3,15.77,16.7,39.41,United Kingdom,Cash on Delivery
502341,10270,2026-08-15,P3951,Beauty,5,139.2,14.4,595.78,United States,Bank Transfer
509029,11072,2026-07-29,P7113,Clothing,2,137.02,17.3,226.63,Australia,Cash on Delivery
503167,10373,2026-08-04,P9308,Electronics,4,536.23,8.1,1971.18,Pakistan,Bank Transfer
501809,10202,2026-06-26,P4183,Books,5,47.25,14.4,202.23,United Kingdom,Cash on Delivery
508035,10961,2026-07-14,P6229,Clothing,4,55.13,1.4,217.43,Australia,Credit Card
501264,10139,2026-07-17,P8683,Home & Kitchen,4,118.06,16.2,395.74,United Kingdom,Cash on Delivery
505086,10603,2026-07-18,P5581,Books,4,17.45,9.5,63.17,Canada,Bank Transfer
509675,11161,2026-07-04,P1565,Home & Kitchen,2,95.26,19.7,152.99,Canada,Cash on Delivery
505835,10697,2026-07-02,P9395,Books,5,66.51,19.6,267.37,Australia,Bank Transfer
505194,10614,2026-07-27,P9544,Electronics,2,492.84,12.7,860.5,Pakistan,Cash on Delivery
504449,10522,2026-08-13,P6193,Sports,4,151.72,13.6,524.34,Pakistan,Debit Card
504945,10589,2026-08-10,P4504,Sports,4,90.06,2.9,349.79,Pakistan,Digital Wallet
504045,10463,2026-07-29,P5934,Home & Kitchen,2,98.0,15.8,165.03,Canada,Credit Card
506503,10776,2026-07-04,P4517,Clothing,5,142.81,10.8,636.93,Australia,Credit Card
503702,10433,2026-03-28,P5462,Home & Kitchen,1,223.83,23.6,171.01,Canada,Cash on Delivery
501035,10111,2026-05-16,P7961,Clothing,2,71.8,22.8,110.86,Australia,Cash on Delivery
509256,11101,2026-08-10,P3868,Electronics,4,175.86,9.4,637.32,United Kingdom,Cash on Delivery
505590,10664,2026-05-07,P1329,Home & Kitchen,4,278.79,8.6,1019.26,Pakistan,Credit Card
501228,10134,2026-04-28,P1347,Beauty,2,148.06,2.3,289.31,Pakistan,Cash on Delivery
509999,11200,2026-08-07,P1174,Sports,5,58.14,5.7,274.13,Canada,Debit Card
506811,10819,2026-08-07,P2944,Electronics,3,157.92,14.4,405.54,Pakistan,Cash on Delivery
505141,10608,2026-05-27,P2005,Clothing,5,54.14,8.3,248.23,Pakistan,Debit Card
500052,10006,2026-08-06,P2015,Clothing,5,42.34,9.6,191.38,United Kingdom,Digital Wallet
509067,11075,2026-03-21,P2823,Accessories,2,98.73,10.6,176.53,Pakistan,Bank Transfer
508395,11000,2026-03-27,P2536,Electronics,1,319.0,8.2,292.84,Pakistan,Bank Transfer
500159,10016,2026-07-28,P3371,Clothing,3,121.77,0.2,364.58,United Kingdom,Credit Card
507552,10902,2026-07-20,P9476,Electronics,7,570.32,8.4,3656.89,Canada,Cash on Delivery
501587,10172,2026-07-25,P5053,Clothing,6,111.49,14.0,575.29,United Kingdom,Bank Transfer
501589,10172,2026-07-31,P4647,Clothing,2,58.58,14.4,100.29,United States,Bank Transfer
509841,11180,2026-04-13,P5580,Clothing,1,160.02,6.6,149.46,Canada,Debit Card
509328,11110,2026-06-24,P3136,Electronics,5,564.69,11.5,2498.75,Canada,Cash on Delivery
506930,10832,2026-01-31,P3031,Home & Kitchen,2,189.37,0.4,377.23,Pakistan,Cash on Delivery
506596,10788,2026-04-14,P8148,Beauty,3,37.06,19.7,89.28,Canada,Digital Wallet
506174,10737,2026-07-23,P6724,Beauty,2,109.63,7.6,202.6,Pakistan,Debit Card
508098,10968,2026-04-16,P9845,Accessories,2,75.74,15.9,127.39,Pakistan,Bank Transfer
503858,10444,2026-08-14,P8981,Sports,2,205.75,9.6,372.0,Australia,Credit Card
509814,11178,2026-07-02,P5253,Electronics,6,202.49,11.6,1074.01,Pakistan,Bank Transfer
506691,10805,2026-04-03,P4114,Electronics,3,170.43,1.2,505.15,Pakistan,Digital Wallet
502828,10332,2026-05-04,P9664,Clothing,1,80.03,26.3,58.98,Canada,Credit Card
500436,10048,2026-04-05,P5833,Home & Kitchen,3,206.22,9.2,561.74,Canada,Credit Card
508274,10984,2026-07-31,P1090,Beauty,6,86.03,11.6,456.3,Canada,Digital Wallet
508168,10976,2026-06-06,P3401,Accessories,3,18.42,7.7,51.0,Australia,Bank Transfer
503878,10448,2026-06-08,P1220,Clothing,1,160.31,20.4,127.61,Canada,Bank Transfer
501588,10172,2026-07-26,P6714,Beauty,7,137.71,5.1,914.81,Pakistan,Debit Card
502780,10324,2026-07-01,P1815,Clothing,1,57.58,19.9,46.12,Pakistan,Credit Card
508981,11069,2026-07-14,P7785,Electronics,1,630.56,2.9,612.27,Canada,Cash on Delivery
508561,11020,2026-08-01,P5297,Clothing,7,93.33,12.5,571.65,Pakistan,Debit Card
505686,10677,2026-08-05,P5416,Clothing,2,53.62,1.5,105.63,Pakistan,Digital Wallet
503965,10459,2026-08-03,P9342,Clothing,5,35.1,7.9,161.64,United States,Cash on Delivery
504727,10564,2026-07-30,P9061,Books,5,60.9,8.5,278.62,Pakistan,Debit Card
500973,10102,2026-03-31,P8018,Sports,3,193.24,19.2,468.41,Pakistan,Credit Card
501238,10135,2026-02-05,P6666,Beauty,3,36.1,6.5,101.26,United Kingdom,Credit Card
502951,10343,2026-07-28,P7272,Books,1,63.46,5.0,60.29,Pakistan,Bank Transfer
502342,10271,2026-07-22,P6003,Clothing,3,161.29,27.5,350.81,Canada,Digital Wallet
506520,10777,2026-06-24,P3701,Accessories,1,43.41,21.2,34.21,United States,Credit Card
507310,10879,2026-07-25,P3047,Books,3,66.4,0.4,198.4,United Kingdom,Debit Card
506046,10723,2026-07-25,P8825,Books,4,48.42,6.2,181.67,Pakistan,Bank Transfer
502158,10247,2026-06-27,P9029,Electronics,2,647.99,21.1,1022.53,Canada,Bank Transfer
509288,11106,2026-07-12,P3197,Electronics,3,105.19,2.4,308.0,Pakistan,Bank Transfer
506589,10786,2026-03-13,P1235,Clothing,3,99.09,5.2,281.81,Pakistan,Cash on Delivery
501497,10165,2026-07-10,P1599,Clothing,2,171.99,2.1,336.76,United Kingdom,Debit Card
504545,10538,2026-07-16,P6806,Beauty,4,114.81,4.3,439.49,United States,Digital Wallet
506465,10773,2026-07-29,P3943,Books,4,10.74,0.6,42.7,Pakistan,Digital Wallet
504257,10496,2026-08-04,P6633,Electronics,3,514.78,16.9,1283.35,Pakistan,Debit Card
502422,10284,2026-07-18,P3513,Accessories,7,18.64,10.9,116.26,United Kingdom,Digital Wallet
508564,11020,2026-08-04,P4707,Electronics,4,198.25,9.3,719.25,Pakistan,Digital Wallet
505185,10614,2026-05-30,P4298,Clothing,4,127.88,7.2,474.69,Canada,Debit Card
505647,10670,2026-06-06,P1608,Books,3,9.61,18.8,23.41,Pakistan,Debit Card
500357,10037,2026-06-25,P9742,Home & Kitchen,2,244.17,6.5,456.6,Pakistan,Debit Card
505242,10619,2026-06-23,P7951,Electronics,2,240.41,34.6,314.46,United Kingdom,Debit Card
508011,10959,2026-06-18,P3353,Books,2,16.36,8.0,30.1,Australia,Bank Transfer
509240,11099,2026-05-15,P6806,Electronics,1,587.93,35.8,377.45,Pakistan,Bank Transfer
502092,10237,2026-08-11,P4709,Sports,2,195.45,12.7,341.26,Pakistan,Digital Wallet
505409,10640,2026-06-06,P9491,,2,93.33,17.3,154.37,Australia,Digital Wallet
502015,10226,2026-08-15,P7066,Sports,2,180.71,14.9,307.57,United Kingdom,Digital Wallet
509059,11074,2026-07-25,P8911,Books,6,78.36,8.1,432.08,Pakistan,Credit Card
504044,10463,2026-07-05,P8721,Electronics,1,285.12,28.8,203.01,Pakistan,Bank Transfer
500187,10020,2026-07-07,P2916,Books,3,16.82,8.2,46.32,Pakistan,Debit Card
506858,10823,2026-06-23,P9552,Home & Kitchen,3,194.49,7.3,540.88,Pakistan,Bank Transfer
503655,10430,2026-08-05,P4277,Books,3,20.25,5.9,57.17,Australia,Digital Wallet
503426,10401,2026-08-03,P1973,Clothing,6,173.25,6.8,968.81,Pakistan,Bank Transfer
507194,10867,2026-03-23,P1007,Books,3,30.6,24.4,69.4,Pakistan,Digital Wallet
501381,10152,2026-03-19,P8714,Clothing,2,82.08,7.4,152.01,United States,Digital Wallet
507468,10894,2026-08-10,P7065,Home & Kitchen,5,181.12,3.4,874.81,United Kingdom,Bank Transfer
500413,10045,2026-07-18,P1132,Sports,1,236.79,12.9,206.24,United States,Cash on Delivery
505037,10600,2026-06-14,P7751,Home & Kitchen,2,125.65,5.3,237.98,Pakistan,Debit Card
504897,10587,2026-07-28,P4692,Beauty,7,110.55,1.8,759.92,Australia,Credit Card
503336,10389,2026-08-05,P3858,Books,2,57.97,41.9,67.36,United States,Cash on Delivery
503606,10423,2026-07-24,P9879,Electronics,5,251.92,1.5,1240.71,United States,Bank Transfer
503175,10374,2026-04-13,P4368,Clothing,3,139.51,13.0,364.12,United Kingdom,Credit Card
502241,10259,2026-05-10,P6006,Clothing,3,156.34,5.2,444.63,United States,Digital Wallet
509708,11163,2026-07-24,P3820,Beauty,4,96.67,5.3,366.19,Pakistan,Credit Card
507796,10935,2026-06-23,P8382,Electronics,1,155.45,20.1,124.2,Canada,Cash on Delivery
500256,10027,2026-06-15,P6011,Books,4,43.09,23.2,132.37,Australia,Bank Transfer
508620,11030,2026-05-16,P8957,Beauty,2,106.67,28.0,153.6,United Kingdom,Cash on Delivery
500200,10022,2026-07-16,P5212,Accessories,2,10.67,3.7,20.55,Canada,Bank Transfer
502235,10258,2026-01-08,P3427,Books,3,28.98,4.7,82.85,Pakistan,Digital Wallet
504743,10565,2026-07-11,P4058,Clothing,5,158.66,11.5,702.07,United Kingdom,Digital Wallet
501767,10195,2026-08-02,P3047,Accessories,5,98.5,15.4,416.65,United Kingdom,Credit Card
504236,10493,2026-06-03,P3312,Books,4,48.67,20.6,154.58,Australia,Debit Card
506729,10810,2026-08-02,P9480,Beauty,3,19.04,2.0,55.98,Pakistan,Cash on Delivery
508450,11007,2026-02-21,P4858,Sports,3,28.67,17.2,71.22,Australia,Digital Wallet
507277,10875,2026-08-11,P1138,Electronics,7,447.14,7.0,2910.88,Pakistan,Debit Card
501572,10171,2026-05-25,P2187,Clothing,1,140.51,0.0,140.51,Pakistan,Credit Card
500024,10004,2026-05-07,P5204,Home & Kitchen,1,142.39,7.3,132.0,Pakistan,Cash on Delivery
503363,10395,2026-05-04,P7044,Clothing,5,159.41,10.4,714.16,United States,Digital Wallet
501088,10119,2025-12-26,P1950,Beauty,1,46.31,0.5,46.08,United States,Cash on Delivery
504674,10559,2026-05-27,P7991,Sports,1,52.25,24.4,39.5,United States,Credit Card
502694,10313,2026-07-30,P3441,Electronics,6,412.41,7.4,2291.35,United States,Debit Card
507582,10905,2026-05-26,P1851,Electronics,3,109.21,0.9,324.68,Canada,Cash on Delivery
503398,10399,2026-06-01,P6918,Electronics,3,220.28,37.6,412.36,United Kingdom,Bank Transfer
503559,10419,2026-02-25,P5945,Home & Kitchen,3,109.85,11.4,291.98,Pakistan,Debit Card
509156,11088,2026-06-09,P9696,Electronics,1,360.49,24.2,273.25,United States,Debit Card
502841,10333,2026-08-15,P2677,Beauty,5,136.36,3.1,660.66,Pakistan,Bank Transfer
502311,10268,2026-01-21,P3718,Home & Kitchen,2,342.86,26.5,504.0,Pakistan,Cash on Delivery
508333,10993,2026-05-14,P4784,Books,2,56.52,16.3,94.61,Pakistan,Digital Wallet
503234,10378,2026-07-05,P3960,Books,6,36.06,8.8,197.32,Canada,Cash on Delivery
504152,10475,2026-01-08,P5231,Electronics,3,402.19,8.0,1110.04,United States,Digital Wallet
501309,10145,2026-07-27,P5545,Home & Kitchen,5,200.29,21.8,783.13,Pakistan,Digital Wallet
500695,10073,2026-07-21,P3419,Electronics,6,164.78,0.3,985.71,Australia,Bank Transfer
509859,11185,2026-07-02,P6589,Beauty,3,63.79,7.2,177.59,Australia,Debit Card
503752,10437,2026-06-02,P4324,Clothing,2,58.74,12.0,103.38,United Kingdom,Bank Transfer
506337,10761,2026-06-23,P2234,Clothing,3,148.6,10.6,398.55,United States,Credit Card
501227,10134,2026-04-21,P6852,Accessories,4,107.36,6.8,400.24,United Kingdom,Debit Card
501999,10225,2026-06-23,P9389,Clothing,1,149.2,3.0,144.72,Pakistan,Bank Transfer
500276,10029,2026-07-04,P6495,Electronics,3,671.05,1.7,1978.93,United Kingdom,Credit Card
508176,10977,2026-06-03,P9380,Books,1,49.56,7.0,46.09,Australia,Digital Wallet
507664,10917,2026-06-23,P2906,Home & Kitchen,2,336.92,10.5,603.09,United Kingdom,Debit Card
505929,10705,2026-08-14,P1850,Sports,7,195.92,11.4,1215.1,Australia,Credit Card
502953,10343,2026-08-12,P5010,Sports,3,118.65,2.2,348.12,Pakistan,Debit Card
503637,10425,2026-08-05,P1491,Clothing,3,99.53,0.6,296.8,Canada,Cash on Delivery
503906,10450,2026-08-11,P8742,Home & Kitchen,6,323.06,11.0,1725.14,Pakistan,Cash on Delivery
504778,10572,2026-05-06,P3897,Beauty,3,117.08,20.6,278.88,Pakistan,Debit Card
505845,10699,2026-04-28,P7945,Clothing,5,55.27,17.3,228.54,Pakistan,Debit Card
509698,11163,2026-05-16,P1250,Sports,5,141.87,14.6,605.78,Pakistan,Credit Card
504117,10471,2026-08-15,P8269,Accessories,4,92.31,2.9,358.53,United Kingdom,Digital Wallet
507030,10845,2026-07-27,P2756,Clothing,7,111.08,7.2,721.58,Pakistan,Credit Card
501137,10124,2026-08-04,P6840,Beauty,6,122.34,0.7,728.9,Pakistan,Bank Transfer
502767,10322,2026-07-04,P2944,Accessories,1,95.12,40.4,56.69,Canada,Debit Card
502334,10270,2026-07-26,P3048,Beauty,2,42.64,23.1,65.58,Pakistan,Debit Card
507706,10922,2026-06-27,P6773,Electronics,3,370.6,7.6,1027.3,United States,Debit Card
500942,10100,2026-08-09,P2620,Electronics,4,545.04,14.8,1857.5,Pakistan,Debit Card
507662,10917,2026-06-21,P5788,Home & Kitchen,5,179.41,14.5,766.98,United Kingdom,Credit Card
502490,10291,2026-06-21,P2757,Electronics,7,539.33,10.0,3397.78,United States,Debit Card
509679,11161,2026-07-24,P8901,Clothing,2,45.64,20.0,73.02,Australia,Cash on Delivery
506290,10753,2026-03-09,P8456,Electronics,1,206.18,19.1,166.8,United Kingdom,Credit Card
504935,10589,2026-08-02,P2326,Sports,6,165.83,8.1,914.39,Australia,Debit Card
503935,10455,2026-08-14,P7266,Clothing,6,93.75,12.2,493.88,Pakistan,Cash on Delivery
506956,10834,2026-04-18,P9776,Electronics,4,374.72,7.2,1390.96,Pakistan,Cash on Delivery
502384,10279,2026-07-15,P3411,Electronics,2,248.98,29.1,353.05,United States,Cash on Delivery
500115,10013,2026-04-23,P1919,Electronics,2,422.47,25.9,626.1,Pakistan,Digital Wallet
501863,10209,2026-07-20,P5090,Sports,3,61.64,10.9,164.76,Pakistan,Bank Transfer
509976,11199,2026-07-03,P5320,Books,1,57.33,34.4,37.61,Australia,Bank Transfer
503119,10370,2026-07-05,P1675,Clothing,7,41.64,1.0,288.57,Pakistan,Cash on Delivery
504258,10496,2026-08-06,P3168,Clothing,3,132.86,11.3,353.54,Canada,Bank Transfer
506705,10806,2026-07-13,P6865,Home & Kitchen,2,222.2,34.4,291.53,Pakistan,Digital Wallet
500902,10098,2026-02-26,P3673,Home & Kitchen,1,210.95,15.0,179.31,Pakistan,Digital Wallet
502819,10331,2026-05-24,P9302,,3,82.69,16.7,206.64,United States,Digital Wallet
503822,10441,2026-06-09,P1894,Beauty,5,107.82,6.6,503.52,Canada,Cash on Delivery
508161,10975,2026-07-30,P8269,Electronics,5,516.91,4.5,2468.25,United Kingdom,Credit Card
506890,10827,2026-08-07,P8496,Clothing,2,77.07,4.5,147.2,Pakistan,Bank Transfer
509090,11079,2026-05-30,P2790,Electronics,3,297.11,8.6,814.68,United States,Bank Transfer
504699,10562,2026-08-13,P8189,Sports,2,102.07,8.0,187.81,United Kingdom,Digital Wallet
508918,11065,2026-05-28,P3552,Electronics,2,153.11,17.7,252.02,Australia,Bank Transfer
503802,10440,2026-07-15,P3571,Sports,3,107.24,14.5,275.07,Pakistan,Cash on Delivery
506068,10726,2026-07-14,P9484,Electronics,3,99.8,32.4,202.39,Pakistan,Credit Card
505810,10693,2026-05-02,P2045,Electronics,1,234.2,19.3,189.0,Pakistan,Credit Card
503536,10417,2026-04-26,P5204,Sports,1,222.07,6.8,206.97,Pakistan,Cash on Delivery
503825,10441,2026-06-24,P5673,Sports,2,31.71,7.0,58.98,Pakistan,Bank Transfer
508642,11031,2026-07-16,P7461,Clothing,3,30.5,11.0,81.44,United Kingdom,Debit Card
508608,11028,2026-07-26,P6549,Books,2,60.21,33.2,80.44,Pakistan,Bank Transfer
504810,10577,2026-07-21,P8232,Home & Kitchen,7,200.44,3.6,1352.57,Australia,Debit Card
501946,10218,2026-07-18,P4086,Electronics,2,319.62,15.2,542.08,Australia,Bank Transfer
508600,11028,2026-06-10,P8312,Sports,3,121.74,39.4,221.32,United States,Bank Transfer
507136,10857,2026-07-14,P5129,Sports,6,138.22,8.6,758.0,United Kingdom,Debit Card
505335,10630,2026-07-08,P4793,Home & Kitchen,1,55.0,22.8,42.46,Pakistan,Cash on Delivery
503488,10408,2026-08-13,P2398,Clothing,5,161.42,4.0,774.82,Pakistan,Bank Transfer
501610,10176,2026-05-29,P9796,Electronics,4,380.66,0.2,1519.59,Pakistan,Bank Transfer
507461,10894,2026-07-20,P4120,Books,2,43.18,13.1,75.05,Pakistan,Cash on Delivery
508473,11010,2026-06-08,P4811,Electronics,1,252.33,5.8,237.69,Canada,Bank Transfer
504677,10559,2026-07-22,P3149,Clothing,3,55.89,29.5,118.21,Canada,Credit Card
504959,10590,2026-06-15,P2821,Beauty,5,96.52,12.0,424.69,Pakistan,Debit Card
505867,10702,2026-07-13,P7499,Clothing,5,37.29,7.6,172.28,Pakistan,Cash on Delivery
508763,11040,2026-07-14,P7395,Sports,4,68.17,22.4,211.6,Australia,Debit Card
504761,10568,2026-06-21,P4036,Home & Kitchen,2,216.12,17.1,358.33,Pakistan,Debit Card
502194,10252,2026-07-28,P5560,Beauty,5,53.13,13.6,229.52,Pakistan,Digital Wallet
508003,10958,2026-08-15,P1146,Beauty,4,61.29,5.5,231.68,Pakistan,Credit Card
505701,10678,2026-07-01,P6242,Books,3,35.05,16.7,87.59,Pakistan,Digital Wallet
505113,10605,2026-07-06,P1792,Electronics,7,146.24,7.6,945.88,Pakistan,Credit Card
500557,10062,2026-06-25,P2631,Beauty,5,124.01,8.4,567.97,United Kingdom,Debit Card
508065,10964,2026-08-08,P1258,Sports,4,195.52,18.4,638.18,United Kingdom,Digital Wallet
505139,10608,2026-05-17,P1904,Electronics,3,589.11,13.0,1537.58,United Kingdom,Bank Transfer
501207,10133,2026-06-29,P7436,Electronics,2,455.43,1.6,896.29,Pakistan,Cash on Delivery
507033,10845,2026-08-09,P9479,Books,7,50.99,3.3,345.15,Australia,Debit Card
507309,10879,2026-07-18,P9814,Home & Kitchen,2,324.23,4.9,616.69,Australia,Digital Wallet
501510,10165,2026-08-10,P1994,Accessories,5,96.91,14.2,415.74,Pakistan,Cash on Delivery
506769,10816,2026-07-15,P4906,Clothing,1,86.4,0.3,86.14,United States,Digital Wallet
503829,10441,2026-07-12,P6033,Clothing,4,134.56,11.5,476.34,United States,Bank Transfer
503732,10435,2026-08-06,P4228,Home & Kitchen,5,83.51,15.0,354.92,United Kingdom,Bank Transfer
507957,10953,2026-05-28,P9875,Clothing,5,110.72,3.7,533.12,United Kingdom,Debit Card
503211,10376,2026-08-02,P1159,Home & Kitchen,1,168.66,21.1,133.07,Pakistan,Credit Card
503630,10425,2026-07-18,P9833,Home & Kitchen,5,97.07,8.2,445.55,Canada,Cash on Delivery
501708,10187,2026-07-28,P4866,Sports,2,108.88,36.3,138.71,Pakistan,Credit Card
501845,10207,2026-05-27,P1255,Sports,3,41.93,1.4,124.03,United Kingdom,Debit Card
500266,10028,2025-12-25,P2850,Books,1,25.16,18.8,20.43,Pakistan,Cash on Delivery
505985,10715,2026-07-30,P6373,Clothing,5,176.07,18.6,716.6,Canada,Cash on Delivery
501140,10124,2026-08-11,P8960,Clothing,2,57.89,11.2,102.81,Pakistan,Cash on Delivery
503162,10373,2026-07-14,P2781,Beauty,7,106.5,0.8,739.54,United Kingdom,Bank Transfer
506207,10740,2026-08-13,P7557,Home & Kitchen,3,171.46,9.0,468.09,Canada,Bank Transfer
502046,10232,2026-06-29,P7539,Electronics,3,507.81,17.9,1250.74,Pakistan,Credit Card
503730,10435,2026-08-03,P7920,Home & Kitchen,3,263.19,3.4,762.72,Pakistan,Credit Card
501909,10215,2026-06-28,P5879,Home & Kitchen,1,289.42,36.9,182.62,United States,Cash on Delivery
507307,10879,2026-07-16,P7939,Beauty,3,126.78,2.9,369.31,Canada,Bank Transfer
502660,10310,2026-04-08,P9310,Clothing,4,127.96,9.6,462.7,Pakistan,Digital Wallet
500656,10069,2026-07-30,P9592,Accessories,3,61.43,12.2,161.81,Australia,Digital Wallet
506660,10801,2026-03-25,P2901,Clothing,3,20.46,38.3,37.87,United States,Digital Wallet
501307,10145,2026-07-24,P8000,Beauty,1,92.55,14.5,79.13,United States,Bank Transfer
509429,11122,2026-02-08,P2388,Books,2,71.13,14.4,121.77,Pakistan,Cash on Delivery
500998,10106,2026-05-02,P4667,Beauty,2,33.79,6.1,63.46,United States,Credit Card
507432,10890,2026-06-20,P6643,Accessories,1,83.23,14.9,70.83,Pakistan,Credit Card
502834,10333,2026-07-25,P2604,Clothing,6,26.26,9.5,142.59,United States,Credit Card
509178,11090,2026-07-31,P7973,Books,1,73.88,13.6,63.83,Pakistan,Bank Transfer
505880,10702,2026-08-06,P4992,Books,6,8.64,7.8,47.8,Canada,Cash on Delivery
501237,10135,2025-10-24,P5107,Beauty,1,144.7,16.6,120.68,Canada,Digital Wallet
502151,10245,2026-08-13,P1026,Beauty,7,101.94,0.2,712.15,Pakistan,Debit Card
507919,10947,2026-06-13,P9323,Clothing,5,81.63,10.8,364.07,United Kingdom,Credit Card
509695,11162,2026-07-29,P5019,Clothing,4,89.26,6.0,335.62,Australia,Credit Card
507189,10863,2025-11-22,P5132,Home & Kitchen,3,227.86,20.8,541.4,Pakistan,Credit Card
508303,10989,2026-05-29,P2210,Electronics,3,171.14,8.1,471.83,Canada,Bank Transfer
506578,10784,2026-07-19,P8529,Accessories,5,118.25,13.4,512.02,Canada,Bank Transfer
505091,10604,2026-06-11,P2450,Electronics,6,229.85,12.6,1205.33,Canada,Bank Transfer
502186,10252,2026-05-19,P3747,Books,5,38.18,11.1,169.71,Pakistan,Debit Card
501134,10124,2026-07-27,P1472,Books,4,44.33,13.3,153.74,Pakistan,Debit Card
505004,10594,2026-08-09,P1300,Clothing,3,174.69,12.4,459.09,United Kingdom,Cash on Delivery
507974,10956,2026-07-23,P5759,Accessories,1,92.23,18.1,75.54,USA,Cash on Delivery
501303,10144,2026-07-11,P7991,Home & Kitchen,4,207.14,16.7,690.19,United Kingdom,Debit Card
508468,11009,2026-07-28,P4201,Accessories,5,43.78,18.9,177.53,Canada,Bank Transfer
501627,10177,2026-06-21,P8483,Home & Kitchen,2,307.07,10.1,552.11,Australia,Debit Card
509281,11106,2026-05-27,P4608,Books,1,73.26,19.8,58.75,Pakistan,Debit Card
501522,10167,2026-05-20,P6011,Clothing,4,157.67,9.3,572.03,Pakistan,Credit Card
509810,11178,2026-06-20,P1280,Sports,5,103.17,3.6,497.28,Pakistan,Bank Transfer
500358,10037,2026-07-02,P8135,Accessories,4,110.93,3.2,429.52,United States,Debit Card
500138,10015,2026-07-01,P4197,Books,4,27.63,14.5,94.49,Canada,Cash on Delivery
500299,10030,2026-08-12,P5453,Home & Kitchen,7,54.63,11.1,339.96,United Kingdom,Cash on Delivery
501556,10169,2026-07-09,P9645,Clothing,2,126.97,8.2,233.12,United Kingdom,Debit Card
505099,10604,2026-07-15,P4371,Books,3,31.38,7.8,86.8,Pakistan,Digital Wallet
500382,10041,2026-07-25,P4803,Clothing,3,142.76,3.9,411.58,Pakistan,Debit Card
508312,10990,2026-03-13,P2024,Accessories,1,119.43,44.8,65.93,Canada,Cash on Delivery
506948,10833,2026-08-12,P3333,Books,2,18.83,7.1,34.99,United States,Bank Transfer
504857,10584,2026-06-28,P3382,Beauty,3,119.04,14.5,305.34,Canada,Debit Card
503180,10375,2026-07-24,P5461,Clothing,3,173.21,3.4,501.96,Australia,Bank Transfer
501439,10158,2026-07-27,P9032,Electronics,2,441.72,27.3,642.26,United Kingdom,Credit Card
507269,10875,2026-08-09,P7883,Books,6,53.33,4.5,305.58,Pakistan,Bank Transfer
505673,10675,2025-10-08,P4333,Accessories,3,112.16,22.8,259.76,Pakistan,Digital Wallet
500946,10100,2026-08-14,P4584,Electronics,3,651.78,8.8,1783.27,Pakistan,Digital Wallet
502390,10281,2026-02-23,P3601,Clothing,2,26.12,18.8,42.42,Pakistan,Cash on Delivery
505498,10649,2026-05-25,P6851,Beauty,1,22.09,22.4,17.14,Australia,Credit Card
507073,10851,2026-08-06,P7612,Sports,3,161.97,1.1,480.56,Pakistan,Digital Wallet
509230,11097,2026-08-10,P4406,Books,5,24.24,12.7,105.81,Pakistan,Debit Card
502721,10317,2026-05-05,P6209,Beauty,1,102.57,13.4,88.83,United Kingdom,Bank Transfer
501932,10217,2026-06-19,P7091,Home & Kitchen,1,77.58,9.5,70.21,United Kingdom,Bank Transfer
507423,10889,2026-08-12,P9606,Electronics,4,405.27,2.7,1577.31,United States,Digital Wallet
503236,10378,2026-07-12,P6869,Accessories,5,27.98,3.6,134.86,United Kingdom,Debit Card
503140,10371,2026-08-09,P3233,Home & Kitchen,6,165.54,2.2,971.39,United Kingdom,Cash on Delivery
504163,10477,2026-07-29,P5677,Home & Kitchen,6,237.18,11.5,1259.43,Pakistan,Digital Wallet
508888,11057,2026-06-15,P9856,Accessories,2,104.41,22.6,161.63,Pakistan,Cash on Delivery
503807,10440,2026-07-25,P7852,Home & Kitchen,5,156.96,1.3,774.6,Pakistan,Debit Card
509479,11131,2026-05-14,P2437,Clothing,3,90.86,25.7,202.53,United Kingdom,Bank Transfer
506983,10838,2026-07-26,P4218,Beauty,4,105.25,18.3,343.96,Pakistan,Bank Transfer
508904,11060,2026-07-11,P2303,Accessories,2,106.56,8.9,194.15,United States,Debit Card
509722,11164,2026-07-21,P6148,Home & Kitchen,3,120.1,38.4,221.94,Pakistan,Cash on Delivery
504154,10475,2026-06-12,P7704,Beauty,2,41.02,16.1,68.83,United Kingdom,Cash on Delivery
504172,10477,2026-08-11,P7983,Sports,3,220.05,14.0,567.73,Pakistan,Cash on Delivery
500796,10083,2026-07-30,P2482,Accessories,5,51.29,13.9,220.8,United States,Cash on Delivery
502416,10283,2026-08-15,P1142,Clothing,3,71.57,8.3,196.89,Pakistan,Credit Card
507170,10860,2026-08-12,P8655,Books,5,21.74,10.5,97.29,United Kingdom,Digital Wallet
506139,10732,2026-08-10,P5821,Home & Kitchen,2,225.43,15.8,379.62,Pakistan,Digital Wallet
500785,10081,2026-04-16,P9621,Home & Kitchen,2,337.76,14.6,576.89,United States,Bank Transfer
507067,10851,2026-07-04,P6657,Electronics,7,282.57,3.7,1904.8,Pakistan,Credit Card
503158,10373,2026-07-01,P8750,Clothing,4,133.12,4.3,509.58,Canada,Digital Wallet
500123,10013,2026-07-25,P1421,Beauty,2,18.25,18.8,29.64,Pakistan,Debit Card
509457,11129,2026-06-19,P1449,Clothing,3,51.56,21.5,121.42,Pakistan,Debit Card
509246,11100,2026-07-12,P3352,Electronics,2,588.0,21.6,921.98,United States,Bank Transfer
502172,10251,2026-03-22,P6456,Clothing,3,79.4,17.2,197.23,Pakistan,Cash on Delivery
502169,10250,2026-02-06,P9628,Beauty,2,59.97,24.5,90.55,United Kingdom,Digital Wallet
506880,10826,2025-10-21,P4986,Electronics,2,569.83,9.5,1031.39,Pakistan,Digital Wallet
504009,10460,2026-08-15,P5766,Electronics,2,497.22,7.6,918.86,Pakistan,Credit Card
509296,11107,2026-07-30,P7589,Clothing,3,136.73,8.7,374.5,Pakistan,Credit Card
504340,10512,2026-06-20,P7039,Beauty,1,35.87,22.5,27.8,United States,Digital Wallet
500910,10099,2026-07-08,P7752,Accessories,2,77.79,14.4,133.18,Pakistan,Digital Wallet
506268,10750,2026-06-05,P1472,Accessories,2,93.17,2.9,180.94,United States,Cash on Delivery
507771,10931,2026-07-09,P6987,Sports,2,143.39,12.7,250.36,Pakistan,Debit Card
502309,10268,2026-01-12,P9428,Accessories,3,50.54,22.5,117.51,Pakistan,Cash on Delivery
509658,11160,2026-07-27,P2476,Books,7,66.38,8.1,427.02,United Kingdom,Credit Card
503634,10425,2026-07-30,P9003,Electronics,2,600.15,13.1,1043.06,United States,Cash on Delivery
501257,10138,2026-04-10,P8902,Beauty,2,99.5,22.7,153.83,Pakistan,Digital Wallet
506591,10787,2026-05-20,P5429,Home & Kitchen,1,338.16,2.9,328.35,Pakistan,Cash on Delivery
504458,10524,2026-07-07,P8524,Accessories,2,71.51,39.1,87.1,Pakistan,Debit Card
506133,10732,2026-07-29,P9144,Books,2,72.03,43.8,80.96,United States,Cash on Delivery
501178,10129,2026-08-08,P8614,Home & Kitchen,6,227.98,11.3,1213.31,Pakistan,Debit Card
504652,10558,2026-06-27,P8777,Beauty,4,131.31,5.2,497.93,Pakistan,Credit Card
506218,10742,2026-07-20,P2725,Electronics,3,549.33,20.0,1318.39,Pakistan,Cash on Delivery
503650,10429,2026-07-04,P9256,Books,4,33.6,21.8,105.1,Pakistan,Credit Card
500442,10050,2026-06-19,P9791,Accessories,2,85.43,10.8,152.41,Pakistan,Debit Card
503415,10401,2026-07-08,P3611,Clothing,4,31.01,13.5,107.29,Pakistan,Cash on Delivery
501399,10153,2026-07-20,P2586,Accessories,5,35.33,14.1,151.74,Pakistan,Cash on Delivery
501457,10160,2026-01-03,P9116,Clothing,2,65.55,35.7,84.3,United States,Credit Card
507524,10899,2026-08-10,P6157,Books,4,36.6,14.9,124.59,Pakistan,Debit Card
505744,10683,2026-07-23,P7238,Electronics,4,378.19,12.8,1319.13,United Kingdom,Digital Wallet
501054,10114,2026-06-07,P3006,Sports,3,73.81,44.9,122.01,Pakistan,Credit Card
508998,11070,2026-07-14,P9967,Home & Kitchen,4,290.38,22.4,901.34,United States,Debit Card
503275,10381,2026-07-13,P9801,Electronics,2,363.75,0.9,720.95,United States,Credit Card
501463,10160,2026-03-18,P7107,Clothing,1,113.68,30.4,79.12,Pakistan,Cash on Delivery
503699,10432,2026-07-22,P3920,Books,2,9.02,22.4,14.0,United States,Credit Card
503759,10437,2026-06-14,P8329,Home & Kitchen,4,281.18,1.6,1106.72,Canada,Cash on Delivery
500929,10100,2026-07-23,P7911,Home & Kitchen,2,40.77,6.3,76.4,Pakistan,Credit Card
505511,10651,2026-07-28,P4075,Beauty,2,78.53,3.1,152.19,Pakistan,Cash on Delivery
506468,10773,2026-08-08,P2433,Home & Kitchen,4,38.16,12.4,133.71,United Kingdom,Digital Wallet
508412,11001,2026-08-11,P2536,Home & Kitchen,1,177.51,11.7,156.74,United Kingdom,Bank Transfer
501829,10206,2026-08-02,P7287,Beauty,2,109.81,11.2,195.02,United Kingdom,Debit Card
502928,10340,2026-07-21,P1586,Accessories,4,26.99,8.5,98.78,United States,Debit Card
508295,10987,2026-03-05,P1243,Electronics,2,617.36,19.3,996.42,United Kingdom,Cash on Delivery
506538,10778,2026-06-03,P8807,Accessories,1,98.63,39.6,59.57,Pakistan,Credit Card
504221,10491,2026-05-30,P2502,Clothing,1,140.0,18.2,114.52,Canada,Cash on Delivery
503546,10418,2026-06-13,P6029,Beauty,1,36.97,23.9,28.13,Canada,Bank Transfer
505598,10665,2026-07-27,P7012,Home & Kitchen,4,94.09,1.0,372.6,Australia,Debit Card
508937,11067,2026-07-12,P3147,Beauty,5,107.11,15.3,453.61,Pakistan,Credit Card
507318,10880,2026-05-27,P3707,Home & Kitchen,3,311.81,1.9,917.66,Pakistan,Debit Card
508350,10995,2026-07-01,P5125,Sports,4,50.71,8.7,185.19,United Kingdom,Bank Transfer
502011,10226,2026-07-28,P6368,Electronics,1,172.31,18.3,140.78,United Kingdom,Credit Card
500913,10099,2026-07-12,P6271,Accessories,5,99.09,10.5,443.43,United Kingdom,Bank Transfer
508248,10983,2026-07-26,P3589,Books,5,62.87,8.2,288.57,Pakistan,Credit Card
507265,10875,2026-08-06,P4708,Books,7,14.54,8.0,93.64,Pakistan,Digital Wallet
503219,10377,2026-07-29,P3536,Beauty,1,59.11,23.8,45.04,Pakistan,Debit Card
502606,10301,2026-08-01,P3850,Books,7,60.55,13.3,367.48,United Kingdom,Digital Wallet
503264,10381,2026-06-02,P3995,Sports,4,194.85,9.8,703.02,United Kingdom,Cash on Delivery
504928,10589,2026-07-27,P7094,Beauty,5,122.32,4.7,582.85,Canada,Debit Card
508661,11034,2026-07-05,P9487,Accessories,4,21.83,14.1,75.01,United Kingdom,Debit Card
506564,10783,2026-08-01,P6259,Home & Kitchen,3,312.78,14.8,799.47,Pakistan,Credit Card
508129,10973,2026-06-14,P6592,Home & Kitchen,3,283.04,33.0,568.91,Australia,Bank Transfer
500006,10001,2026-07-27,P3566,Electronics,1,223.09,15.2,189.18,Canada,Cash on Delivery
502980,10348,2026-07-27,P7859,Clothing,3,32.49,7.7,89.96,United States,Digital Wallet
506583,10785,2026-05-05,P2067,Electronics,3,301.77,13.3,784.9,Pakistan,Debit Card
503361,10395,2026-04-22,P5815,Books,3,58.45,3.3,169.56,Pakistan,Debit Card
504774,10570,2026-08-15,P8573,Books,2,37.82,21.1,59.68,Australia,Credit Card
501943,10218,2026-03-20,P4399,Clothing,2,36.45,41.6,42.57,United Kingdom,Cash on Delivery
507452,10893,2026-06-11,P8468,Accessories,3,116.68,28.3,250.98,Pakistan,Bank Transfer
505499,10649,2026-06-08,P4107,Sports,1,115.27,29.9,80.8,United States,Cash on Delivery
501635,10178,2026-07-27,P6546,Clothing,5,48.4,23.4,185.37,Canada,Cash on Delivery
501141,10124,2026-08-12,P3596,Electronics,2,548.76,4.9,1043.74,United States,Credit Card
502041,10231,2026-04-25,P5021,Clothing,2,111.95,34.0,147.77,Pakistan,Cash on Delivery
506703,10806,2026-06-19,P6835,Sports,1,118.32,29.3,83.65,United Kingdom,Debit Card
507818,10936,2026-08-14,P3887,Home & Kitchen,2,187.56,6.4,351.11,Pakistan,Bank Transfer
502070,10236,2026-03-19,P2013,Clothing,2,152.96,21.3,240.76,United States,Debit Card
503134,10371,2026-06-22,P2238,Clothing,2,106.11,7.4,196.52,Pakistan,Credit Card
505160,10610,2026-05-26,P2186,Clothing,3,162.21,17.1,403.42,United Kingdom,Credit Card
508331,10993,2026-05-11,P1872,Books,4,42.69,18.9,138.49,Pakistan,Debit Card
505275,10622,2026-08-06,P7535,Accessories,5,90.28,7.6,417.09,Canada,Digital Wallet
502242,10259,2026-05-17,P4200,Clothing,2,88.52,1.2,174.92,Pakistan,Bank Transfer
501474,10161,2026-06-18,P1027,Beauty,3,48.66,4.6,139.26,Pakistan,Cash on Delivery
508590,11024,2026-02-23,P3378,Sports,1,173.05,8.1,159.03,United States,Digital Wallet
501889,10210,2026-08-15,P4111,Electronics,4,503.49,7.2,1868.95,United Kingdom,Credit Card
503435,10404,2026-05-18,P3838,Sports,1,219.23,44.2,122.33,Pakistan,Debit Card
507593,10907,2026-08-09,P6977,Clothing,1,119.87,43.0,68.33,Australia,Bank Transfer
507745,10927,2026-04-26,P2733,Sports,2,195.09,11.7,344.53,Pakistan,Bank Transfer
503705,10433,2026-07-25,P7105,Accessories,3,57.06,5.9,161.08,Australia,Cash on Delivery
502021,10228,2026-06-18,P8108,Electronics,4,581.98,16.7,1939.16,Canada,Digital Wallet
504020,10461,2026-07-18,P3697,Electronics,6,253.55,12.8,1326.57,Pakistan,Digital Wallet
508830,11049,2026-02-01,P4552,Electronics,1,410.25,11.1,364.71,Australia,Cash on Delivery
508443,11005,2026-06-13,P7490,Accessories,3,19.32,21.0,45.79,United Kingdom,Debit Card
503500,10410,2026-08-09,P8255,Beauty,2,139.15,10.4,249.36,United Kingdom,Debit Card
502658,10309,2026-07-13,P8221,Clothing,1,126.22,43.2,71.69,Australia,Debit Card
508456,11008,2026-04-09,P1978,Clothing,3,52.91,16.1,133.17,United Kingdom,Debit Card
506888,10827,2026-07-24,P6810,Accessories,4,38.72,14.6,132.27,United Kingdom,Credit Card
501130,10124,2026-07-22,P3584,Books,7,31.14,6.0,204.9,United States,Credit Card
505557,10657,2026-05-19,P7442,Clothing,2,151.37,21.8,236.74,Australia,Credit Card
507358,10883,2026-08-04,P8179,Books,2,64.87,0.3,129.35,Pakistan,Digital Wallet
501819,10203,2026-05-22,P2532,Sports,3,142.45,1.3,421.79,Pakistan,Cash on Delivery
507538,10901,2026-06-18,P9598,Accessories,1,35.3,7.9,32.51,Pakistan,Bank Transfer
509386,11117,2026-07-15,P8743,Electronics,3,157.07,12.7,411.37,United Kingdom,Debit Card
504318,10508,2026-05-31,P4986,Clothing,1,136.79,38.8,83.72,Pakistan,Bank Transfer
509604,11150,2025-11-28,P8746,Home & Kitchen,2,175.78,19.5,283.01,United Kingdom,Cash on Delivery
504144,10474,2025-06-02,P1510,Electronics,3,569.66,1.9,1676.51,Pakistan,Debit Card
504669,10558,2026-08-06,P4444,Books,2,14.13,0.2,28.2,Pakistan,Bank Transfer
501236,10134,2026-08-12,P1539,Electronics,2,241.05,11.4,427.14,Pakistan,Credit Card
505476,10645,2026-07-29,P6504,Sports,2,52.24,1.4,103.02,United Kingdom,Credit Card
509836,11179,2026-07-23,P2196,Sports,2,26.8,30.6,37.2,United Kingdom,Bank Transfer
501856,10207,2026-07-21,P4129,Home & Kitchen,7,129.87,6.5,850.0,Pakistan,Credit Card
502282,10263,2026-08-10,P1683,Books,6,51.52,11.4,273.88,Canada,Debit Card
508693,11035,2026-07-20,P9298,Books,5,76.53,13.0,332.91,United States,Cash on Delivery
509320,11109,2026-05-30,P7178,Home & Kitchen,3,270.85,7.2,754.05,Pakistan,Credit Card
504093,10470,2026-02-25,P8635,Clothing,3,118.47,22.5,275.44,United States,Bank Transfer
507061,10851,2026-06-09,P5191,Accessories,2,50.86,14.5,86.97,Pakistan,Cash on Delivery
505200,10614,2026-08-10,P1883,Sports,2,122.29,3.7,235.53,Australia,Bank Transfer
506401,10767,2026-07-25,P5773,Beauty,2,51.98,34.5,68.09,Canada,Debit Card
509929,11193,2026-06-23,P7532,Clothing,5,122.79,21.0,485.02,United States,Credit Card
503421,10401,2026-07-21,P7222,Home & Kitchen,5,227.6,9.0,1035.58,Pakistan,Bank Transfer
509269,11103,2025-12-26,P8265,Books,1,23.2,11.3,20.58,Pakistan,Credit Card
500386,10041,2026-08-01,P7035,Clothing,7,100.51,13.7,607.18,United Kingdom,Debit Card
508548,11020,2026-07-16,P9244,Home & Kitchen,3,349.61,3.0,1017.37,Pakistan,Credit Card
501628,10177,2026-07-17,P4935,Clothing,1,164.74,13.6,142.34,Pakistan,Cash on Delivery
503585,10422,2026-07-12,P1534,Home & Kitchen,3,53.4,39.4,97.08,United Kingdom,Debit Card
507412,10889,2026-08-08,P4575,Clothing,3,55.52,14.3,142.74,Pakistan,Bank Transfer
502714,10315,2026-08-04,P5561,Electronics,3,401.3,27.1,877.64,Canada,Digital Wallet
507171,10860,2026-08-12,P6874,Accessories,5,62.63,2.1,306.57,United Kingdom,Debit Card
508435,11004,2026-07-18,P5318,Electronics,1,487.08,20.3,388.2,United States,Debit Card
509321,11109,2026-06-15,P8900,Beauty,1,72.31,8.0,66.53,Pakistan,Credit Card
505659,10673,2026-07-03,P5037,Beauty,5,25.66,11.1,114.06,Pakistan,Debit Card
503189,10375,2026-08-09,P5412,Sports,7,190.06,5.8,1253.26,United Kingdom,Cash on Delivery
509968,11199,2026-03-23,P2374,Electronics,1,448.28,23.6,342.49,Australia,Digital Wallet
504305,10506,2026-05-14,P8669,Beauty,5,23.18,0.0,115.9,United States,Bank Transfer
500909,10099,2026-07-04,P3800,Electronics,5,645.58,9.8,2911.57,United States,Credit Card
505385,10638,2026-07-09,P6816,Accessories,3,94.19,11.5,250.07,United Kingdom,Debit Card
501996,10225,2026-05-26,P6666,Electronics,4,571.17,22.2,1777.48,United Kingdom,Digital Wallet
501866,10209,2026-07-23,P1489,Beauty,7,33.79,0.5,235.35,Pakistan,Bank Transfer
501842,10206,2026-08-13,P8077,Electronics,3,230.53,13.5,598.23,United Kingdom,Credit Card
502497,10291,2026-07-15,P6622,Home & Kitchen,5,186.89,10.9,832.59,Pakistan,Digital Wallet
500201,10022,2026-07-18,P1151,Beauty,3,93.51,11.1,249.39,United Kingdom,Digital Wallet
507905,10945,2026-05-26,P6287,Home & Kitchen,5,104.66,22.4,406.08,Pakistan,Credit Card
507724,10926,2026-08-10,P8729,Clothing,4,65.41,0.7,259.81,Pakistan,Cash on Delivery
505054,10601,2026-03-18,P9412,Electronics,4,212.59,7.3,788.28,Pakistan,Credit Card
505889,10703,2026-05-16,P7272,Clothing,3,73.56,0.4,219.8,Australia,Debit Card
504006,10460,2026-08-09,P1645,Sports,5,66.72,2.3,325.93,Pakistan,Bank Transfer
509901,11190,2026-05-10,P5905,Electronics,3,417.97,36.7,793.73,Australia,Credit Card
502702,10313,2026-08-10,P7405,Accessories,6,98.79,6.6,553.62,Pakistan,Bank Transfer
503449,10405,2026-07-11,P4733,Books,5,34.17,20.0,136.68,Pakistan,Credit Card
500331,10033,2026-07-19,P9733,Beauty,7,52.41,3.2,355.13,United States,Bank Transfer
507139,10857,2026-07-30,P9974,Books,7,27.91,10.1,175.64,Pakistan,Digital Wallet
508960,11068,2026-07-26,P6883,Accessories,6,100.38,5.8,567.35,Pakistan,Digital Wallet
509819,11178,2026-07-29,P9972,Clothing,2,69.37,6.1,130.28,Pakistan,Bank Transfer
507176,10860,2026-08-14,P4437,Clothing,4,124.23,2.2,485.99,Pakistan,Debit Card
502459,10286,2026-07-29,P6141,Home & Kitchen,4,33.61,7.5,124.36,Australia,Cash on Delivery
501774,10196,2026-08-12,P5407,Home & Kitchen,3,210.67,17.0,524.57,Pakistan,Debit Card
506628,10795,2026-07-24,P5475,Accessories,6,83.1,14.2,427.8,United Kingdom,Digital Wallet
507596,10908,2026-07-06,P9590,Electronics,5,368.21,10.8,1642.22,Canada,Bank Transfer
507986,10958,2026-08-03,P5839,Home & Kitchen,3,335.01,14.5,859.3,Pakistan,Bank Transfer
502686,10312,2026-08-05,P3425,Clothing,4,43.35,6.8,161.61,Pakistan,Cash on Delivery
509147,11086,2026-07-12,P8403,Sports,1,120.5,13.5,104.23,Pakistan,Debit Card
500989,10103,2026-08-12,P4619,Home & Kitchen,4,35.72,4.6,136.31,United States,Debit Card
509046,11073,2026-08-14,P8730,Electronics,3,646.8,11.2,1723.08,United Kingdom,Credit Card
508348,10995,2026-05-19,P7587,Electronics,4,336.37,12.6,1175.95,Canada,Digital Wallet
508875,11056,2026-07-09,P5448,Sports,4,172.2,18.7,559.99,Pakistan,Debit Card
508550,11020,2026-07-18,P5735,Beauty,7,119.86,4.9,797.91,Australia,Debit Card
505806,10692,2026-07-08,P8127,Books,1,63.29,22.3,49.18,Australia,Digital Wallet
508733,11039,2026-07-10,P4848,Electronics,3,433.72,14.5,1112.49,Australia,Cash on Delivery
508697,11035,2026-08-03,P4660,Electronics,4,299.38,2.3,1169.98,United Kingdom,Credit Card
506574,10784,2026-06-20,P9386,Sports,4,222.34,9.0,809.32,Pakistan,Digital Wallet
503052,10360,2025-12-14,P3696,Home & Kitchen,2,114.6,14.7,195.51,Pakistan,Debit Card
508637,11031,2026-07-07,P5976,Electronics,2,305.38,9.9,550.29,United States,Digital Wallet
505462,10644,2026-08-07,P5899,Home & Kitchen,5,118.27,6.0,555.87,Pakistan,Bank Transfer
500173,10017,2026-08-09,P5435,Accessories,5,65.61,10.4,293.93,Pakistan,Cash on Delivery
504954,10590,2026-04-08,P5837,Electronics,1,116.22,20.0,92.98,Pakistan,Credit Card
504615,10550,2026-06-09,P7745,Beauty,1,49.75,21.4,39.1,Pakistan,Debit Card
503321,10388,2026-06-06,P1239,Beauty,5,125.63,15.0,533.93,United States,Cash on Delivery
507065,10851,2026-06-30,P4217,Clothing,3,89.88,3.3,260.74,Pakistan,Bank Transfer
506246,10746,2025-10-01,P8477,Books,1,50.88,13.5,44.01,United Kingdom,Debit Card
506745,10812,2026-06-22,P4341,Beauty,1,59.58,40.1,35.69,Australia,Credit Card
503372,10395,2026-07-22,P4200,Accessories,4,21.96,24.8,66.06,Canada,Digital Wallet
506048,10723,2026-08-06,P7496,Sports,5,217.81,5.5,1029.15,Pakistan,Cash on Delivery
503311,10386,2026-08-02,P3505,Sports,1,38.28,17.2,31.7,Pakistan,Credit Card
507416,10889,2026-08-10,P1858,Books,5,17.45,6.4,81.67,Pakistan,Bank Transfer
507293,10877,2026-04-13,P3760,Electronics,3,556.25,21.1,1316.64,Pakistan,Cash on Delivery
507584,10906,2026-03-03,P4995,Clothing,1,50.5,4.4,48.28,Pakistan,Digital Wallet
509377,11115,2026-07-13,P1109,Home & Kitchen,2,245.56,18.5,400.26,Pakistan,Cash on Delivery
508811,11047,2026-08-07,P1994,Electronics,3,282.77,24.3,642.17,Canada,Bank Transfer
508160,10975,2026-07-20,P6518,Electronics,2,482.01,6.4,902.32,Pakistan,Bank Transfer
504679,10560,2026-03-02,P2016,Home & Kitchen,2,62.68,0.4,124.86,Pakistan,Credit Card
503403,10399,2026-08-07,P8945,Accessories,2,102.45,27.4,148.76,Pakistan,Credit Card
500018,10002,2026-02-12,P1186,Beauty,3,107.75,2.9,313.88,United States,Bank Transfer
503691,10431,2026-08-14,P1452,Clothing,7,50.33,6.4,329.76,U.S.A.,Cash on Delivery
508654,11033,2026-06-26,P5936,Electronics,1,641.24,14.6,547.62,Pakistan,Debit Card
504096,10470,2026-03-25,P5440,Accessories,2,21.87,11.1,38.88,Pakistan,Bank Transfer
503628,10425,2026-07-17,P1446,Electronics,7,226.2,11.8,1396.56,Pakistan,Debit Card
508862,11054,2026-05-03,P7168,Clothing,3,65.96,24.4,149.6,Canada,Cash on Delivery
502174,10251,2026-04-03,P9102,Sports,3,185.37,18.3,454.34,Canada,Digital Wallet
501356,10149,2026-07-18,P6319,Electronics,5,295.05,0.5,1467.87,Pakistan,Cash on Delivery
505002,10594,2026-07-12,P2091,Books,2,35.67,22.3,55.43,United Kingdom,Cash on Delivery
507391,10886,2026-06-11,P5561,Clothing,3,111.35,6.2,313.34,United Kingdom,Credit Card
506922,10830,2026-04-30,P9794,Clothing,1,33.86,16.3,28.34,United Kingdom,Bank Transfer
505823,10695,2026-08-04,P1976,Beauty,6,89.87,13.8,464.81,United States,Debit Card
509502,11133,2026-07-09,P1987,Books,7,37.6,7.5,243.46,United Kingdom,Digital Wallet
505670,10673,2026-08-11,P5153,Clothing,3,71.84,9.0,196.12,United States,Credit Card
503112,10370,2026-06-17,P9499,Home & Kitchen,6,201.01,6.6,1126.46,Australia,Debit Card
500182,10020,2026-06-06,P6882,Accessories,2,53.85,2.4,105.12,United States,Credit Card
503642,10427,2025-12-03,P7535,Clothing,3,81.17,5.9,229.14,Canada,Debit Card
508857,11053,2026-02-27,P8447,Electronics,2,467.55,18.3,763.98,United Kingdom,Bank Transfer
501812,10202,2026-07-09,P1598,Sports,7,147.88,5.5,978.23,United Kingdom,Debit Card
507875,10941,2026-05-24,P8172,Accessories,2,23.43,4.1,44.94,Australia,Credit Card
508497,11014,2026-06-22,P3845,Electronics,4,188.6,3.2,730.26,United States,Digital Wallet
504912,10588,2026-07-03,P8227,Accessories,7,107.5,12.3,659.94,Australia,Digital Wallet
505668,10673,2026-08-03,P9231,Clothing,5,151.51,13.0,659.07,United States,Cash on Delivery
508542,11018,2026-03-23,P2183,Beauty,3,52.2,11.4,138.75,United Kingdom,Credit Card
501800,10200,2026-07-31,P8795,Home & Kitchen,1,225.16,17.2,186.43,Australia,Debit Card
509251,11101,2026-08-07,P8424,Electronics,3,210.81,5.7,596.38,United Kingdom,Credit Card
502429,10284,2026-07-31,P3467,Electronics,6,245.81,12.7,1287.55,Pakistan,Cash on Delivery
505482,10646,2026-03-27,P8232,Clothing,3,56.05,3.8,161.76,Australia,Credit Card
506761,10815,2026-02-02,P4929,Home & Kitchen,1,132.88,21.3,104.58,Pakistan,Digital Wallet
509839,11180,2026-04-10,P3390,Electronics,2,491.13,10.9,875.19,United Kingdom,Digital Wallet
509635,11157,2026-07-21,P7045,Books,5,62.1,18.9,251.82,United States,Debit Card
501968,10223,2026-05-30,P3543,Beauty,6,17.53,12.2,92.35,United Kingdom,Bank Transfer
508339,10993,2026-08-14,P4464,Sports,2,194.5,6.2,364.88,United Kingdom,Cash on Delivery
508141,10974,2026-07-30,P4706,Electronics,1,645.16,2.8,627.1,Pakistan,Cash on Delivery
507696,10920,2026-07-27,P7841,Electronics,6,258.99,8.2,1426.52,Canada,Bank Transfer
507541,10901,2026-07-22,P7041,Sports,2,103.41,6.5,193.38,Pakistan,Bank Transfer
504987,10592,2026-05-22,P9888,Books,1,56.93,23.5,43.55,Australia,Cash on Delivery
509756,11169,2026-08-10,P3936,Accessories,4,82.26,4.4,314.56,Canada,Debit Card
504650,10558,2026-06-18,P5200,Home & Kitchen,4,348.92,0.9,1383.12,United Kingdom,Digital Wallet
501159,10128,2025-10-24,P1454,Home & Kitchen,3,217.72,4.7,622.46,Canada,Debit Card
501213,10133,2026-07-09,P9128,Sports,2,47.85,5.0,90.91,Pakistan,Debit Card
507336,10881,2026-07-20,P7858,Home & Kitchen,5,58.34,17.8,239.78,Pakistan,Credit Card
501325,10146,2026-07-15,P2294,Beauty,7,146.74,12.6,897.76,Pakistan,Credit Card
507512,10899,2026-07-05,P5203,Home & Kitchen,7,143.85,5.7,949.55,Pakistan,Bank Transfer
507580,10904,2026-07-20,P5928,Clothing,3,110.76,19.1,268.81,Australia,Credit Card
504796,10574,2026-04-12,P8784,Home & Kitchen,1,230.17,21.3,181.14,United Kingdom,Cash on Delivery
506796,10819,2026-07-01,P1385,Home & Kitchen,7,140.49,13.8,847.72,United Kingdom,Credit Card
505808,10693,2026-02-06,P9095,Electronics,2,518.67,19.6,834.02,Pakistan,Debit Card
505943,10707,2026-07-25,P8371,Beauty,4,45.72,2.1,179.04,United States,Debit Card
509283,11106,2026-06-06,P8552,Clothing,3,156.31,12.8,408.91,United States,Debit Card
508144,10974,2026-08-10,P8573,Home & Kitchen,5,272.3,12.4,1192.67,Pakistan,Cash on Delivery
501455,10159,2026-08-11,P1580,Electronics,1,556.92,5.6,525.73,United States,Cash on Delivery
505410,10640,2026-06-11,P9571,Clothing,5,132.32,3.4,639.11,Pakistan,Digital Wallet
507129,10856,2026-08-06,P3762,Accessories,4,31.35,4.4,119.88,Australia,Cash on Delivery
508892,11057,2026-07-30,P1522,Electronics,3,357.82,15.4,908.15,Pakistan,Debit Card
504962,10590,2026-06-22,P4786,Beauty,4,37.18,12.6,129.98,Pakistan,Debit Card
502800,10329,2025-12-01,P4908,Electronics,2,470.39,24.4,711.23,Australia,Digital Wallet
501644,10180,2026-06-26,P2488,Clothing,5,161.94,2.0,793.51,Pakistan,Cash on Delivery
502140,10244,2026-08-14,P8976,Electronics,3,235.31,18.5,575.33,United Kingdom,Cash on Delivery
504536,10537,2026-05-09,P9944,Home & Kitchen,1,236.66,21.2,186.49,Australia,Credit Card
504457,10524,2026-06-09,P3525,Books,1,41.47,25.6,30.85,United Kingdom,Cash on Delivery
508951,11068,2026-07-09,P5177,Accessories,3,11.56,11.1,30.83,Australia,Debit Card
505586,10663,2026-05-23,P4190,Beauty,1,117.77,15.3,99.75,United Kingdom,Credit Card
504378,10516,2026-08-07,P6621,Books,4,24.73,1.9,97.04,United Kingdom,Bank Transfer
500729,10076,2026-07-23,P1798,Sports,1,223.75,39.7,134.92,United States,Debit Card
504357,10515,2026-08-07,P7233,Clothing,2,168.37,5.4,318.56,United Kingdom,Debit Card
507748,10927,2026-05-24,P9906,Sports,1,69.45,20.1,55.49,United Kingdom,Digital Wallet
506716,10810,2026-06-26,P7759,Clothing,2,73.79,1.8,144.92,Pakistan,Cash on Delivery
501936,10217,2026-08-05,P9331,Accessories,4,48.66,23.0,149.87,Pakistan,Debit Card
503793,10440,2026-06-09,P6825,Sports,7,143.42,2.4,979.85,Canada,Credit Card
503736,10435,2026-08-08,P7256,Electronics,5,531.6,4.1,2549.02,Pakistan,Bank Transfer
502261,10260,2026-08-02,P5941,Electronics,2,373.1,7.7,688.74,United Kingdom,Bank Transfer
504005,10460,2026-08-09,P2331,Electronics,3,552.58,8.7,1513.52,Pakistan,Debit Card
501110,10123,2026-06-13,P7158,Accessories,5,96.19,20.7,381.39,United Kingdom,Bank Transfer
509028,11072,2026-07-26,P7567,Electronics,3,654.11,23.7,1497.26,Australia,Bank Transfer
505480,10645,2026-08-15,P5454,Clothing,7,97.26,13.5,588.91,Australia,Debit Card
502998,10349,2026-07-20,P6905,Home & Kitchen,4,332.82,0.9,1319.3,United Kingdom,Cash on Delivery
502394,10282,2026-06-04,P2316,Books,4,50.25,8.8,183.31,Pakistan,Cash on Delivery
501185,10129,2026-08-13,P5268,Books,2,24.18,4.0,46.43,Pakistan,Cash on Delivery
502007,10226,2026-07-12,P7508,Accessories,1,88.84,24.8,66.81,Pakistan,Debit Card
500193,10021,2026-07-04,P9758,Accessories,3,33.09,23.8,75.64,Pakistan,Bank Transfer
505611,10666,2026-08-07,P6355,Beauty,4,128.06,7.9,471.77,United States,Debit Card
502901,10336,2026-08-09,P9918,Electronics,3,112.54,12.1,296.77,United States,Debit Card
500578,10064,2026-06-21,P7704,Accessories,5,15.09,4.1,72.36,United States,Bank Transfer
506219,10742,2026-07-23,P6177,Electronics,2,330.0,4.1,632.94,United Kingdom,Cash on Delivery
505525,10654,2026-07-05,P8502,Electronics,3,456.62,19.0,1109.59,United States,Cash on Delivery
500771,10080,2026-07-18,P9853,Beauty,3,17.93,10.8,47.98,Pakistan,Credit Card
507839,10937,2026-08-14,P4450,Beauty,6,42.48,11.3,226.08,Pakistan,Credit Card
502395,10282,2026-06-06,P7511,Accessories,3,100.37,11.9,265.28,United Kingdom,Digital Wallet
501478,10161,2026-07-13,P2506,Home & Kitchen,2,179.5,3.0,348.23,Pakistan,Bank Transfer
501846,10207,2026-06-01,P2891,Clothing,2,27.29,7.6,50.43,United Kingdom,Credit Card
509108,11081,2026-05-25,P7049,Accessories,3,18.86,30.2,39.49,Canada,Credit Card
504274,10498,2026-08-08,P6039,Home & Kitchen,3,113.02,11.5,300.07,United Kingdom,Cash on Delivery
503740,10435,2026-08-14,P5237,Beauty,7,51.34,0.7,356.86,Pakistan,Cash on Delivery
504600,10547,2026-08-07,P1939,Clothing,5,129.91,12.1,570.95,Australia,Bank Transfer
508087,10966,2026-07-12,P8405,Beauty,4,67.39,11.2,239.37,United States,Bank Transfer
508710,11037,2026-08-03,P5816,Electronics,3,149.8,6.6,419.74,Canada,Credit Card
506676,10802,2026-07-10,P4473,Clothing,2,61.94,20.3,98.73,Pakistan,Bank Transfer
506375,10764,2026-05-12,P9804,Beauty,1,29.83,22.2,23.21,Pakistan,Bank Transfer
508124,10972,2026-03-24,P9305,Clothing,1,109.9,1.6,108.14,Canada,Cash on Delivery
509538,11136,2026-06-20,P5367,Accessories,4,32.15,13.1,111.75,Pakistan,Credit Card
504915,10588,2026-07-12,P2961,Beauty,7,51.18,8.8,326.73,United Kingdom,Cash on Delivery
502073,10236,2026-04-04,P9157,Home & Kitchen,2,224.16,38.3,276.61,Pakistan,Credit Card
504754,10567,2026-06-13,P5450,Clothing,1,79.87,6.3,74.84,Pakistan,Debit Card
501896,10213,2026-01-19,P7501,Accessories,2,75.61,23.3,115.99,Pakistan,Cash on Delivery
508552,11020,2026-07-19,P3535,Clothing,3,117.25,2.7,342.25,Canada,Debit Card
506702,10806,2026-06-16,P7861,Beauty,3,32.12,25.4,71.88,United States,Digital Wallet
506317,10756,2026-07-21,P8903,Clothing,2,106.01,40.2,126.79,Pakistan,Debit Card
503659,10430,2026-08-07,P7549,Clothing,7,76.23,2.8,518.67,United Kingdom,Cash on Delivery
506581,10785,2026-04-22,P5414,Electronics,5,390.15,2.6,1900.03,Pakistan,Cash on Delivery
502379,10279,2026-02-07,P9228,Beauty,1,102.07,38.0,63.28,United States,Cash on Delivery
501447,10159,2026-07-23,P7544,Books,4,18.02,2.7,70.13,United Kingdom,Bank Transfer
500342,10035,2025-09-04,P6522,Accessories,3,23.78,2.1,69.84,Australia,Credit Card
505127,10607,2026-05-04,P4808,Books,1,41.13,10.0,37.02,Australia,Digital Wallet
503136,10371,2026-06-29,P3534,Home & Kitchen,4,55.64,0.6,221.22,Pakistan,Digital Wallet
502527,10293,2026-04-24,P9462,Home & Kitchen,2,251.08,15.8,422.82,Pakistan,Digital Wallet
500727,10076,2026-07-11,P4809,Home & Kitchen,3,268.1,35.2,521.19,Pakistan,Digital Wallet
504577,10543,2026-05-25,P9767,Beauty,1,108.84,23.3,83.48,Pakistan,Cash on Delivery
500976,10102,2026-06-29,P6608,Home & Kitchen,2,222.44,0.9,440.88,Pakistan,Credit Card
508391,10998,2026-08-15,P7622,Clothing,7,61.66,15.0,366.88,Pakistan,Cash on Delivery
505443,10643,2026-05-31,P9735,Accessories,2,116.02,15.8,195.38,United States,Credit Card
509034,11073,2026-07-08,P6892,Home & Kitchen,3,163.41,8.7,447.58,Canada,Digital Wallet
503516,10412,2026-02-01,P6168,Sports,3,25.7,10.0,69.39,Pakistan,Digital Wallet
507975,10956,2026-07-24,P7623,Beauty,1,110.99,11.7,98.0,Pakistan,Cash on Delivery
509787,11174,2026-05-31,P8309,Sports,4,160.84,25.0,482.52,Pakistan,Credit Card
503940,10457,2026-07-21,P1323,,2,24.27,5.2,46.02,United States,Credit Card
501299,10144,2026-05-21,P3154,Electronics,1,400.33,20.1,319.86,United States,Credit Card
509764,11170,2026-05-06,P3416,Clothing,1,149.81,18.9,121.5,United Kingdom,Credit Card
501348,10149,2026-06-15,P7710,Electronics,3,269.98,3.5,781.59,United Kingdom,Cash on Delivery
500660,10069,2026-08-05,P2109,Clothing,6,37.77,10.5,202.82,United States,Bank Transfer
505886,10703,2026-03-18,P9793,Home & Kitchen,4,91.88,10.6,328.56,Pakistan,Cash on Delivery
501492,10165,2026-07-05,P7510,Home & Kitchen,3,314.98,7.2,876.9,Canada,Cash on Delivery
509946,11195,2026-07-11,P5185,Clothing,4,93.69,9.4,339.53,United Kingdom,Debit Card
504589,10546,2026-06-24,P9469,Electronics,2,106.33,1.9,208.62,Pakistan,Cash on Delivery
508530,11016,2026-01-16,P5639,Beauty,1,57.61,13.1,50.06,Pakistan,Digital Wallet
505154,10609,2026-02-14,P9940,Electronics,2,350.58,18.0,574.95,United States,Bank Transfer
502315,10269,2026-06-18,P2558,Books,1,28.46,5.9,26.78,Canada,Cash on Delivery
509614,11152,2026-07-07,P9087,Accessories,3,108.5,41.1,191.72,United Kingdom,Cash on Delivery
509577,11142,2026-07-11,P8323,Clothing,5,38.84,3.5,187.4,Pakistan,Debit Card
507024,10845,2026-07-14,P4110,Beauty,5,15.24,5.3,72.16,Australia,Bank Transfer
501085,10118,2026-07-30,P9792,Home & Kitchen,2,93.25,18.1,152.74,United Kingdom,Bank Transfer
502524,10293,2026-02-20,P6670,Sports,3,235.79,36.6,448.47,United Kingdom,Digital Wallet
508968,11068,2026-08-13,P7114,Beauty,4,142.84,12.2,501.65,United Kingdom,Cash on Delivery
505374,10635,2026-08-10,P7452,Sports,3,59.33,3.7,171.4,Pakistan,Credit Card
503198,10375,2026-08-14,P5640,Sports,4,74.99,7.1,278.66,Pakistan,Bank Transfer
505751,10685,2025-08-23,P7069,Sports,2,161.92,3.2,313.48,Canada,Digital Wallet
504008,10460,2026-08-14,P2545,Sports,7,141.28,11.1,879.19,Pakistan,Digital Wallet
505717,10681,2026-07-13,P1887,Sports,1,128.22,29.4,90.52,Pakistan,Bank Transfer
506657,10800,2026-02-27,P4256,Clothing,2,57.98,3.2,112.25,Pakistan,Debit Card
509357,11112,2026-07-23,P1562,Home & Kitchen,5,164.81,3.8,792.74,United States,Bank Transfer
508790,11043,2026-08-14,P5731,Clothing,3,84.34,5.6,238.85,United Kingdom,Credit Card
500067,10007,2026-08-15,P7782,Electronics,2,430.56,12.0,757.79,United States,Debit Card
507923,10947,2026-06-28,P2107,Clothing,7,20.21,6.4,132.42,United States,Cash on Delivery
500040,10006,2026-07-06,P7589,Sports,5,236.55,10.7,1056.2,Canada,Digital Wallet
502269,10261,2026-03-06,P4410,Books,3,52.74,6.5,147.94,Pakistan,Debit Card
502381,10279,2026-03-23,P7720,Clothing,3,69.6,30.9,144.28,Australia,Credit Card
507341,10883,2026-07-13,P8673,Home & Kitchen,4,63.45,12.5,222.08,United Kingdom,Cash on Delivery
509961,11196,2026-03-02,P9226,Books,1,42.08,4.3,40.27,Canada,Credit Card
504916,10588,2026-07-15,P8135,Electronics,6,600.6,14.2,3091.89,Canada,Digital Wallet
505322,10629,2026-06-02,P3596,Accessories,4,73.55,8.6,268.9,United Kingdom,Bank Transfer
505773,10689,2026-03-16,P9360,Home & Kitchen,2,112.8,35.6,145.29,Pakistan,Cash on Delivery
506232,10743,2026-07-14,P2621,Books,3,40.2,44.2,67.29,United States,Credit Card
506963,10834,2026-07-31,P1285,Clothing,4,71.45,13.9,246.07,United Kingdom,Cash on Delivery
503447,10405,2026-06-25,P9352,Electronics,2,225.43,20.8,357.08,Pakistan,Debit Card
506816,10820,2026-06-20,P1650,Accessories,1,75.54,3.3,73.05,United Kingdom,Credit Card
502367,10277,2026-06-14,P4491,Electronics,3,456.27,32.9,918.47,Australia,Credit Card
507981,10956,2026-08-09,P8054,Beauty,2,91.23,20.5,145.06,United States,Debit Card
508166,10976,2026-05-13,P2291,Clothing,5,103.52,6.8,482.4,United Kingdom,Bank Transfer
502512,10292,2026-08-09,P8320,Sports,4,190.17,4.1,729.49,Pakistan,Debit Card
509619,11152,2026-07-25,P6119,Beauty,3,80.21,43.6,135.72,Pakistan,Debit Card
502723,10317,2026-05-28,P1715,Accessories,3,39.04,21.0,92.52,Pakistan,Digital Wallet
505948,10707,2026-08-11,P4415,Sports,4,110.66,19.0,358.54,Canada,Credit Card
509185,11092,2026-05-10,P8929,Home & Kitchen,2,138.84,17.2,229.92,Pakistan,Credit Card
509004,11070,2026-08-01,P7525,Books,5,38.76,8.7,176.94,Canada,Credit Card
501143,10125,2026-07-03,P1289,Beauty,2,104.25,9.6,188.48,United Kingdom,Credit Card
509736,11166,2026-03-21,P5804,Books,3,41.2,35.3,79.97,United States,Cash on Delivery
507222,10870,2025-09-05,P7579,Beauty,2,99.99,7.3,185.38,United Kingdom,Digital Wallet
508292,10986,2026-05-09,P7095,Home & Kitchen,2,328.32,15.3,556.17,Pakistan,Digital Wallet
509220,11096,2026-08-08,P8939,Beauty,1,17.45,17.4,14.41,United Kingdom,Bank Transfer
504728,10564,2026-08-05,P6350,Electronics,7,679.11,4.7,4530.34,United Kingdom,Debit Card
505494,10649,2026-04-22,P4471,Sports,2,38.42,27.2,55.94,United States,Cash on Delivery
505755,10686,2026-01-13,P1367,Clothing,3,123.95,6.2,348.8,Australia,Credit Card
507562,10902,2026-07-29,P4868,Electronics,3,481.1,0.2,1440.41,Pakistan,Credit Card
503789,10440,2026-06-01,P1010,Books,3,9.61,12.8,25.14,Canada,Bank Transfer
502220,10255,2026-05-23,P6538,Electronics,5,216.55,10.2,972.31,Pakistan,Bank Transfer
505075,10602,2026-07-22,P2882,Books,2,29.56,7.8,54.51,Pakistan,Debit Card
502331,10270,2026-07-22,P6498,Electronics,1,690.64,12.5,604.31,Pakistan,Bank Transfer
505394,10638,2026-07-27,P3484,Sports,1,228.58,7.8,210.75,Australia,Cash on Delivery
507439,10890,2026-08-14,P1216,Home & Kitchen,2,297.87,7.3,552.25,Pakistan,Cash on Delivery
508067,10964,2026-08-10,P3559,Accessories,1,64.14,4.8,61.06,United Kingdom,Digital Wallet
507090,10853,2026-06-08,P5680,Electronics,1,375.05,14.4,321.04,Pakistan,Digital Wallet
509336,11111,2026-04-18,P8428,Books,3,17.9,41.4,31.47,United States,Debit Card
504088,10469,2026-07-19,P2974,Books,4,54.58,7.0,203.04,Pakistan,Digital Wallet
501967,10223,2026-05-25,P6080,Clothing,6,157.89,7.6,875.34,United Kingdom,Digital Wallet
509363,11113,2026-07-02,P9314,Home & Kitchen,4,176.77,11.1,628.59,Australia,Digital Wallet
509796,11175,2026-07-24,P3092,Electronics,2,668.26,15.1,1134.71,Pakistan,Cash on Delivery
506757,10813,2026-08-11,P4515,Books,3,43.56,3.5,126.11,United Kingdom,Credit Card
509586,11145,2026-07-03,P5932,Clothing,5,99.24,16.0,416.81,Canada,Debit Card
504365,10516,2026-07-28,P9887,Sports,3,198.96,0.2,595.69,Pakistan,Debit Card
506999,10841,2026-06-30,P4016,Clothing,6,128.71,8.3,708.16,Canada,Digital Wallet
500423,10045,2026-08-08,P3488,Home & Kitchen,4,33.19,16.5,110.85,Pakistan,Bank Transfer
500280,10030,2026-06-18,P6666,Beauty,2,138.54,6.0,260.46,Pakistan,Digital Wallet
501904,10214,2026-06-26,P4953,Home & Kitchen,2,63.02,0.7,125.16,Canada,Debit Card
500595,10065,2026-07-25,P9494,Accessories,1,105.34,13.2,91.44,United States,Cash on Delivery
508579,11022,2026-05-20,P8208,Beauty,1,80.12,6.2,75.15,Canada,Debit Card
503917,10454,2025-09-08,P2268,Clothing,2,62.09,8.8,113.25,United States,Digital Wallet
506142,10733,2026-07-23,P2700,Sports,3,78.29,4.4,224.54,Pakistan,Credit Card
505661,10673,2026-07-09,P3112,Electronics,4,525.15,7.0,1953.56,Canada,Digital Wallet
505778,10690,2026-05-05,P4048,Accessories,4,16.33,6.3,61.2,United States,Cash on Delivery
503618,10425,2026-06-28,P8904,Books,4,42.43,12.3,148.84,Canada,Credit Card
506845,10822,2026-08-09,P1867,Home & Kitchen,2,169.67,0.8,336.63,United Kingdom,Digital Wallet
500839,10088,2026-03-22,P1492,Accessories,1,28.96,23.7,22.1,Pakistan,Bank Transfer
504596,10547,2026-08-03,P3340,Clothing,4,69.79,4.3,267.16,Canada,Debit Card
507496,10897,2026-08-10,P3059,Accessories,4,42.43,21.2,133.74,United States,Debit Card
500141,10015,2026-07-04,P6014,Beauty,5,73.6,24.8,276.74,Pakistan,Cash on Delivery
502597,10301,2026-07-17,P9630,Accessories,3,55.43,1.8,163.3,Pakistan,Cash on Delivery
506701,10806,2026-06-15,P2671,Beauty,1,39.03,25.5,29.08,United Kingdom,Credit Card
507756,10928,2026-04-19,P2564,Books,3,40.41,10.7,108.26,United Kingdom,Credit Card
501377,10150,2026-08-12,P5193,Home & Kitchen,4,119.49,9.1,434.47,United Kingdom,Debit Card
503674,10430,2026-08-12,P2978,Books,3,37.71,11.5,100.12,United Kingdom,Digital Wallet
508770,11041,2026-02-03,P6880,Home & Kitchen,3,206.7,13.7,535.15,Pakistan,Credit Card
509895,11189,2026-04-26,P2816,Clothing,4,174.78,7.1,649.48,Pakistan,Digital Wallet
506362,10763,2026-04-30,P9974,Books,4,33.98,8.6,124.23,United Kingdom,Credit Card
504741,10565,2026-07-03,P8954,Electronics,2,526.04,2.6,1024.73,Australia,Digital Wallet
503808,10440,2026-07-26,P2610,Electronics,3,444.15,0.7,1323.12,Pakistan,Digital Wallet
501138,10124,2026-08-06,P6809,Sports,2,29.76,13.3,51.6,United States,Credit Card
502257,10260,2026-07-28,P3704,Clothing,7,157.97,3.3,1069.3,Pakistan,Credit Card
507865,10939,2026-08-07,P3535,Accessories,4,80.47,14.5,275.21,United States,Digital Wallet
501787,10197,2026-08-09,P8247,Electronics,2,302.36,15.5,510.99,Pakistan,Credit Card
503938,10456,2026-05-16,P7211,Sports,1,59.42,2.4,57.99,United Kingdom,Debit Card
509316,11108,2026-08-08,P5249,Clothing,3,83.9,33.9,166.37,Pakistan,Digital Wallet
504646,10557,2026-08-11,P9295,Electronics,4,284.84,14.5,974.15,Pakistan,Digital Wallet
500459,10052,2026-06-09,P5521,Clothing,2,101.81,16.5,170.02,United Kingdom,Cash on Delivery
506115,10730,2026-07-23,P4481,Clothing,5,76.05,12.6,332.34,United Kingdom,Credit Card
509542,11136,2026-07-11,P8021,Electronics,4,405.92,9.8,1464.56,Australia,Digital Wallet
500948,10101,2026-06-07,P2520,Accessories,6,35.93,4.6,205.66,Australia,Credit Card
503700,10432,2026-07-23,P2977,Electronics,1,380.83,33.9,251.73,Pakistan,Debit Card
501336,10146,2026-08-06,P2455,Accessories,2,29.1,0.7,57.79,Pakistan,Credit Card
506370,10763,2026-07-18,P8525,Sports,1,175.14,19.1,141.69,Pakistan,Debit Card
504628,10553,2026-06-14,P7392,Accessories,2,78.1,6.4,146.2,Australia,Debit Card
506286,10752,2026-01-16,P2985,Accessories,3,90.08,15.3,228.89,Canada,Credit Card
505925,10705,2026-08-11,P1974,Sports,2,53.74,6.5,100.49,Pakistan,Cash on Delivery
505934,10706,2026-02-05,P2717,Books,1,33.81,16.4,28.27,Pakistan,Bank Transfer
506040,10723,2026-06-22,P4220,Sports,6,230.79,4.8,1318.27,Pakistan,Bank Transfer
500441,10050,2026-06-17,P9795,Sports,3,203.68,2.3,596.99,United Kingdom,Digital Wallet
506659,10801,2026-03-03,P4187,Books,2,37.91,43.8,42.61,Pakistan,Cash on Delivery
501602,10174,2026-06-04,P7898,Sports,2,39.82,11.1,70.8,Pakistan,Bank Transfer
502238,10258,2026-06-01,P2393,Electronics,3,623.76,17.2,1549.42,Australia,Bank Transfer
500639,10068,2026-06-01,P2116,Clothing,2,65.2,33.3,86.98,United Kingdom,Debit Card
509820,11178,2026-07-29,P1229,Home & Kitchen,6,347.5,15.0,1772.25,Pakistan,Cash on Delivery
503830,10441,2026-07-24,P4301,Books,2,25.49,11.5,45.12,Pakistan,Digital Wallet
509395,11117,2026-08-14,P4713,Beauty,2,21.26,11.7,37.55,Canada,Bank Transfer
506144,10734,2026-07-03,P4414,Home & Kitchen,3,119.71,9.6,324.65,United Kingdom,Bank Transfer
507985,10957,2026-07-14,P1644,Sports,3,29.33,20.9,69.6,Pakistan,Digital Wallet
509052,11074,2026-06-30,P9982,Home & Kitchen,6,245.35,4.9,1399.97,United States,Credit Card
506344,10761,2026-08-01,P3220,Beauty,5,89.9,2.8,436.91,Pakistan,Bank Transfer
502501,10291,2026-07-19,P7876,Accessories,5,20.4,5.7,96.19,United States,Bank Transfer
501958,10220,2026-07-23,P6743,Books,3,69.42,24.6,157.03,Pakistan,Bank Transfer
501070,10117,2026-05-07,P3804,Electronics,1,208.18,33.7,138.02,Pakistan,Bank Transfer
500155,10016,2026-07-13,P1198,Books,4,44.0,8.9,160.34,Australia,Credit Card
502295,10264,2025-12-16,P2198,Accessories,3,117.05,10.9,312.87,United Kingdom,Debit Card
509801,11177,2026-03-07,P6628,Beauty,3,129.81,33.3,259.75,Pakistan,Credit Card
504578,10543,2026-06-01,P1939,Sports,4,54.0,13.6,186.62,Australia,Digital Wallet
501089,10119,2026-02-11,P9508,Electronics,2,555.0,0.7,1102.23,Canada,Digital Wallet
506049,10724,2026-05-01,P5883,Accessories,2,66.08,30.4,91.98,United States,Credit Card
506415,10769,2026-07-13,P7605,Home & Kitchen,2,174.76,11.1,310.72,United Kingdom,Cash on Delivery
502940,10340,2026-08-06,P1243,Books,7,18.05,7.0,117.51,Australia,Credit Card
500723,10076,2026-05-23,P1910,Electronics,3,327.28,15.3,831.62,Canada,Cash on Delivery
504384,10516,2026-08-13,P8134,Home & Kitchen,2,274.61,1.9,538.78,Canada,Digital Wallet
500930,10100,2026-07-23,P6497,Electronics,7,398.15,6.4,2608.68,Canada,Debit Card
502909,10338,2026-03-31,P2613,Books,1,75.59,35.4,48.83,United Kingdom,Bank Transfer
507845,10939,2026-07-01,P6846,Books,7,10.18,8.6,65.13,United States,Bank Transfer
506763,10815,2026-02-16,P1208,Beauty,3,87.79,11.6,232.82,United Kingdom,Debit Card
508388,10998,2026-08-15,P1200,Electronics,6,108.48,11.1,578.63,United States,Digital Wallet
506416,10769,2026-07-16,P9973,Books,3,50.22,10.0,135.59,United Kingdom,Credit Card
500895,10096,2026-01-22,P8008,Clothing,2,24.73,7.6,45.7,United Kingdom,Credit Card
503247,10379,2026-06-17,P2909,Clothing,1,76.34,41.7,44.51,Pakistan,Cash on Delivery
502326,10269,2026-08-13,P5814,Books,5,27.7,2.7,134.76,United States,Cash on Delivery
507096,10854,2025-06-22,P4899,Electronics,3,477.38,5.1,1359.1,United Kingdom,Bank Transfer
509505,11133,2026-07-15,P9645,Beauty,5,93.11,7.3,431.56,United States,Digital Wallet
507581,10905,2026-02-27,P6039,Clothing,1,112.46,23.5,86.03,United States,Credit Card
509742,11168,2026-06-10,P1229,Accessories,3,79.8,25.0,179.55,United States,Debit Card
505038,10600,2026-06-20,P6786,Clothing,2,92.91,13.8,160.18,United Kingdom,Cash on Delivery
506450,10772,2026-07-28,P1590,Clothing,1,157.01,32.7,105.67,United States,Bank Transfer
504136,10473,2026-07-20,P5633,Clothing,7,161.75,7.9,1042.8,Pakistan,Debit Card
509248,11101,2026-08-04,P3071,Accessories,7,49.11,1.9,337.24,United States,Digital Wallet
501715,10188,2026-01-03,P4411,,3,169.83,24.6,384.16,United Kingdom,Credit Card
501698,10185,2026-08-04,P3781,Electronics,2,545.43,10.7,974.14,Pakistan,Debit Card
509690,11162,2026-07-24,P4673,Home & Kitchen,6,191.69,13.7,992.57,Canada,Debit Card
509549,11137,2026-03-18,P1288,Clothing,1,119.66,11.7,105.66,Canada,Cash on Delivery
509971,11199,2026-04-28,P4140,Home & Kitchen,3,319.5,18.1,785.01,Australia,Debit Card
508224,10982,2026-07-24,P4689,Electronics,3,394.88,24.3,896.77,United Kingdom,Credit Card
503831,10441,2026-07-24,P5159,Accessories,3,76.79,3.3,222.77,Pakistan,Credit Card
506299,10754,2026-08-09,P5696,Clothing,5,170.97,17.8,702.69,United States,Debit Card
503348,10393,2026-07-07,P8164,Clothing,2,118.87,24.3,179.97,Canada,Digital Wallet
509518,11134,2026-04-30,P3560,Home & Kitchen,3,37.89,19.9,91.05,Australia,Bank Transfer
500985,10103,2026-07-29,P4322,Sports,5,216.32,23.2,830.67,United Kingdom,Debit Card
501821,10203,2026-07-08,P5473,Accessories,1,32.13,10.3,28.82,United Kingdom,Cash on Delivery
504571,10542,2026-05-07,P8905,Sports,3,31.11,13.2,81.01,Pakistan,Cash on Delivery
500587,10064,2026-07-31,P8770,Books,1,72.62,6.9,67.61,Australia,Digital Wallet
509757,11169,2026-08-13,P1211,Beauty,4,51.17,13.3,177.46,United States,Credit Card
505077,10602,2026-07-30,P6848,Electronics,3,338.07,14.2,870.19,Pakistan,Cash on Delivery
507782,10931,2026-08-14,P6886,Clothing,4,29.88,11.4,105.89,United Kingdom,Debit Card
508323,10991,2026-07-25,P2937,Clothing,1,80.97,32.8,54.41,Pakistan,Digital Wallet
509522,11134,2026-05-30,P8132,Clothing,5,118.0,21.1,465.51,Pakistan,Cash on Delivery
509967,11198,2026-01-09,P1496,Books,3,71.88,8.6,197.09,Australia,Digital Wallet
505483,10646,2026-04-06,P1736,Electronics,3,624.38,1.8,1839.42,Canada,Digital Wallet
507746,10927,2026-05-09,P3963,Clothing,5,66.75,7.7,308.05,United Kingdom,Bank Transfer
509280,11106,2026-05-23,P9894,Books,2,66.48,10.9,118.47,Pakistan,Digital Wallet
505514,10651,2026-08-01,P9507,Home & Kitchen,2,327.73,9.3,594.5,Pakistan,Digital Wallet
509527,11134,2026-07-12,P4901,Clothing,3,154.81,3.6,447.71,,Debit Card
508871,11055,2025-12-25,P5009,Beauty,1,75.51,6.7,70.45,Canada,Digital Wallet
505553,10656,2026-08-14,P5917,Clothing,2,177.16,8.5,324.2,Pakistan,Cash on Delivery
503557,10418,2026-08-10,P5496,Clothing,4,159.22,2.3,622.23,Pakistan,Debit Card
501395,10153,2026-07-08,P8347,Home & Kitchen,3,309.62,13.9,799.75,United States,Debit Card
500264,10027,2026-07-28,P6176,Home & Kitchen,1,223.04,6.8,207.87,Pakistan,Digital Wallet
503547,10418,2026-06-21,P2758,Sports,3,210.9,19.7,508.06,Australia,Cash on Delivery
506844,10822,2026-08-09,P9482,Accessories,5,10.87,8.8,49.57,United Kingdom,Digital Wallet
507628,10910,2026-06-24,P9960,Clothing,4,96.95,1.4,382.37,Pakistan,Cash on Delivery
506788,10818,2026-08-12,P9210,Clothing,4,61.08,10.9,217.69,Pakistan,Digital Wallet
503069,10362,2026-03-10,P3812,Books,1,24.6,21.3,19.36,Pakistan,Credit Card
505025,10599,2026-07-13,P6282,Electronics,5,562.03,16.3,2352.1,Pakistan,Credit Card
508396,11000,2026-05-21,P8132,Accessories,3,53.3,17.5,131.92,United States,Debit Card
503864,10445,2026-07-08,P5319,Clothing,3,103.29,19.1,250.68,United Kingdom,Credit Card
509072,11076,2026-07-03,P3702,Beauty,1,21.15,13.0,18.4,Pakistan,Debit Card
502400,10282,2026-07-19,P9483,Sports,3,147.85,17.7,365.04,Canada,Digital Wallet
506274,10751,2026-07-05,P2848,Beauty,2,105.11,1.8,206.44,United Kingdom,Credit Card
508484,11011,2026-08-11,P1873,Electronics,3,610.0,19.7,1469.49,United Kingdom,Credit Card
503711,10434,2026-07-16,P5159,Accessories,5,14.81,10.7,66.13,Australia,Debit Card
500246,10026,2026-06-18,P9624,Beauty,3,134.39,15.5,340.68,Pakistan,Bank Transfer
501594,10174,2026-04-02,P7421,Accessories,2,72.27,1.3,142.66,United States,Bank Transfer
509682,11162,2026-07-01,P2743,Sports,5,233.31,9.6,1054.56,Pakistan,Bank Transfer
501529,10167,2026-06-23,P7622,Sports,2,125.19,22.6,193.79,Pakistan,Cash on Delivery
508223,10982,2026-07-23,P7046,Home & Kitchen,1,147.64,30.7,102.31,Pakistan,Debit Card
500923,10099,2026-08-14,P6595,Electronics,3,186.45,11.2,496.7,Australia,Digital Wallet
507553,10902,2026-07-20,P8657,Electronics,2,573.71,9.7,1036.12,United Kingdom,Bank Transfer
504364,10515,2026-08-12,P7360,Home & Kitchen,3,97.22,11.4,258.41,Pakistan,Digital Wallet
500669,10070,2026-03-29,P9060,Sports,1,40.96,13.0,35.64,Canada,Debit Card
503604,10423,2026-07-15,P4110,Books,6,43.55,13.4,226.29,United Kingdom,Cash on Delivery
505108,10605,2026-07-01,P4219,Home & Kitchen,3,231.02,6.3,649.4,United States,Bank Transfer
501910,10215,2026-07-04,P8760,Sports,3,73.56,36.8,139.47,United Kingdom,Debit Card
508344,10995,2026-04-30,P8496,Electronics,4,390.37,5.7,1472.48,United States,Digital Wallet
505248,10620,2026-06-08,P7713,Sports,3,77.78,18.1,191.11,United Kingdom,Credit Card
507183,10861,2026-07-03,P9380,Sports,1,27.89,24.0,21.2,Canada,Cash on Delivery
503958,10457,2026-08-13,P6825,Sports,4,64.48,1.6,253.79,Pakistan,Debit Card
506957,10834,2026-04-30,P6602,Clothing,5,42.27,21.5,165.91,Pakistan,Digital Wallet
506026,10721,2026-03-04,P9469,Electronics,1,534.79,24.9,401.63,Pakistan,Digital Wallet
505643,10669,2026-08-04,P9653,Clothing,3,126.28,5.5,358.0,United Kingdom,Credit Card
502696,10313,2026-08-01,P8864,Clothing,6,133.47,12.3,702.32,Pakistan,Bank Transfer
502591,10300,2026-08-11,P8465,Books,2,59.18,5.6,111.73,Pakistan,Digital Wallet
505906,10704,2026-08-05,P7729,Electronics,3,423.02,14.3,1087.58,Australia,Cash on Delivery
501781,10197,2026-05-28,P1109,Accessories,2,95.06,26.2,140.31,USA,Cash on Delivery
506509,10776,2026-07-23,P3434,Clothing,2,129.11,10.4,231.37,Pakistan,Debit Card
503013,10354,2026-07-24,P9203,Beauty,5,133.65,17.2,553.31,Pakistan,Cash on Delivery
507133,10857,2026-07-10,P9197,Sports,2,41.36,5.7,78.0,United Kingdom,Debit Card
502307,10267,2026-05-25,P9051,Beauty,1,133.46,21.2,105.17,United States,Cash on Delivery
507276,10875,2026-08-11,P9156,Books,7,15.71,3.2,106.45,Canada,Bank Transfer
503690,10431,2026-08-12,P8160,Home & Kitchen,2,104.83,3.6,202.11,Canada,Cash on Delivery
500687,10073,2026-06-30,P4822,Electronics,5,614.71,3.7,2959.83,United Kingdom,Cash on Delivery
506011,10719,2026-07-12,P5261,Beauty,2,74.38,6.9,138.5,United Kingdom,Cash on Delivery
507071,10851,2026-07-30,P8584,Accessories,3,32.31,3.6,93.44,United States,Digital Wallet
500612,10067,2026-06-22,P6292,Clothing,2,84.02,7.6,155.27,Canada,Bank Transfer
507167,10860,2026-08-11,P6269,Beauty,7,72.49,10.4,454.66,United States,Digital Wallet
509205,11095,2026-08-13,P1794,Clothing,1,153.39,0.6,152.47,Australia,Debit Card
503200,10376,2026-05-14,P5191,Accessories,2,36.8,14.4,63.0,Canada,Bank Transfer
502267,10260,2026-08-11,P7476,Books,3,76.74,1.8,226.08,United Kingdom,Bank Transfer
509781,11173,2026-01-22,P4697,Clothing,3,161.22,16.0,406.27,Pakistan,Credit Card
506629,10795,2026-07-24,P3117,Accessories,2,53.76,4.9,102.25,Australia,Debit Card
504135,10473,2026-07-13,P5944,Sports,3,92.84,14.9,237.02,Pakistan,Debit Card
501898,10213,2026-04-16,P5313,Clothing,3,153.05,18.2,375.58,Pakistan,Credit Card
509530,11135,2025-10-20,P6232,Home & Kitchen,3,170.38,15.0,434.47,United Kingdom,Cash on Delivery
508153,10975,2026-07-11,P3545,Clothing,2,24.88,3.5,48.02,Pakistan,Cash on Delivery
500258,10027,2026-06-22,P1551,Books,5,59.05,1.4,291.12,United Kingdom,Credit Card
502924,10340,2026-07-15,P3661,Sports,2,39.78,7.4,73.67,United Kingdom,Credit Card
509424,11120,2026-08-09,P9283,Beauty,4,110.86,7.6,409.74,Pakistan,Digital Wallet
504943,10589,2026-08-10,P9406,,5,96.99,1.1,479.62,United States,Cash on Delivery
502822,10331,2026-07-03,P1081,Electronics,3,200.8,4.9,572.88,United Kingdom,Debit Card
506529,10777,2026-08-12,P3659,Home & Kitchen,5,320.27,22.6,1239.44,United States,Debit Card
503339,10390,2026-08-06,P1331,Electronics,2,279.21,16.4,466.84,Pakistan,Cash on Delivery
503525,10415,2026-06-16,P2188,Beauty,3,125.28,13.0,326.98,Pakistan,Debit Card
504563,10540,2026-08-15,P1153,Sports,4,246.56,7.5,912.27,Australia,Debit Card
509656,11160,2026-07-25,P8803,Books,7,43.43,7.4,281.51,Pakistan,Cash on Delivery
507908,10945,2026-08-14,P9577,Electronics,4,442.55,11.8,1561.32,Pakistan,Credit Card
505329,10629,2026-07-20,P9740,Beauty,6,16.44,10.6,88.18,Pakistan,Cash on Delivery
505223,10618,2026-08-04,P4192,Accessories,2,86.5,3.5,166.94,Australia,Digital Wallet
502285,10263,2026-08-10,P2360,Sports,2,206.7,1.3,408.03,United Kingdom,Digital Wallet
506063,10726,2026-01-30,P9824,Clothing,1,160.15,28.2,114.99,Australia,Digital Wallet
504654,10558,2026-07-05,P1751,Beauty,2,21.26,14.2,36.48,Pakistan,Credit Card
505000,10594,2026-07-07,P7739,Electronics,2,567.23,19.7,910.97,Pakistan,Bank Transfer
506710,10809,2026-05-28,P9538,Home & Kitchen,3,151.68,23.0,350.38,Canada,Digital Wallet
509324,11110,2026-05-23,P2187,Clothing,4,167.4,8.7,611.34,United Kingdom,Debit Card
500484,10057,2026-06-29,P6646,Clothing,2,80.02,8.0,147.24,Pakistan,Cash on Delivery
502211,10254,2026-07-20,P4848,Clothing,4,55.65,13.0,193.66,Pakistan,Cash on Delivery
505416,10640,2026-07-16,P2068,Sports,1,67.69,22.1,52.73,Canada,Bank Transfer
507563,10902,2026-08-01,P5317,Accessories,2,64.03,9.1,116.41,Pakistan,Debit Card
502555,10296,2026-05-28,P5014,Sports,3,215.68,8.7,590.75,Pakistan,Credit Card
500007,10001,2026-07-29,P3259,Home & Kitchen,3,342.38,18.4,838.15,Pakistan,Credit Card
503657,10430,2026-08-06,P4141,Home & Kitchen,3,297.36,7.9,821.61,Pakistan,Credit Card
506411,10769,2026-06-29,P2821,Electronics,3,526.76,8.6,1444.38,United States,Bank Transfer
509164,11088,2026-06-26,P7474,Accessories,3,18.61,0.5,55.55,United Kingdom,Credit Card
504874,10586,2026-07-12,P7453,Beauty,1,87.64,12.3,76.86,United Kingdom,Credit Card
504402,10518,2026-05-30,P8305,Clothing,3,95.51,31.4,196.56,United Kingdom,Cash on Delivery
508916,11063,2026-07-23,P8631,Home & Kitchen,1,43.67,28.5,31.22,Pakistan,Cash on Delivery
505546,10656,2026-07-19,P8388,Electronics,5,308.97,4.7,1472.24,United States,Credit Card
505297,10625,2026-07-20,P4541,Home & Kitchen,3,273.53,17.7,675.35,Pakistan,Credit Card
502426,10284,2026-07-24,P2989,Beauty,3,68.86,10.7,184.48,Pakistan,Bank Transfer
506744,10812,2026-05-17,P8802,Clothing,2,112.2,20.9,177.5,Pakistan,Cash on Delivery
501814,10202,2026-08-05,P3914,Clothing,2,122.36,0.0,244.72,United Kingdom,Debit Card
506822,10821,2026-03-24,P6185,Clothing,3,27.87,30.1,58.44,United States,Bank Transfer
509625,11155,2026-05-23,P5298,Accessories,1,81.54,5.3,77.22,Canada,Debit Card
502274,10262,2026-03-31,P1956,Clothing,3,133.05,4.5,381.19,Pakistan,Cash on Delivery
501011,10108,2026-05-25,P1804,Beauty,1,94.32,43.4,53.39,Pakistan,Credit Card
501577,10172,2026-06-18,P6936,Clothing,3,44.18,11.0,117.96,Pakistan,Debit Card
507264,10875,2026-08-05,P3156,Electronics,3,631.29,14.0,1628.73,United States,Credit Card
501067,10117,2026-02-20,P5362,Beauty,2,43.42,31.9,59.14,United Kingdom,Digital Wallet
501991,10224,2026-06-30,P3677,Home & Kitchen,4,241.84,10.8,862.89,Pakistan,Credit Card
503970,10459,2026-08-08,P8512,Accessories,7,12.46,12.7,76.14,Australia,Bank Transfer
509073,11076,2026-07-04,P5874,Home & Kitchen,1,345.75,0.7,343.33,United States,Digital Wallet
505879,10702,2026-08-03,P3695,Beauty,7,67.66,4.3,453.25,Pakistan,Credit Card
508430,11004,2026-05-30,P6679,Electronics,2,196.91,43.1,224.08,United Kingdom,Digital Wallet
504542,10538,2026-06-30,P3654,Home & Kitchen,4,282.05,3.8,1085.33,United States,Digital Wallet
509326,11110,2026-06-11,P1369,Electronics,2,260.77,1.9,511.63,Pakistan,Bank Transfer
507193,10866,2026-07-13,P8255,Beauty,2,134.11,4.0,257.49,Pakistan,Bank Transfer
503867,10445,2026-07-26,P6697,Clothing,1,164.29,39.5,99.4,United Kingdom,Bank Transfer
509415,11120,2026-07-14,P5850,Electronics,3,486.51,4.2,1398.23,United States,Debit Card
506823,10821,2026-05-08,P5555,Books,2,29.9,33.6,39.71,United Kingdom,Bank Transfer
503048,10358,2026-07-15,P1165,Books,3,12.51,1.1,37.12,Canada,Debit Card
500781,10080,2026-08-15,P4881,Home & Kitchen,7,321.48,5.7,2122.09,United Kingdom,Bank Transfer
506747,10812,2026-07-12,P3633,Clothing,2,98.05,18.5,159.82,United States,Bank Transfer
502675,10310,2026-08-13,P3691,Sports,3,234.68,17.7,579.42,Pakistan,Debit Card
501749,10191,2026-08-14,P1102,Accessories,6,117.78,4.3,676.29,Pakistan,Cash on Delivery
506222,10742,2026-08-04,P3749,Electronics,3,594.42,3.2,1726.2,Pakistan,Cash on Delivery
507946,10950,2026-07-12,P9265,Clothing,3,155.46,6.3,437.0,Pakistan,Debit Card
502791,10326,2026-05-31,P8102,Clothing,2,95.92,24.8,144.26,Pakistan,Cash on Delivery
506519,10777,2026-06-08,P6528,Sports,3,184.17,17.1,458.03,Pakistan,Bank Transfer
505774,10689,2026-07-29,P5036,Accessories,2,119.34,33.1,159.68,Pakistan,Debit Card
506357,10763,2026-03-15,P4909,Sports,3,184.87,12.0,488.06,Pakistan,Bank Transfer
504979,10591,2026-08-13,P6575,Books,6,49.74,1.8,293.07,United States,Digital Wallet
507588,10907,2026-05-26,P4765,Electronics,3,233.21,41.0,412.78,Pakistan,Bank Transfer
501091,10120,2026-02-15,P2332,Sports,3,205.18,23.8,469.04,Australia,Credit Card
506526,10777,2026-07-29,P6452,Electronics,5,197.76,6.3,926.51,Pakistan,Bank Transfer
509607,11150,2026-03-24,P2754,Accessories,2,80.8,23.4,123.79,Australia,Bank Transfer
504627,10553,2026-05-07,P6450,Electronics,1,325.61,13.0,283.28,United States,Bank Transfer
502324,10269,2026-08-04,P8452,Books,1,70.33,23.0,54.15,United Kingdom,Debit Card
506534,10778,2026-03-09,P4360,Books,3,16.39,32.6,33.14,Canada,Bank Transfer
508971,11069,2026-04-03,P2238,Electronics,5,603.72,1.7,2967.28,Pakistan,Bank Transfer
505055,10601,2026-03-23,P1779,Accessories,5,44.79,24.3,169.53,Pakistan,Debit Card
502608,10301,2026-08-11,P3187,Books,2,43.87,10.3,78.7,United States,Cash on Delivery
509020,11071,2026-08-05,P6957,Clothing,2,73.16,9.6,132.27,Pakistan,Credit Card
502290,10263,2026-08-13,P2256,Clothing,7,71.17,13.0,433.43,Pakistan,Bank Transfer
501727,10190,2026-08-09,P5661,Clothing,3,160.42,6.8,448.53,United Kingdom,Debit Card
500610,10067,2026-06-20,P4088,Home & Kitchen,5,237.11,6.2,1112.05,United States,Debit Card
504666,10558,2026-07-26,P7856,Accessories,2,91.46,0.7,181.64,Pakistan,Debit Card
508051,10963,2026-07-27,P1972,Clothing,1,151.1,1.2,149.29,Pakistan,Credit Card
505413,10640,2026-06-29,P5854,Clothing,2,119.49,10.6,213.65,Pakistan,Cash on Delivery
500343,10035,2026-02-26,P1964,Electronics,1,678.82,24.1,515.22,Pakistan,Bank Transfer
504683,10561,2026-06-22,P1675,Sports,3,95.22,25.3,213.39,Pakistan,Debit Card
508784,11043,2026-05-25,P6972,Home & Kitchen,1,285.8,6.1,268.37,Pakistan,Credit Card
503750,10436,2026-08-09,P2120,Electronics,3,379.21,17.5,938.54,Pakistan,Digital Wallet
508453,11007,2026-06-08,P2460,Home & Kitchen,1,206.23,19.9,165.19,Australia,Cash on Delivery
509307,11107,2026-08-15,P8755,Beauty,4,102.86,19.1,332.85,Pakistan,Credit Card
505999,10717,2026-06-23,P9938,Beauty,2,115.23,17.1,191.05,United Kingdom,Cash on Delivery
503215,10377,2026-04-17,P8632,Accessories,2,28.46,20.6,45.19,United Kingdom,Bank Transfer
500097,10011,2026-08-13,P5932,Books,6,72.71,1.3,430.59,United Kingdom,Debit Card
507387,10886,2026-05-18,P2470,Books,3,54.55,11.6,144.67,Canada,Digital Wallet
507665,10917,2026-06-24,P6949,Electronics,2,265.91,4.0,510.55,United States,Digital Wallet
505176,10612,2026-06-17,P5974,Clothing,1,160.29,27.2,116.69,United Kingdom,Credit Card
507279,10875,2026-08-12,P6456,Sports,5,26.12,12.1,114.8,Pakistan,Cash on Delivery
506165,10736,2025-10-23,P5020,Sports,3,161.99,10.7,433.97,United States,Digital Wallet
501537,10168,2026-06-14,P5869,Clothing,2,49.93,24.6,75.29,Canada,Credit Card
503588,10422,2026-07-26,P8313,Home & Kitchen,3,298.74,15.1,760.89,Pakistan,Digital Wallet
509442,11126,2026-01-21,P5785,Sports,2,30.16,2.8,58.63,United States,Digital Wallet
506985,10838,2026-07-30,P3999,Sports,3,102.05,24.9,229.92,Pakistan,Debit Card
503648,10429,2026-06-23,P3774,Accessories,5,101.89,2.7,495.69,United States,Credit Card
502657,10309,2026-07-11,P2757,Beauty,1,43.51,30.3,30.33,Pakistan,Digital Wallet
509826,11179,2026-03-09,P3428,Sports,3,69.15,29.2,146.87,United States,Bank Transfer
501517,10166,2026-08-04,P8257,Home & Kitchen,1,207.47,33.3,138.38,Pakistan,Digital Wallet
505061,10601,2026-06-05,P6403,Home & Kitchen,3,124.74,6.3,350.64,Pakistan,Digital Wallet
509349,11112,2026-05-12,P1953,Clothing,2,77.02,11.5,136.33,United Kingdom,Cash on Delivery
504624,10552,2026-04-14,P4116,Home & Kitchen,3,98.04,2.8,285.88,Pakistan,Bank Transfer
504272,10498,2026-08-04,P1111,Home & Kitchen,7,159.58,2.1,1093.6,Pakistan,Cash on Delivery
503669,10430,2026-08-10,P4098,Clothing,7,83.86,1.5,578.21,United States,Credit Card
506566,10784,2026-05-02,P6056,Electronics,4,313.03,19.0,1014.22,United Kingdom,Cash on Delivery
505800,10691,2026-08-11,P7782,Clothing,5,37.14,16.0,155.99,Pakistan,Debit Card
502090,10237,2026-08-04,P1087,Home & Kitchen,4,348.14,6.6,1300.65,Australia,Cash on Delivery
507097,10854,2025-09-10,P8670,Electronics,3,597.98,24.5,1354.42,United States,Digital Wallet
506171,10737,2026-07-12,P9364,Books,4,33.76,20.4,107.49,United Kingdom,Debit Card
500572,10063,2026-07-22,P2159,Electronics,1,607.11,18.5,494.79,Australia,Digital Wallet
509558,11141,2026-04-13,P8300,Electronics,2,182.4,22.7,281.99,United Kingdom,Credit Card
504688,10561,2026-07-24,P4991,Accessories,2,25.39,23.4,38.9,Pakistan,Debit Card
509074,11076,2026-07-19,P5913,Electronics,3,536.03,20.2,1283.26,Australia,Debit Card
503062,10361,2026-08-09,P3346,Home & Kitchen,5,152.97,3.7,736.55,United States,Credit Card
509293,11107,2026-07-27,P8061,Accessories,5,38.11,18.9,154.54,Pakistan,Cash on Delivery
506470,10773,2026-08-10,P9134,Beauty,6,149.31,2.3,875.26,United Kingdom,Cash on Delivery
507160,10860,2026-08-09,P3695,Clothing,2,72.42,8.2,132.96,Pakistan,Cash on Delivery
506633,10795,2026-07-27,P6803,Clothing,4,71.84,7.3,266.38,United Kingdom,Cash on Delivery
508491,11014,2026-06-12,P5586,Clothing,3,61.93,8.0,170.93,Pakistan,Credit Card
507925,10947,2026-07-04,P5998,Sports,7,32.3,8.1,207.79,United Kingdom,Bank Transfer
507345,10883,2026-07-17,P2954,Sports,4,187.29,14.5,640.53,United Kingdom,Bank Transfer
506304,10755,2026-06-11,P5637,Home & Kitchen,3,313.56,13.4,814.63,United States,Digital Wallet
507900,10944,2026-08-05,P2546,Home & Kitchen,3,40.24,22.7,93.32,Canada,Digital Wallet
509439,11125,2026-04-21,P8739,Sports,3,96.93,0.4,289.63,Pakistan,Bank Transfer
508185,10978,2026-06-25,P1216,Books,5,45.5,9.9,204.98,Australia,Debit Card
504479,10528,2026-07-17,P2451,Clothing,1,99.01,21.6,77.62,Pakistan,Credit Card
504948,10589,2026-08-13,P1376,Home & Kitchen,6,88.75,3.7,512.8,,Bank Transfer
505976,10712,2026-05-27,P3361,Clothing,1,47.94,9.3,43.48,United Kingdom,Bank Transfer
500370,10038,2026-08-09,P6993,Electronics,2,647.11,9.9,1166.09,Australia,Bank Transfer
501938,10217,2026-08-10,P7687,Beauty,2,52.64,0.8,104.44,Pakistan,Bank Transfer
502352,10272,2026-07-26,P2519,Home & Kitchen,1,312.08,44.4,173.52,Pakistan,Digital Wallet
507127,10856,2026-07-29,P7887,Clothing,4,105.36,4.2,403.74,Pakistan,Cash on Delivery
501753,10192,2025-08-05,P8926,Sports,1,149.44,9.5,135.24,Australia,Debit Card
503670,10430,2026-08-10,P4614,Sports,2,165.7,10.2,297.6,United States,Cash on Delivery
507298,10878,2026-05-31,P3549,Electronics,1,557.65,0.0,557.65,Pakistan,Cash on Delivery
503652,10429,2026-08-12,P8856,Clothing,5,178.78,11.6,790.21,United States,Debit Card
505201,10614,2026-08-10,P8072,Accessories,5,59.76,10.8,266.53,Pakistan,Digital Wallet
507909,10946,2026-08-05,P5373,Books,3,12.01,4.6,34.37,Pakistan,Bank Transfer
502361,10274,2026-04-09,P4956,Accessories,2,118.41,7.2,219.77,Pakistan,Cash on Delivery
504260,10496,2026-08-10,P3006,Electronics,3,450.7,3.7,1302.07,United Kingdom,Cash on Delivery
505432,10641,2026-08-15,P5166,Home & Kitchen,7,119.22,7.7,770.28,Pakistan,Cash on Delivery
506285,10752,2025-11-17,P1364,Electronics,2,489.62,19.4,789.27,Canada,Credit Card
504991,10593,2026-07-02,P6003,Sports,1,122.22,5.6,115.38,Australia,Credit Card
507600,10908,2026-07-21,P6199,Sports,5,37.19,19.4,149.88,Pakistan,Cash on Delivery
509462,11129,2026-07-16,P8521,Clothing,4,177.74,1.4,701.01,United States,Bank Transfer
503737,10435,2026-08-11,P6431,Home & Kitchen,4,141.04,9.5,510.56,,Bank Transfer
507520,10899,2026-07-23,P7303,Beauty,3,19.39,6.4,54.45,Pakistan,Bank Transfer
508559,11020,2026-07-31,P4757,Sports,2,194.08,10.2,348.57,United States,Debit Card
508926,11066,2026-07-12,P1387,Clothing,2,177.56,36.5,225.5,Pakistan,Credit Card
509990,11200,2026-06-19,P9784,Sports,5,228.13,8.7,1041.41,United Kingdom,Debit Card
505591,10664,2026-05-08,P6674,Beauty,5,97.53,10.0,438.88,Pakistan,Bank Transfer
501171,10129,2026-08-02,P7360,Accessories,3,42.56,6.8,119.0,Pakistan,Debit Card
507370,10884,2026-06-24,P1822,Accessories,2,43.6,4.3,83.45,United Kingdom,Credit Card
507937,10947,2026-08-09,P5609,Clothing,7,39.86,6.7,260.33,Pakistan,Credit Card
508086,10966,2026-07-10,P8648,Sports,4,83.97,1.8,329.83,Australia,Credit Card
501422,10156,2026-07-13,P1162,Sports,1,167.04,8.5,152.84,Pakistan,Cash on Delivery
506782,10818,2026-06-20,P8134,Beauty,1,115.62,15.2,98.05,Pakistan,Debit Card
509443,11126,2026-02-10,P7615,Beauty,1,15.63,15.9,13.14,United States,Cash on Delivery
508139,10974,2026-07-29,P4446,Books,2,63.09,6.5,117.98,Pakistan,Debit Card
509350,11112,2026-05-15,P8645,Home & Kitchen,4,138.98,21.9,434.17,Pakistan,Digital Wallet
508018,10960,2026-04-29,P2460,Clothing,1,112.61,35.3,72.86,Pakistan,Bank Transfer
506339,10761,2026-06-26,P2996,Books,2,43.74,1.0,86.61,United Kingdom,Cash on Delivery
509647,11160,2026-07-13,P5880,Accessories,3,107.77,4.5,308.76,Australia,Bank Transfer
500874,10093,2026-03-24,P7571,Books,2,41.47,44.9,45.7,Pakistan,Cash on Delivery
502297,10264,2026-05-04,P1386,Beauty,2,104.24,11.7,184.09,United States,Digital Wallet
502643,10308,2026-07-27,P6240,Books,5,38.75,8.8,176.7,Pakistan,Credit Card
507531,10900,2026-08-02,P8561,Accessories,5,56.4,12.1,247.88,United States,Debit Card
501719,10189,2026-02-20,P6549,Sports,2,103.58,4.1,198.67,Pakistan,Cash on Delivery
505347,10631,2026-08-09,P4749,Beauty,1,113.52,30.7,78.67,Australia,Digital Wallet
505932,10706,2025-09-08,P6740,Clothing,2,139.28,14.0,239.56,Pakistan,Debit Card
500840,10088,2026-05-06,P5674,Clothing,1,56.11,11.0,49.94,United Kingdom,Credit Card
509937,11195,2026-06-16,P8827,Accessories,7,69.37,13.1,421.98,Pakistan,Cash on Delivery
500581,10064,2026-07-09,P7034,Books,5,60.29,7.5,278.84,Pakistan,Credit Card
500204,10022,2026-07-29,P1153,Home & Kitchen,4,99.31,1.3,392.08,United Kingdom,Debit Card
501641,10180,2026-06-09,P6609,Clothing,3,74.11,5.9,209.21,Pakistan,Cash on Delivery
502014,10226,2026-08-08,P5444,Beauty,3,64.62,13.6,167.5,United States,Credit Card
503253,10380,2026-05-25,P1960,Electronics,5,614.88,23.1,2364.21,United States,Cash on Delivery
507540,10901,2026-07-21,P2542,Home & Kitchen,5,317.94,18.1,1301.96,Pakistan,Bank Transfer
500905,10099,2026-06-09,P6278,Sports,3,192.1,2.6,561.32,United Kingdom,Cash on Delivery
500631,10067,2026-08-10,P7686,Books,5,36.72,10.2,164.87,United States,Debit Card
508420,11003,2026-04-12,P4058,Beauty,3,147.35,20.8,350.1,Pakistan,Credit Card
507823,10937,2026-07-01,P3030,Beauty,7,80.19,7.8,517.55,Canada,Credit Card
501974,10223,2026-07-09,P1194,Sports,2,28.49,2.9,55.33,Pakistan,Credit Card
500162,10016,2026-07-31,P4992,Accessories,5,43.27,21.8,169.19,United States,Bank Transfer
504998,10594,2026-06-12,P6139,Home & Kitchen,3,116.29,17.5,287.82,United States,Bank Transfer
501243,10136,2026-06-08,P8387,Electronics,5,396.83,5.8,1869.07,Pakistan,Debit Card
509450,11127,2026-08-11,P9942,Accessories,5,119.28,9.9,537.36,Pakistan,Cash on Delivery
507764,10930,2026-08-11,P2158,Beauty,5,114.34,19.5,460.22,United Kingdom,Bank Transfer
504713,10564,2026-07-03,P8968,Accessories,2,20.27,14.8,34.54,Pakistan,Bank Transfer
500875,10093,2026-03-27,P6492,Electronics,1,347.62,31.3,238.81,United States,Bank Transfer
501431,10157,2026-03-03,P3422,Sports,3,36.68,6.3,103.11,United Kingdom,Debit Card
508738,11039,2026-07-16,P4069,Accessories,5,30.71,6.5,143.57,United Kingdom,Cash on Delivery
506868,10824,2026-07-07,P1684,Accessories,1,26.25,16.4,21.95,Pakistan,Credit Card
504643,10557,2026-07-26,P5291,Beauty,5,144.98,1.0,717.65,Pakistan,Debit Card
505080,10602,2026-08-08,P5933,Beauty,5,99.1,17.2,410.27,Pakistan,Cash on Delivery
505783,10690,2026-06-12,P4760,Home & Kitchen,5,47.03,0.5,233.97,Pakistan,Cash on Delivery
509138,11082,2026-08-15,P6279,Electronics,5,205.49,5.2,974.02,Pakistan,Digital Wallet
507616,10909,2026-08-08,P6901,Beauty,1,119.95,17.3,99.2,Pakistan,Bank Transfer
508039,10961,2026-08-10,P3746,Sports,2,220.73,0.8,437.93,Pakistan,Bank Transfer
507955,10953,2026-04-23,P4400,Clothing,5,173.77,22.9,669.88,Pakistan,Bank Transfer
509437,11124,2026-07-11,P8955,Accessories,1,63.54,29.9,44.54,Pakistan,Cash on Delivery
502856,10334,2026-08-09,P1838,Home & Kitchen,6,325.78,13.9,1682.98,Pakistan,Bank Transfer
501861,10207,2026-08-13,P6718,Books,7,69.31,5.2,459.94,United Kingdom,Debit Card
502659,10310,2026-04-07,P1132,Sports,5,136.78,10.1,614.83,United Kingdom,Bank Transfer
503384,10398,2026-06-04,P9246,Clothing,3,88.03,15.8,222.36,Pakistan,Credit Card
509564,11141,2026-06-13,P4449,Beauty,1,125.92,40.3,75.17,Pakistan,Credit Card
509776,11171,2026-06-28,P7060,Accessories,1,71.58,13.7,61.77,Pakistan,Cash on Delivery
508090,10967,2026-06-20,P2672,Accessories,3,45.97,37.5,86.19,Pakistan,Cash on Delivery
508347,10995,2026-05-18,P8292,Beauty,1,144.01,15.6,121.54,Australia,Digital Wallet
507462,10894,2026-07-22,P9726,Beauty,2,100.16,6.5,187.3,Australia,Credit Card
506886,10827,2026-06-26,P8918,Clothing,4,86.92,6.8,324.04,Pakistan,Credit Card
504733,10565,2026-04-25,P2563,Electronics,4,159.59,8.6,583.46,Pakistan,Digital Wallet
503331,10389,2026-07-09,P7555,Accessories,1,45.04,32.1,30.58,Pakistan,Credit Card
509006,11071,2026-07-08,P7573,Home & Kitchen,5,325.36,13.8,1402.3,Pakistan,Credit Card
508635,11031,2026-06-22,P3451,Beauty,5,42.12,3.1,204.07,United Kingdom,Credit Card
506404,10768,2026-01-14,P1334,Clothing,2,178.54,22.8,275.67,United Kingdom,Digital Wallet
508346,10995,2026-05-11,P7436,Clothing,1,22.72,22.5,17.61,Pakistan,Debit Card
509464,11129,2026-07-27,P4084,Home & Kitchen,4,342.69,11.2,1217.23,United Kingdom,Cash on Delivery
507060,10851,2026-06-09,P2773,Clothing,6,67.4,3.1,391.86,Pakistan,Credit Card
502096,10238,2026-07-30,P2098,Home & Kitchen,2,189.41,0.1,378.44,Pakistan,Credit Card
502003,10225,2026-08-14,P8176,Electronics,5,153.85,15.2,652.32,Australia,Bank Transfer
508804,11047,2026-06-19,P6133,Books,2,30.05,16.3,50.3,Canada,Credit Card
509732,11165,2026-08-15,P6962,Electronics,1,129.58,7.8,119.47,Pakistan,Credit Card
504676,10559,2026-07-21,P2798,Accessories,1,33.18,42.8,18.98,United Kingdom,Cash on Delivery
505017,10598,2026-04-19,P2720,Books,4,43.32,15.0,147.29,United States,Cash on Delivery
507469,10894,2026-08-12,P7483,Clothing,3,76.81,20.2,183.88,Pakistan,Digital Wallet
500546,10061,2026-07-17,P1671,Clothing,3,130.07,7.6,360.55,Pakistan,Bank Transfer
501449,10159,2026-07-25,P6846,Clothing,5,26.23,1.5,129.18,United States,Debit Card
503986,10460,2026-07-17,P4238,Beauty,6,137.96,14.4,708.56,Canada,Credit Card
506900,10828,2026-06-26,P5359,Electronics,1,82.23,2.8,79.93,United Kingdom,Credit Card
502610,10303,2026-02-10,P5284,Books,1,36.38,16.2,30.49,United States,Bank Transfer
501900,10213,2026-06-30,P9106,Beauty,1,63.14,6.8,58.85,Pakistan,Credit Card
503920,10455,2026-07-30,P9623,Electronics,6,596.64,1.4,3529.72,Pakistan,Debit Card
502757,10321,2026-07-14,P5072,Electronics,3,602.04,4.6,1723.04,United States,Credit Card
506124,10731,2026-07-27,P8852,Books,4,8.67,7.7,32.01,Pakistan,Cash on Delivery
506397,10766,2026-07-07,P5451,Beauty,2,108.4,19.1,175.39,Canada,Cash on Delivery
501885,10210,2026-06-23,P4411,Electronics,4,583.72,13.7,2015.0,Australia,Bank Transfer
509823,11178,2026-08-05,P3359,Home & Kitchen,5,327.05,9.2,1484.81,Pakistan,Credit Card
505738,10683,2026-06-24,P8888,Sports,2,224.89,1.7,442.13,Canada,Cash on Delivery
508667,11034,2026-07-24,P2697,Home & Kitchen,5,201.9,14.0,868.17,Canada,Debit Card
505890,10703,2026-05-21,P1337,Sports,3,133.23,0.6,397.29,Pakistan,Bank Transfer
502097,10238,2026-08-04,P5271,Clothing,3,116.73,3.8,336.88,United Kingdom,Digital Wallet
509289,11106,2026-07-19,P1244,Clothing,1,43.37,22.8,33.48,United States,Digital Wallet
505692,10677,2026-08-10,P7758,Sports,7,128.2,7.3,831.89,Pakistan,Cash on Delivery
500499,10057,2026-08-03,P2721,Home & Kitchen,3,186.94,13.3,486.23,United Kingdom,Credit Card
505624,10668,2026-04-02,P4549,Clothing,4,152.41,16.1,511.49,United States,Bank Transfer
500836,10087,2026-08-07,P1613,Electronics,2,669.33,42.9,764.37,Pakistan,Debit Card
503471,10408,2026-06-29,P8348,Clothing,6,152.91,3.7,883.51,United Kingdom,Credit Card
504697,10562,2026-06-24,P5337,Beauty,4,20.13,6.9,74.96,Pakistan,Credit Card
506280,10751,2026-08-05,P9182,Books,5,38.7,8.7,176.67,Pakistan,Cash on Delivery
508883,11056,2026-08-15,P7720,Accessories,1,68.76,3.0,66.7,United Kingdom,Debit Card
502171,10250,2026-04-07,P4389,Beauty,1,22.04,5.8,20.76,United Kingdom,Cash on Delivery
509231,11098,2026-06-15,P4034,Home & Kitchen,3,131.5,21.0,311.66,Pakistan,Credit Card
505678,10675,2026-07-11,P3046,Electronics,2,437.64,17.3,723.86,Pakistan,Cash on Delivery
509184,11091,2025-12-12,P5115,Clothing,2,65.43,5.8,123.27,United States,Debit Card
500398,10043,2026-06-29,P1064,Sports,6,154.87,1.3,917.14,United States,Cash on Delivery
502010,10226,2026-07-24,P6274,Clothing,1,106.25,6.5,99.34,Australia,Bank Transfer
505166,10611,2026-07-04,P7223,Clothing,7,39.63,12.6,242.46,Pakistan,Debit Card
505871,10702,2026-07-19,P5674,Beauty,7,31.74,3.3,214.85,United States,Digital Wallet
509792,11174,2026-07-02,P3810,Sports,5,138.68,17.4,572.75,United States,Debit Card
501283,10142,2026-07-06,P4360,Home & Kitchen,5,104.58,23.1,402.11,United States,Digital Wallet
508390,10998,2026-08-15,P1091,Clothing,3,177.08,14.7,453.15,United States,Bank Transfer
502448,10286,2026-06-17,P2180,Books,2,50.2,2.9,97.49,Pakistan,Bank Transfer
504256,10496,2026-07-30,P4066,Books,2,26.71,0.8,52.99,Pakistan,Debit Card
501836,10206,2026-08-07,P2685,Accessories,7,38.87,6.1,255.49,United States,Cash on Delivery
509596,11148,2026-02-12,P9889,Electronics,1,181.83,13.8,156.74,United Kingdom,Digital Wallet
501019,10109,2026-07-31,P2140,Electronics,1,512.43,0.6,509.36,Australia,Credit Card
505066,10601,2026-08-14,P3191,Books,4,60.26,23.6,184.15,United Kingdom,Credit Card
501326,10146,2026-07-20,P3626,Books,7,18.82,2.3,128.71,Australia,Cash on Delivery
508752,11039,2026-08-15,P3378,Electronics,2,691.64,0.2,1380.51,Australia,Credit Card
500475,10055,2026-01-15,P3511,Clothing,3,71.47,21.4,168.53,Pakistan,Bank Transfer
502810,10330,2026-08-01,P6318,Accessories,3,86.53,2.0,254.4,United States,Digital Wallet
508632,11031,2026-06-08,P1106,Beauty,2,99.37,1.3,196.16,Pakistan,Bank Transfer
501651,10180,2026-07-18,P1201,Sports,7,89.05,4.7,594.05,United States,Credit Card
509611,11151,2026-05-20,P2236,Home & Kitchen,1,62.13,42.4,35.79,Pakistan,Debit Card
501169,10129,2026-08-01,P2210,Electronics,6,654.47,10.8,3502.72,Canada,Debit Card
502528,10293,2026-05-06,P6032,Clothing,2,177.45,28.2,254.82,Pakistan,Bank Transfer
501206,10132,2026-08-15,P2293,Electronics,2,322.85,14.6,551.43,Pakistan,Cash on Delivery
506256,10747,2026-06-15,P3895,Beauty,2,71.52,9.2,129.88,Canada,Digital Wallet
507926,10947,2026-07-09,P9502,Clothing,7,162.78,9.9,1026.65,Canada,Bank Transfer
505469,10645,2026-07-15,P9594,Beauty,3,77.0,13.0,200.97,Pakistan,Debit Card
509383,11117,2026-07-07,P7952,Electronics,5,643.31,3.7,3097.54,Canada,Credit Card
500431,10047,2026-06-11,P2699,Accessories,5,75.3,4.6,359.18,United Kingdom,Digital Wallet
507700,10920,2026-08-04,P8350,Beauty,5,92.52,9.2,420.04,United Kingdom,Bank Transfer
500867,10092,2026-04-02,P2561,Sports,2,190.59,19.9,305.33,Pakistan,Credit Card
502974,10348,2026-07-15,P9950,Electronics,6,186.49,0.7,1111.11,Canada,Debit Card
505236,10619,2026-04-29,P9762,Clothing,3,54.36,38.2,100.78,United Kingdom,Digital Wallet
505093,10604,2026-06-20,P1605,Sports,3,194.34,11.6,515.39,Australia,Debit Card
505433,10642,2026-05-02,P5275,Beauty,4,148.24,7.0,551.45,Pakistan,Digital Wallet
500541,10061,2026-07-04,P2440,Beauty,3,107.8,7.1,300.44,Canada,Cash on Delivery
505195,10614,2026-08-02,P4151,Beauty,7,31.63,5.7,208.79,Pakistan,Digital Wallet
501132,10124,2026-07-23,P4773,Home & Kitchen,3,216.8,1.2,642.6,Pakistan,Credit Card
509837,11179,2026-08-04,P4613,Electronics,1,129.19,25.2,96.63,Pakistan,Digital Wallet
504501,10529,2026-08-01,P1209,Beauty,6,129.24,6.5,725.04,Australia,Digital Wallet
506354,10762,2026-08-07,P3020,Books,2,34.24,10.7,61.15,Pakistan,Cash on Delivery
509333,11110,2026-07-25,P7885,Accessories,2,117.56,15.3,199.15,Pakistan,Credit Card
503390,10399,2026-03-10,P9620,Home & Kitchen,3,333.15,26.4,735.6,Pakistan,Bank Transfer
503888,10450,2026-07-07,P5789,Clothing,6,48.36,14.2,248.96,Australia,Debit Card
502962,10347,2025-11-25,P7197,Electronics,3,252.31,24.5,571.48,Pakistan,Digital Wallet
504155,10475,2026-07-11,P9343,Sports,3,55.73,6.1,156.99,United States,Credit Card
503259,10380,2026-06-24,P8069,Sports,4,90.22,17.8,296.64,Pakistan,Bank Transfer
506302,10755,2026-05-24,P2691,Sports,2,27.16,9.3,49.27,United Kingdom,Bank Transfer
506034,10722,2026-08-05,P9964,Clothing,4,20.08,6.0,75.5,United States,Bank Transfer
507918,10946,2026-08-11,P1487,Home & Kitchen,3,300.26,11.6,796.29,Australia,Debit Card
509936,11194,2026-05-09,P1445,Beauty,2,142.16,10.4,254.75,United Kingdom,Bank Transfer
502583,10300,2026-08-02,P7626,Clothing,4,68.78,3.2,266.32,Pakistan,Debit Card
502813,10330,2026-08-11,P7171,Clothing,5,138.7,1.3,684.48,United States,Cash on Delivery
503959,10457,2026-08-15,P2294,Home & Kitchen,7,141.53,7.3,918.39,Pakistan,Credit Card
502947,10343,2026-06-08,P8199,Sports,1,242.3,17.7,199.41,Pakistan,Cash on Delivery
506643,10795,2026-08-09,P3994,Electronics,5,494.09,7.5,2285.17,Pakistan,Cash on Delivery
505174,10612,2026-05-26,P2225,Home & Kitchen,1,103.08,26.9,75.35,Canada,Credit Card
506841,10822,2026-08-08,P7998,Electronics,2,191.36,1.1,378.51,United States,Digital Wallet
508298,10988,2026-01-13,P6893,Sports,1,179.91,16.2,150.76,Pakistan,Debit Card
503586,10422,2026-07-16,P9728,Accessories,2,117.68,42.2,136.04,Australia,Credit Card
509228,11097,2026-08-05,P4309,Home & Kitchen,5,163.52,19.1,661.44,United Kingdom,Bank Transfer
507988,10958,2026-08-05,P2650,Electronics,5,572.99,12.0,2521.16,United States,Debit Card
502563,10297,2026-06-22,P7069,Sports,3,111.02,23.3,255.46,Pakistan,Bank Transfer
502630,10305,2026-08-02,P9582,Beauty,3,76.17,24.3,172.98,United States,Cash on Delivery
503190,10375,2026-08-10,P6202,Accessories,6,94.63,9.8,512.14,Pakistan,Debit Card
507778,10931,2026-08-07,P2467,Beauty,3,74.41,11.8,196.89,United States,Bank Transfer
507645,10913,2026-02-08,P8491,Clothing,3,73.3,23.6,168.0,Canada,Digital Wallet
505036,10600,2026-06-07,P4492,Home & Kitchen,5,149.63,4.9,711.49,Pakistan,Credit Card
501080,10118,2026-05-26,P7265,Clothing,5,71.82,23.3,275.43,Pakistan,Digital Wallet
504283,10501,2026-01-24,P9069,Electronics,2,217.76,22.7,336.66,United States,Debit Card
509711,11163,2026-08-02,P1554,Accessories,4,37.1,20.7,117.68,United States,Credit Card
507085,10852,2026-07-11,P5152,Home & Kitchen,2,148.83,22.2,231.58,Australia,Digital Wallet
502085,10237,2026-08-02,P6737,Home & Kitchen,1,220.23,7.8,203.05,Australia,Digital Wallet
506345,10761,2026-08-13,P3375,Sports,4,178.97,22.2,556.95,U.S.A.,Digital Wallet
502452,10286,2026-06-26,P2664,Clothing,5,159.48,8.5,729.62,Pakistan,Cash on Delivery
504966,10590,2026-07-29,P5380,Electronics,4,309.3,12.4,1083.79,United States,Debit Card
502023,10228,2026-06-24,P8891,Sports,3,203.65,19.2,493.65,Australia,Bank Transfer
508071,10965,2026-05-21,P9144,Clothing,1,26.71,6.2,25.05,Australia,Digital Wallet
508987,11070,2026-05-11,P4360,Electronics,5,110.74,13.5,478.95,Pakistan,Debit Card
508718,11038,2026-05-17,P5007,Electronics,3,574.1,24.0,1308.95,Pakistan,Bank Transfer
507321,10880,2026-06-08,P3295,Beauty,1,102.57,1.0,101.54,Australia,Bank Transfer
500226,10023,2026-08-10,P1231,Home & Kitchen,1,343.98,3.0,333.66,Pakistan,Bank Transfer
501013,10108,2026-07-10,P3517,Clothing,1,173.45,42.5,99.73,United States,Credit Card
506679,10802,2026-07-16,P5853,Clothing,1,128.4,9.4,116.33,United Kingdom,Bank Transfer
501929,10217,2026-05-27,P8131,Books,1,54.05,9.0,49.19,United Kingdom,Debit Card
501043,10112,2026-07-11,P3686,Clothing,3,110.25,22.9,255.01,United Kingdom,Cash on Delivery
505251,10620,2026-07-01,P6192,Sports,1,205.19,16.9,170.51,United States,Bank Transfer
501404,10153,2026-08-10,P4685,Clothing,6,29.19,2.8,170.24,Pakistan,Credit Card
502179,10251,2026-06-26,P6251,Sports,4,241.44,5.5,912.64,Pakistan,Credit Card
500697,10073,2026-07-24,P5341,Beauty,2,37.97,13.0,66.07,United Kingdom,Debit Card
501124,10124,2026-06-30,P4234,Clothing,3,99.28,3.8,286.52,Canada,Digital Wallet
507378,10884,2026-07-31,P4964,Clothing,3,162.2,0.8,482.71,United Kingdom,Digital Wallet
503895,10450,2026-07-27,P4457,Home & Kitchen,5,150.96,2.1,738.95,United States,Bank Transfer
508217,10981,2026-08-05,P2835,Accessories,2,61.76,24.0,93.88,Australia,Digital Wallet
505110,10605,2026-07-04,P6651,Clothing,6,95.89,9.6,520.11,Pakistan,Debit Card
501778,10197,2026-04-29,P9760,Clothing,3,121.52,21.7,285.45,Pakistan,Debit Card
507786,10933,2026-03-18,P7031,Home & Kitchen,3,40.66,1.3,120.39,Pakistan,Digital Wallet
502634,10306,2026-03-15,P1450,Sports,1,219.89,24.4,166.24,Canada,Bank Transfer
507187,10862,2026-07-12,P4179,,3,14.25,9.5,38.69,United Kingdom,Bank Transfer
507544,10901,2026-08-10,P7710,Clothing,1,136.26,1.1,134.76,Pakistan,Bank Transfer
507604,10909,2026-07-15,P1403,Electronics,3,625.5,1.7,1844.6,Pakistan,Digital Wallet
503489,10408,2026-08-15,P1787,Clothing,4,107.11,2.1,419.44,United Kingdom,Cash on Delivery
508259,10984,2026-06-23,P9527,Clothing,6,112.42,2.2,659.68,Pakistan,Bank Transfer
501037,10111,2026-07-05,P9045,Clothing,3,25.22,21.5,59.39,Pakistan,Debit Card
506093,10727,2026-08-01,P6657,Home & Kitchen,3,56.06,7.5,155.57,Australia,Bank Transfer
502256,10260,2026-07-25,P9516,Home & Kitchen,3,189.12,9.1,515.73,Canada,Cash on Delivery
508188,10978,2026-07-18,P2673,Electronics,3,363.37,12.9,949.49,Pakistan,Bank Transfer
502613,10304,2026-01-22,P8461,Accessories,3,100.97,10.6,270.8,Australia,Digital Wallet
500313,10032,2026-06-02,P2132,Beauty,3,84.5,19.9,203.05,U.S.A.,Cash on Delivery
502649,10309,2026-05-24,P1602,Books,1,47.71,21.6,37.4,United Kingdom,Credit Card
502281,10263,2026-08-09,P5337,Accessories,6,70.74,2.0,415.95,Australia,Cash on Delivery
506741,10812,2026-04-14,P5629,Accessories,2,30.48,41.5,35.66,United Kingdom,Digital Wallet
502979,10348,2026-07-23,P4585,Accessories,2,96.76,8.7,176.68,Pakistan,Credit Card
502547,10295,2026-08-03,P2058,Electronics,6,350.54,14.3,1802.48,Pakistan,Digital Wallet
505512,10651,2026-07-29,P6647,Accessories,7,41.51,2.0,284.76,Australia,Digital Wallet
505132,10607,2026-06-13,P3601,Clothing,4,166.26,11.0,591.89,Australia,Debit Card
502159,10247,2026-07-04,P3183,Electronics,2,197.02,16.5,329.02,Pakistan,Debit Card
507080,10852,2026-02-20,P8669,Electronics,1,599.64,21.4,471.32,United Kingdom,Debit Card
503137,10371,2026-07-08,P4805,Beauty,2,122.35,1.3,241.52,Pakistan,Cash on Delivery
509079,11077,2026-08-07,P1851,Home & Kitchen,5,168.45,17.5,694.86,Pakistan,Bank Transfer
505850,10699,2026-07-11,P8748,Sports,2,227.14,0.1,453.83,Canada,Bank Transfer
509865,11185,2026-07-27,P9399,Beauty,2,46.4,13.8,79.99,United Kingdom,Digital Wallet
506445,10772,2026-05-14,P1555,Home & Kitchen,1,168.46,25.0,126.34,Pakistan,Debit Card
503967,10459,2026-08-05,P4943,Home & Kitchen,3,178.21,8.4,489.72,United Kingdom,Bank Transfer
501428,10156,2026-08-07,P1177,Home & Kitchen,4,38.59,4.8,146.95,United Kingdom,Bank Transfer
508422,11003,2026-04-15,P1120,Accessories,1,112.42,16.8,93.53,Australia,Debit Card
502520,10293,2026-01-06,P6745,Clothing,3,88.19,44.1,147.89,United Kingdom,Cash on Delivery
507837,10937,2026-08-12,P9851,Home & Kitchen,7,93.12,12.9,567.75,Pakistan,Bank Transfer
504969,10591,2026-08-08,P2209,Beauty,6,122.54,7.4,680.83,Pakistan,Cash on Delivery
501855,10207,2026-07-16,P9005,Home & Kitchen,4,315.58,0.5,1256.01,Canada,Debit Card
508884,11057,2026-05-23,P4868,Clothing,3,128.56,39.1,234.88,United Kingdom,Bank Transfer
505602,10665,2026-08-01,P8487,Clothing,7,139.86,5.5,925.17,United Kingdom,Bank Transfer
509344,11112,2026-04-10,P4532,Clothing,1,96.13,20.1,76.81,United Kingdom,Credit Card
509868,11186,2025-08-19,P4774,Accessories,3,92.38,16.8,230.58,Pakistan,Bank Transfer
500448,10050,2026-07-16,P4933,,3,24.82,20.1,59.49,Pakistan,Debit Card
507703,10920,2026-08-13,P3404,Electronics,3,436.39,4.7,1247.64,United States,Cash on Delivery
501284,10142,2026-07-18,P5992,Clothing,2,163.15,12.9,284.21,Pakistan,Bank Transfer
505995,10717,2026-06-03,P8012,Electronics,3,389.42,15.3,989.52,Australia,Cash on Delivery
507899,10944,2026-07-13,P5530,Books,2,44.06,15.8,74.2,Canada,Credit Card
503727,10435,2026-08-03,P4128,Home & Kitchen,5,326.84,12.5,1429.92,United States,Cash on Delivery
507353,10883,2026-07-29,P8566,Home & Kitchen,5,61.37,5.6,289.67,Pakistan,Credit Card
500361,10037,2026-08-11,P3233,Sports,1,48.8,2.0,47.82,Pakistan,Credit Card
506279,10751,2026-07-16,P3593,Home & Kitchen,3,46.7,13.6,121.05,Pakistan,Credit Card
505230,10618,2026-08-14,P9571,Home & Kitchen,2,257.43,19.0,417.04,Pakistan,Digital Wallet
508942,11067,2026-08-01,P1672,Books,2,28.45,8.3,52.18,Pakistan,Debit Card
507295,10877,2026-05-11,P4585,Electronics,2,382.97,33.3,510.88,Pakistan,Digital Wallet
508891,11057,2026-07-13,P5413,Books,2,24.26,21.1,38.28,Australia,Debit Card
507534,10900,2026-08-14,P2938,Beauty,4,136.97,6.5,512.27,Canada,Debit Card
506251,10747,2026-04-15,P2734,Sports,2,198.98,23.8,303.25,United States,Debit Card
505926,10705,2026-08-11,P8250,Home & Kitchen,7,196.94,11.7,1217.29,Canada,Digital Wallet
505149,10608,2026-07-25,P9085,Home & Kitchen,1,39.11,12.8,34.1,United Kingdom,Credit Card
502460,10286,2026-07-29,P3424,Clothing,3,49.62,13.3,129.06,Pakistan,Cash on Delivery
500022,10003,2026-04-13,P4416,Accessories,3,47.12,40.4,84.25,United States,Bank Transfer
502066,10235,2026-08-06,P9876,Electronics,3,215.17,13.4,559.01,Pakistan,Bank Transfer
501653,10180,2026-07-22,P7027,Clothing,4,71.54,9.4,259.26,Pakistan,Bank Transfer
500702,10073,2026-08-10,P5412,Electronics,4,321.81,11.8,1135.35,United Kingdom,Bank Transfer
508490,11014,2026-06-04,P8026,Accessories,6,50.13,5.9,283.03,Canada,Bank Transfer
502743,10319,2026-07-30,P2678,Beauty,2,136.75,14.0,235.21,United Kingdom,Bank Transfer
501376,10150,2026-08-06,P3953,Electronics,2,189.5,19.3,305.85,Pakistan,Credit Card
501724,10190,2026-07-23,P1364,Accessories,4,112.09,10.3,402.18,United Kingdom,Digital Wallet
502468,10287,2026-03-08,P1250,Electronics,2,591.71,23.7,902.95,Canada,Debit Card
503754,10437,2026-06-10,P8618,Home & Kitchen,3,60.67,5.9,171.27,Pakistan,Debit Card
502325,10269,2026-08-09,P1829,Clothing,5,105.17,8.2,482.73,Pakistan,Digital Wallet
500460,10052,2026-06-12,P8232,Electronics,2,273.88,16.6,456.83,Pakistan,Digital Wallet
505163,10611,2026-06-27,P8395,Beauty,5,119.02,14.5,508.81,Australia,Debit Card
504183,10483,2026-02-04,P8361,Accessories,2,46.0,8.7,84.0,Pakistan,Bank Transfer
505526,10655,2025-12-24,P5243,Sports,3,194.6,1.9,572.71,United States,Cash on Delivery
504082,10469,2026-07-06,P2333,Home & Kitchen,4,171.54,8.7,626.46,United Kingdom,Bank Transfer
501486,10162,2026-05-22,P5906,Electronics,2,159.71,12.2,280.45,Canada,Cash on Delivery
503678,10430,2026-08-15,P4566,Electronics,7,308.7,11.7,1908.07,Australia,Debit Card
500282,10030,2026-06-23,P7559,Sports,4,125.04,6.7,466.65,Pakistan,Credit Card
506579,10784,2026-07-29,P4863,Clothing,3,106.03,13.8,274.19,United States,Cash on Delivery
504558,10540,2026-08-11,P3945,Electronics,3,175.15,4.6,501.28,Canada,Cash on Delivery
504308,10506,2026-05-28,P7803,Beauty,3,127.72,20.2,305.76,United Kingdom,Cash on Delivery
506684,10802,2026-08-10,P1436,Sports,4,77.49,24.2,234.95,United Kingdom,Digital Wallet
504865,10586,2026-05-03,P9376,Electronics,2,351.47,13.5,608.04,United States,Bank Transfer
503537,10417,2026-05-15,P3356,Clothing,5,91.73,13.9,394.9,United Kingdom,Credit Card
503868,10445,2026-07-26,P2859,Accessories,2,63.12,32.3,85.46,United Kingdom,Digital Wallet
507003,10841,2026-07-13,P7492,Accessories,4,54.44,2.8,211.66,Pakistan,Debit Card
502581,10299,2026-06-10,P9805,Accessories,1,117.18,12.4,102.65,Pakistan,Credit Card
501368,10150,2026-06-22,P3906,Beauty,4,41.67,12.5,145.84,Australia,Digital Wallet
509469,11129,2026-08-12,P2238,Sports,4,80.5,12.4,282.07,Pakistan,Digital Wallet
508197,10978,2026-08-13,P7704,Home & Kitchen,4,301.61,6.1,1132.85,United States,Credit Card
500597,10065,2026-08-05,P3328,Sports,3,166.88,10.9,446.07,Australia,Bank Transfer
504351,10515,2026-07-26,P6009,Home & Kitchen,7,163.28,14.5,977.23,United Kingdom,Debit Card
506346,10761,2026-08-14,P1007,Accessories,5,23.84,7.7,110.02,United Kingdom,Credit Card
508976,11069,2026-05-07,P3703,Home & Kitchen,4,319.74,5.2,1212.45,Australia,Digital Wallet
506379,10764,2026-08-04,P5397,Clothing,1,32.68,21.7,25.59,Pakistan,Credit Card
504758,10567,2026-08-03,P4791,Books,2,17.37,19.7,27.9,Canada,Digital Wallet
500646,10069,2026-07-21,P7065,Accessories,4,12.44,13.8,42.89,Pakistan,Credit Card
506381,10765,2026-08-07,P9909,Sports,7,126.94,2.6,865.48,United States,Digital Wallet
507527,10900,2026-06-07,P6477,Beauty,3,147.78,14.9,377.28,United Kingdom,Debit Card
509697,11163,2026-05-11,P2173,Beauty,1,57.52,17.7,47.34,Pakistan,Credit Card
506023,10720,2026-07-31,P8582,Clothing,3,94.54,33.8,187.76,Pakistan,Debit Card
507954,10953,2026-04-21,P4000,Electronics,3,238.39,22.6,553.54,Pakistan,Bank Transfer
507165,10860,2026-08-11,P9713,Electronics,4,219.07,14.3,750.97,Australia,Digital Wallet
503468,10408,2026-06-19,P6038,Home & Kitchen,3,264.84,4.7,757.18,Pakistan,Cash on Delivery
507797,10935,2026-06-29,P9897,Electronics,1,266.37,12.5,233.07,Pakistan,Debit Card
507697,10920,2026-07-29,P2874,Clothing,2,78.06,5.4,147.69,United States,Credit Card
502990,10348,2026-08-10,P8948,Clothing,7,172.65,0.2,1206.13,United Kingdom,Bank Transfer
509407,11120,2026-06-26,P1482,Home & Kitchen,2,152.04,8.0,279.75,,Credit Card
504875,10586,2026-07-14,P5913,Clothing,5,167.69,9.3,760.47,United States,Bank Transfer
502544,10295,2026-07-26,P3515,Home & Kitchen,2,146.79,2.7,285.65,United Kingdom,Digital Wallet
508595,11026,2026-01-30,P3958,Accessories,1,15.6,11.2,13.85,Pakistan,Bank Transfer
505341,10631,2026-07-16,P2822,Beauty,2,35.64,41.1,41.98,United Kingdom,Bank Transfer
501567,10169,2026-08-04,P4236,Clothing,4,22.7,14.0,78.09,Australia,Cash on Delivery
509994,11200,2026-07-07,P9879,Books,2,20.93,7.2,38.85,Australia,Credit Card
504066,10467,2026-06-04,P4487,Home & Kitchen,3,98.19,14.9,250.68,Pakistan,Digital Wallet
503988,10460,2026-07-22,P5114,Electronics,5,406.31,2.1,1988.89,United States,Bank Transfer
507031,10845,2026-07-28,P1368,Accessories,6,26.78,6.0,151.04,Pakistan,Bank Transfer
502160,10247,2026-07-22,P8404,Clothing,1,94.83,12.2,83.26,Pakistan,Debit Card
500685,10072,2026-07-31,P3347,Electronics,4,229.73,9.5,831.62,Pakistan,Cash on Delivery
507602,10908,2026-08-02,P7831,Clothing,1,164.99,20.1,131.83,United States,Digital Wallet
507784,10932,2026-07-27,P5146,Electronics,3,591.82,17.1,1471.86,Pakistan,Digital Wallet
503243,10378,2026-08-11,P9391,Sports,5,190.51,7.1,884.92,Canada,Digital Wallet
505844,10699,2026-04-08,P1903,Sports,4,173.16,4.2,663.55,United States,Bank Transfer
509219,11096,2026-08-08,P7180,Books,2,49.18,5.7,92.75,Pakistan,Bank Transfer
502461,10286,2026-07-30,P1453,Beauty,2,48.42,5.4,91.61,Pakistan,Digital Wallet
504083,10469,2026-07-07,P9263,Home & Kitchen,1,137.23,12.9,119.53,Australia,Bank Transfer
502837,10333,2026-08-03,P9028,Sports,2,121.0,12.3,212.23,Pakistan,Bank Transfer
503697,10432,2026-06-28,P1467,Electronics,1,487.87,29.6,343.46,Pakistan,Cash on Delivery
507128,10856,2026-08-06,P6334,Electronics,2,84.53,10.4,151.48,Pakistan,Cash on Delivery
506267,10750,2026-05-31,P9829,Clothing,2,59.65,6.7,111.31,Pakistan,Bank Transfer
504941,10589,2026-08-09,P8079,Home & Kitchen,2,54.24,8.4,99.37,Pakistan,Bank Transfer
505946,10707,2026-08-06,P3201,Home & Kitchen,2,99.16,10.2,178.09,Pakistan,Digital Wallet
504583,10544,2025-11-03,P9587,Home & Kitchen,2,235.79,5.7,444.7,United Kingdom,Bank Transfer
505784,10690,2026-06-13,P3129,Electronics,4,175.24,8.0,644.88,United Kingdom,Digital Wallet
504040,10463,2026-03-07,P1580,Home & Kitchen,1,272.9,27.3,198.4,Pakistan,Debit Card
502230,10256,2026-06-30,P5513,Electronics,2,535.93,14.3,918.58,United States,Bank Transfer
507569,10902,2026-08-15,P1976,Clothing,3,79.61,13.7,206.11,Australia,Bank Transfer
500935,10100,2026-07-31,P2459,Books,5,38.77,3.1,187.84,United States,Digital Wallet
502320,10269,2026-07-14,P6385,Electronics,5,153.26,23.2,588.52,Pakistan,Debit Card
504878,10587,2026-06-03,P6468,Beauty,5,89.72,9.6,405.53,United States,Bank Transfer
500521,10059,2026-08-05,P4081,Accessories,6,38.07,12.9,198.95,Pakistan,Debit Card
500522,10059,2026-08-07,P6006,Beauty,5,60.7,2.1,297.13,United States,Debit Card
505345,10631,2026-08-01,P7290,Accessories,3,85.79,42.2,148.76,United States,Cash on Delivery
509876,11188,2026-07-11,P4393,Electronics,3,261.91,6.5,734.66,Pakistan,Credit Card
503359,10394,2026-06-29,P2867,Home & Kitchen,3,81.6,40.8,144.92,Canada,Credit Card
501311,10145,2026-08-01,P8044,Home & Kitchen,4,291.59,8.5,1067.22,United States,Cash on Delivery
503983,10460,2026-07-13,P1005,Electronics,2,264.88,2.1,518.64,Pakistan,Cash on Delivery
506494,10776,2026-06-14,P8999,Clothing,4,63.24,13.5,218.81,Pakistan,Bank Transfer
509560,11141,2026-05-24,P5794,Electronics,1,84.77,19.6,68.16,Pakistan,Bank Transfer
501716,10188,2026-01-14,P3573,Clothing,2,175.81,23.1,270.4,Canada,Cash on Delivery
500780,10080,2026-08-12,P7104,Clothing,5,117.95,1.1,583.26,United Kingdom,Digital Wallet
508798,11047,2026-06-07,P7858,Accessories,5,87.1,11.6,384.98,United States,Digital Wallet
508231,10983,2026-05-23,P8435,Sports,5,217.61,6.1,1021.68,Pakistan,Digital Wallet
505607,10665,2026-08-15,P8418,Electronics,3,413.91,4.2,1189.58,United States,Digital Wallet
505978,10712,2026-06-29,P9074,Beauty,1,52.11,17.9,42.78,United States,Digital Wallet
500651,10069,2026-07-25,P6202,Clothing,2,41.46,13.0,72.14,Pakistan,Cash on Delivery
503747,10436,2026-06-13,P8056,Sports,1,159.87,44.0,89.53,Australia,Bank Transfer
502196,10253,2025-09-29,P6431,Books,2,54.41,23.8,82.92,Pakistan,Debit Card
508418,11003,2026-02-02,P9240,Home & Kitchen,2,51.42,16.3,86.08,United Kingdom,Bank Transfer
500369,10038,2026-08-08,P9529,Clothing,7,171.0,11.0,1065.33,Pakistan,Bank Transfer
509884,11188,2026-07-24,P9541,Home & Kitchen,2,163.62,13.2,284.04,Pakistan,Digital Wallet
508005,10958,2026-08-15,P6086,Clothing,7,153.6,14.1,923.6,United Kingdom,Bank Transfer
504214,10488,2026-08-15,P7195,Home & Kitchen,1,334.32,1.1,330.64,Pakistan,Debit Card
500377,10040,2026-03-08,P8111,Home & Kitchen,3,95.51,1.4,282.52,Pakistan,Credit Card
509446,11127,2026-08-08,P8995,Sports,7,37.44,14.0,225.39,Australia,Credit Card
502216,10255,2026-04-09,P9185,Accessories,1,117.97,7.9,108.65,Pakistan,Digital Wallet
508682,11035,2026-06-13,P4614,Books,4,23.06,1.6,90.76,Pakistan,Debit Card
501613,10176,2026-06-13,P2077,Sports,2,137.08,0.7,272.24,United States,Digital Wallet
506979,10837,2026-02-23,P8066,Clothing,3,110.85,6.2,311.93,Pakistan,Cash on Delivery
507549,10902,2026-07-15,P7548,Clothing,5,78.77,9.4,356.83,Pakistan,Debit Card
501827,10205,2026-06-21,P6830,Electronics,1,92.88,12.5,81.27,United Kingdom,Debit Card
503632,10425,2026-07-27,P8448,Home & Kitchen,5,131.7,13.8,567.63,United Kingdom,Credit Card
500962,10101,2026-07-24,P8408,Sports,2,138.7,14.5,237.18,United Kingdom,Cash on Delivery
502993,10349,2026-06-10,P6335,Electronics,4,272.32,15.0,925.89,Pakistan,Cash on Delivery
506606,10790,2026-04-08,P7183,Electronics,2,291.81,11.6,515.92,United Kingdom,Credit Card
509672,11161,2026-06-24,P5067,Books,1,23.01,34.3,15.12,United States,Digital Wallet
502376,10278,2026-06-26,P2444,Accessories,3,18.79,22.9,43.46,Pakistan,Digital Wallet
508880,11056,2026-07-14,P7950,Beauty,4,45.66,9.7,164.92,Australia,Bank Transfer
500359,10037,2026-07-26,P6424,Books,5,24.83,5.9,116.83,United States,Debit Card
503839,10443,2026-05-16,P4162,Books,1,57.93,13.2,50.28,United States,Credit Card
508184,10978,2026-06-23,P7613,Electronics,7,284.93,10.8,1779.1,Pakistan,Cash on Delivery
501246,10136,2026-06-18,P4403,Accessories,3,111.93,24.8,252.51,United States,Debit Card
507504,10899,2026-06-15,P6654,Accessories,6,74.52,15.0,380.05,Pakistan,Digital Wallet
508349,10995,2026-06-29,P7051,Home & Kitchen,5,61.16,16.2,256.26,Pakistan,Debit Card
506511,10776,2026-07-25,P5242,Accessories,3,116.13,13.1,302.75,Pakistan,Credit Card
505087,10603,2026-07-23,P5438,Home & Kitchen,3,169.75,17.0,422.68,Canada,Credit Card
503694,10432,2026-02-08,P5848,Clothing,2,143.48,25.9,212.64,Pakistan,Cash on Delivery
501573,10171,2026-05-29,P5272,Clothing,2,97.15,22.3,150.97,Pakistan,Credit Card
506281,10751,2026-08-06,P3093,Beauty,4,134.45,4.9,511.45,Pakistan,Bank Transfer
505439,10642,2026-07-24,P2988,Beauty,3,93.08,11.4,247.41,Pakistan,Bank Transfer
502567,10297,2026-07-28,P9184,Beauty,2,122.62,29.8,172.16,United Kingdom,Credit Card
503423,10401,2026-07-27,P6430,Clothing,7,106.48,11.8,657.41,Pakistan,Cash on Delivery
502037,10231,2026-03-07,P5841,Beauty,1,42.37,42.7,24.28,Pakistan,Bank Transfer
509243,11100,2026-05-01,P6540,Electronics,4,603.76,5.5,2282.21,Pakistan,Debit Card
500772,10080,2026-07-19,P1171,Sports,7,72.64,4.7,484.58,Australia,Debit Card
505380,10636,2026-03-05,P5996,Electronics,1,269.14,23.8,205.08,Pakistan,Cash on Delivery
509568,11142,2026-05-24,P2873,Books,5,21.29,10.6,95.17,Pakistan,Credit Card
503562,10420,2026-07-04,P1301,Clothing,2,151.91,41.7,177.13,United Kingdom,Credit Card
500562,10062,2026-07-16,P9578,Home & Kitchen,3,191.86,24.0,437.44,Australia,Digital Wallet
506683,10802,2026-08-07,P7813,Home & Kitchen,5,223.47,22.3,868.18,Canada,Credit Card
502546,10295,2026-07-31,P5906,Home & Kitchen,2,347.54,8.0,639.47,United Kingdom,Cash on Delivery
505510,10651,2026-07-22,P5080,Electronics,6,87.29,12.9,456.18,United Kingdom,Debit Card
505330,10629,2026-07-28,P8974,Beauty,3,85.22,10.7,228.3,U.S.A.,Debit Card
509667,11160,2026-08-09,P4717,Beauty,7,81.21,14.1,488.32,Pakistan,Credit Card
504531,10536,2025-09-01,P6053,Accessories,3,48.03,13.9,124.06,Canada,Bank Transfer
501674,10182,2026-07-01,P5753,Accessories,4,21.0,9.9,75.68,United States,Cash on Delivery
507395,10887,2026-04-01,P7727,Home & Kitchen,2,307.69,11.1,547.07,Pakistan,Debit Card
500365,10038,2026-07-30,P2672,Home & Kitchen,2,112.63,7.5,208.37,Pakistan,Credit Card
508016,10960,2026-02-10,P5066,Accessories,2,30.55,20.3,48.7,Canada,Digital Wallet
509376,11115,2026-07-12,P7026,Clothing,1,171.51,20.2,136.86,United Kingdom,Digital Wallet
504327,10509,2026-02-18,P4757,Beauty,1,107.98,2.7,105.06,Pakistan,Cash on Delivery
509983,11200,2026-06-09,P9912,Accessories,4,46.91,8.5,171.69,United States,Cash on Delivery
500147,10015,2026-07-29,P2248,Electronics,2,277.59,23.5,424.71,Pakistan,Cash on Delivery
501668,10181,2026-08-08,P1411,Electronics,3,693.63,1.5,2049.68,Australia,Credit Card
503088,10367,2025-08-16,P2964,Accessories,1,85.59,18.6,69.67,Pakistan,Debit Card
508844,11050,2026-07-31,P5838,Clothing,7,79.7,1.6,548.97,Pakistan,Debit Card
507650,10915,2026-04-10,P2894,Sports,1,211.8,9.8,191.04,United States,Debit Card
500407,10043,2026-08-05,P7009,Accessories,6,33.03,10.8,176.78,United Kingdom,Digital Wallet
509584,11145,2026-06-15,P3384,Accessories,4,77.37,9.7,279.46,Pakistan,Debit Card
507788,10935,2026-05-13,P5493,Books,3,74.36,12.3,195.64,United States,Bank Transfer
503456,10407,2026-06-22,P7355,Electronics,4,678.46,6.8,2529.3,Australia,Debit Card
506186,10738,2026-05-27,P7310,Clothing,3,24.21,27.4,52.73,Pakistan,Credit Card
504182,10482,2026-06-18,P8657,Accessories,1,48.38,23.7,36.91,Pakistan,Credit Card
503576,10421,2026-05-19,P3635,Sports,3,105.48,21.8,247.46,United Kingdom,Cash on Delivery
503271,10381,2026-07-04,P9532,Electronics,2,576.61,12.0,1014.83,United Kingdom,Digital Wallet
504940,10589,2026-08-08,P2848,Clothing,5,172.17,12.1,756.69,Pakistan,Bank Transfer
501031,10110,2026-08-13,P7665,Sports,7,70.55,12.9,430.14,Pakistan,Debit Card
508872,11055,2026-02-12,P4777,Home & Kitchen,3,210.35,15.6,532.61,Canada,Bank Transfer
506230,10743,2026-07-07,P2273,Home & Kitchen,3,206.96,44.0,347.69,Australia,Bank Transfer
506592,10787,2026-06-11,P2460,Home & Kitchen,2,335.49,14.9,571.0,Pakistan,Bank Transfer
508906,11061,2026-01-02,P6391,Accessories,2,54.91,13.5,94.99,United Kingdom,Bank Transfer
509811,11178,2026-06-23,P8363,Accessories,7,38.34,5.9,252.55,United Kingdom,Bank Transfer
506724,10810,2026-07-17,P3794,Home & Kitchen,4,103.6,13.1,360.11,Australia,Credit Card
508029,10961,2026-06-12,P3443,Accessories,6,94.1,11.5,499.67,Australia,Cash on Delivery
508052,10963,2026-08-03,P2017,Sports,3,94.89,4.1,273.0,Pakistan,Credit Card
500855,10091,2026-07-08,P2392,Clothing,7,41.15,2.4,281.14,Pakistan,Cash on Delivery
503926,10455,2026-08-06,P1058,Home & Kitchen,7,183.88,0.0,1287.16,United Kingdom,Credit Card
508547,11020,2026-07-16,P7702,Electronics,5,218.24,14.1,937.34,United Kingdom,Credit Card
500078,10010,2026-03-21,P7382,Clothing,1,69.91,21.9,54.6,Pakistan,Bank Transfer
507088,10853,2026-06-01,P6413,Home & Kitchen,3,30.46,5.2,86.63,Pakistan,Credit Card
502247,10260,2026-07-17,P2334,Home & Kitchen,7,189.17,8.6,1210.31,Pakistan,Digital Wallet
508263,10984,2026-07-01,P2092,Accessories,2,61.22,4.6,116.81,Pakistan,Bank Transfer
504026,10461,2026-08-04,P3051,Clothing,7,158.26,14.1,951.62,Pakistan,Cash on Delivery
509949,11195,2026-07-27,P7887,Beauty,4,114.08,2.5,444.91,Pakistan,Bank Transfer
509571,11142,2026-06-09,P9131,Electronics,5,534.57,4.0,2565.94,Pakistan,Debit Card
509295,11107,2026-07-28,P9000,Books,5,53.14,23.8,202.46,Canada,Cash on Delivery
500714,10075,2026-05-25,P9411,Sports,2,140.08,19.8,224.69,Australia,Cash on Delivery
507451,10892,2025-10-25,P4606,Clothing,1,121.73,6.3,114.06,Australia,Digital Wallet
500788,10082,2026-02-21,P2091,Books,2,64.48,12.4,112.97,Pakistan,Credit Card
502279,10263,2026-08-06,P4256,Accessories,6,76.43,9.0,417.31,United States,Credit Card
504095,10470,2026-03-15,P3457,Clothing,2,38.88,2.2,76.05,United States,Digital Wallet
503897,10450,2026-07-30,P7794,Books,3,27.23,13.0,71.07,Pakistan,Bank Transfer
507944,10950,2026-07-01,P8778,Home & Kitchen,3,144.76,19.0,351.77,United States,Bank Transfer
507177,10860,2026-08-14,P6795,Electronics,3,179.64,0.9,534.07,Australia,Digital Wallet
509076,11077,2026-08-02,P6783,Home & Kitchen,4,344.99,9.0,1255.76,United Kingdom,Debit Card
509452,11127,2026-08-12,P7076,Sports,3,116.19,4.8,331.84,Pakistan,Debit Card
503631,10425,2026-07-19,P2543,Books,7,72.84,0.7,506.31,Pakistan,Bank Transfer
508624,11030,2026-06-23,P6284,Home & Kitchen,1,73.95,44.7,40.89,United States,Debit Card
507297,10878,2026-05-06,P4425,Home & Kitchen,1,322.1,7.1,299.23,United Kingdom,Credit Card
506272,10751,2026-07-04,P4141,Sports,4,62.39,8.2,229.1,Pakistan,Debit Card
500424,10046,2026-02-10,P8710,Books,3,68.88,2.3,201.89,Canada,Digital Wallet
500392,10041,2026-08-14,P1224,Clothing,7,122.12,10.1,768.5,United States,Digital Wallet
503191,10375,2026-08-10,P5839,Electronics,7,117.25,7.0,763.3,United Kingdom,Credit Card
500016,10002,2026-01-02,P4103,Books,3,70.08,1.1,207.93,Pakistan,Digital Wallet
506335,10760,2026-07-30,P7661,Clothing,1,27.69,20.3,22.07,Pakistan,Debit Card
504200,10487,2026-06-22,P9113,Beauty,5,36.57,12.3,160.36,Pakistan,Debit Card
502672,10310,2026-07-13,P8889,Home & Kitchen,1,334.59,15.9,281.39,United States,Bank Transfer
502444,10285,2026-06-25,P5676,Books,2,32.38,6.8,60.36,Pakistan,Cash on Delivery
506697,10806,2026-05-27,P2112,Clothing,2,80.29,43.2,91.21,United States,Cash on Delivery
506164,10735,2026-08-15,P3235,Home & Kitchen,3,32.9,12.1,86.76,Australia,Debit Card
502601,10301,2026-07-20,P4745,Electronics,2,461.0,8.7,841.79,Pakistan,Bank Transfer
503493,10410,2026-07-31,P1923,Beauty,5,50.28,13.4,217.71,Pakistan,Debit Card
506044,10723,2026-07-11,P8099,Electronics,2,409.99,10.2,736.34,Australia,Cash on Delivery
501459,10160,2026-01-27,P7240,Clothing,2,65.92,30.1,92.16,Pakistan,Debit Card
503804,10440,2026-07-21,P8364,Home & Kitchen,5,321.76,13.2,1396.44,Australia,Debit Card
509845,11182,2026-04-09,P5668,Accessories,2,10.93,20.2,17.44,United Kingdom,Debit Card
507394,10886,2026-08-08,P8000,Sports,2,226.34,17.2,374.82,United Kingdom,Bank Transfer
504839,10581,2026-03-18,P7584,Beauty,3,28.89,13.9,74.62,Pakistan,Cash on Delivery
508111,10969,2026-01-11,P1678,Books,2,70.88,8.3,129.99,Australia,Cash on Delivery
503835,10441,2026-08-06,P5237,Books,3,36.77,6.1,103.58,Pakistan,Credit Card
509313,11108,2026-07-27,P8441,Clothing,2,150.65,43.3,170.84,United Kingdom,Cash on Delivery
505683,10676,2026-04-15,P5608,Accessories,1,34.04,1.2,33.63,United Kingdom,Credit Card
508748,11039,2026-08-01,P5424,Accessories,3,59.05,12.1,155.71,Pakistan,Bank Transfer
505827,10695,2026-08-10,P4270,Books,4,59.71,13.6,206.36,Pakistan,Debit Card
509748,11169,2026-07-29,P7580,Clothing,2,110.76,6.5,207.12,Pakistan,Credit Card
504724,10564,2026-07-26,P4233,Electronics,4,228.7,12.5,800.45,Canada,Digital Wallet
508759,11040,2026-07-04,P7433,Home & Kitchen,2,334.47,13.4,579.3,United Kingdom,Debit Card
505887,10703,2026-03-19,P9254,Accessories,5,84.33,14.3,361.35,United States,Bank Transfer
502355,10273,2026-02-09,P5353,Clothing,2,74.21,19.6,119.33,Pakistan,Bank Transfer
506036,10722,2026-08-10,P1733,Electronics,4,393.47,9.8,1419.64,Pakistan,Credit Card
504798,10575,2026-03-10,P7613,Beauty,1,69.63,4.0,66.84,Australia,Cash on Delivery
502442,10285,2026-04-28,P7203,Electronics,1,84.0,4.5,80.22,Pakistan,Digital Wallet
508645,11031,2026-07-24,P3681,Accessories,7,15.22,1.7,104.73,United Kingdom,Digital Wallet
504592,10546,2026-07-08,P8564,Books,1,77.71,14.1,66.75,Australia,Cash on Delivery
508772,11041,2026-04-13,P9142,Electronics,1,81.19,20.7,64.38,United Kingdom,Debit Card
500464,10052,2026-07-05,P7458,Home & Kitchen,3,168.64,39.5,306.08,Australia,Digital Wallet
500163,10016,2026-08-07,P8037,Accessories,5,20.73,8.2,95.15,Pakistan,Cash on Delivery
509261,11101,2026-08-15,P2525,Electronics,2,572.97,4.2,1097.81,Pakistan,Debit Card
509433,11123,2025-12-22,P7832,Home & Kitchen,2,238.85,9.8,430.89,United Kingdom,Digital Wallet
508405,11001,2026-07-15,P2336,Home & Kitchen,4,228.02,24.4,689.53,United States,Digital Wallet
509777,11171,2026-07-24,P8554,Electronics,2,198.69,25.0,298.03,Pakistan,Digital Wallet
509478,11130,2026-08-03,P2757,Clothing,2,93.4,1.6,183.81,Canada,Debit Card
507380,10884,2026-08-10,P5017,Books,2,75.77,14.0,130.32,Pakistan,Digital Wallet
506636,10795,2026-08-01,P7035,Beauty,4,70.77,12.9,246.56,Pakistan,Bank Transfer
500241,10026,2026-05-11,P4985,Clothing,1,69.65,26.6,51.12,Pakistan,Bank Transfer
502009,10226,2026-07-21,P8072,Electronics,2,277.18,6.1,520.54,Pakistan,Bank Transfer
506356,10762,2026-08-11,P4267,Home & Kitchen,1,62.18,15.7,52.42,Pakistan,Cash on Delivery
503084,10366,2026-06-27,P8856,Home & Kitchen,1,252.57,16.8,210.14,United Kingdom,Digital Wallet
506208,10740,2026-08-14,P5161,Sports,5,186.54,21.5,732.17,Pakistan,Cash on Delivery
500900,10097,2026-07-14,P2913,Accessories,2,68.33,6.3,128.05,Pakistan,Bank Transfer
505542,10656,2026-07-03,P5403,Clothing,4,94.89,7.2,352.23,Australia,Debit Card
506007,10719,2026-06-16,P3345,Accessories,6,75.29,6.9,420.57,,Bank Transfer
507638,10912,2026-07-20,P5247,Home & Kitchen,4,291.04,12.9,1013.98,Australia,Digital Wallet
506793,10819,2026-06-23,P5408,Beauty,7,92.39,6.6,604.05,United States,Credit Card
508869,11054,2026-08-04,P3486,Sports,3,247.79,41.9,431.9,Pakistan,Digital Wallet
507758,10930,2026-06-14,P8888,Home & Kitchen,5,281.43,10.2,1263.62,United States,Digital Wallet
504837,10581,2026-02-18,P8832,Home & Kitchen,1,174.11,24.0,132.32,United Kingdom,Cash on Delivery
502293,10263,2026-08-15,P4367,Sports,7,184.61,7.6,1194.06,Canada,Credit Card
506548,10779,2026-06-21,P1977,Clothing,2,158.26,27.1,230.74,Pakistan,Bank Transfer
507898,10944,2026-07-09,P9916,Electronics,3,492.98,38.3,912.51,United States,Digital Wallet
507977,10956,2026-07-29,P7145,Clothing,5,161.19,16.1,676.19,Pakistan,Bank Transfer
504481,10528,2026-08-01,P7152,Home & Kitchen,1,168.35,3.3,162.79,Pakistan,Credit Card
505302,10626,2026-07-03,P5252,Clothing,1,74.04,12.1,65.08,United Kingdom,Digital Wallet
504605,10547,2026-08-14,P6085,Electronics,7,582.31,6.4,3815.3,Pakistan,Digital Wallet
503716,10434,2026-08-08,P3175,Sports,2,75.51,11.7,133.35,United States,Debit Card
509071,11076,2026-06-12,P7609,Electronics,2,424.52,13.5,734.42,Pakistan,Cash on Delivery
506140,10732,2026-08-10,P1737,Clothing,3,50.14,16.3,125.9,Pakistan,Credit Card
501764,10195,2026-07-04,P1089,Sports,2,200.17,5.7,377.52,Australia,Credit Card
506598,10788,2026-06-16,P1736,Home & Kitchen,1,51.71,10.4,46.33,Pakistan,Cash on Delivery
501549,10169,2026-06-27,P5041,Accessories,2,102.58,14.8,174.8,Pakistan,Debit Card
503029,10355,2026-07-26,P8458,Clothing,7,139.69,0.8,970.01,Australia,Bank Transfer
508653,11033,2026-06-23,P2472,Electronics,5,608.85,13.0,2648.5,United States,Bank Transfer
506298,10754,2026-07-30,P3693,Clothing,1,152.71,22.7,118.04,United Kingdom,Bank Transfer
506662,10801,2026-04-08,P6319,Electronics,1,300.77,17.8,247.23,United Kingdom,Debit Card
506626,10794,2026-06-11,P4167,Home & Kitchen,1,287.67,23.7,219.49,Pakistan,Digital Wallet
502044,10231,2026-07-29,P3555,Clothing,2,28.63,21.8,44.78,Pakistan,Credit Card
500767,10080,2026-06-26,P2477,Accessories,4,60.41,0.8,239.71,Pakistan,Cash on Delivery
505693,10677,2026-08-12,P6913,Sports,7,103.73,2.6,707.23,United Kingdom,Digital Wallet
507870,10941,2026-04-10,P6018,Electronics,4,118.22,4.7,450.65,United States,Credit Card
507795,10935,2026-06-16,P9029,Sports,5,153.31,5.1,727.46,Pakistan,Credit Card
501508,10165,2026-08-07,P9103,Sports,6,119.93,5.5,680.0,Pakistan,Cash on Delivery
507230,10871,2026-05-18,P9477,Home & Kitchen,2,43.37,3.3,83.88,Pakistan,Debit Card
507857,10939,2026-07-18,P4844,Beauty,4,127.65,1.6,502.43,Australia,Cash on Delivery
503302,10385,2026-08-02,P4108,Electronics,3,673.66,26.5,1485.42,United States,Credit Card
504517,10531,2026-07-28,P6601,Electronics,3,387.42,23.0,894.94,Pakistan,Cash on Delivery
504219,10490,2026-02-09,P3175,Clothing,3,166.75,3.8,481.24,Pakistan,Bank Transfer
509078,11077,2026-08-04,P1918,Accessories,3,57.57,6.1,162.17,United Kingdom,Credit Card
509940,11195,2026-06-30,P9186,Accessories,2,89.44,8.1,164.39,United Kingdom,Debit Card
503292,10385,2026-04-04,P7078,Beauty,2,143.77,36.9,181.44,Pakistan,Bank Transfer
500819,10085,2026-04-26,P8878,Home & Kitchen,4,310.42,0.7,1232.99,Pakistan,Credit Card
501403,10153,2026-08-04,P1131,Home & Kitchen,2,324.52,6.9,604.26,Pakistan,Cash on Delivery
501382,10152,2026-03-19,P8825,Sports,1,71.59,18.9,58.06,Pakistan,Digital Wallet
502148,10245,2026-08-01,P1333,Books,7,57.98,3.4,392.06,Pakistan,Bank Transfer
506928,10831,2026-07-14,P9567,Beauty,1,74.16,24.4,56.06,United Kingdom,Bank Transfer
505671,10673,2026-08-15,P8566,Accessories,5,47.37,0.9,234.72,United Kingdom,Cash on Delivery
501638,10179,2025-07-15,P7952,Clothing,3,120.08,20.8,285.31,Pakistan,Bank Transfer
505891,10703,2026-06-25,P9927,Beauty,1,113.08,14.7,96.46,Pakistan,Debit Card
507427,10890,2026-05-04,P4426,Sports,3,107.75,15.0,274.76,Australia,Bank Transfer
500608,10066,2026-07-02,P1233,Accessories,2,23.02,17.4,38.03,United States,Cash on Delivery
506907,10828,2026-07-30,P3239,Accessories,5,104.14,3.8,500.91,United Kingdom,Credit Card
500399,10043,2026-07-01,P4083,Electronics,3,344.3,10.0,929.61,Pakistan,Cash on Delivery
507247,10872,2026-06-13,P5261,Home & Kitchen,4,241.76,13.4,837.46,Canada,Bank Transfer
506406,10769,2026-06-05,P7988,Electronics,5,82.26,1.3,405.95,United Kingdom,Bank Transfer
500882,10093,2026-08-02,P9708,Books,1,42.25,38.1,26.15,United States,Bank Transfer
503565,10420,2026-07-22,P3343,Books,2,15.26,44.4,16.97,Australia,Digital Wallet
504285,10502,2026-01-17,P2761,Electronics,1,166.07,16.4,138.83,Pakistan,Debit Card
501179,10129,2026-08-08,P4155,Home & Kitchen,2,299.29,12.9,521.36,Pakistan,Digital Wallet
505448,10643,2026-07-07,P2139,Accessories,2,116.49,24.1,176.83,United States,Debit Card
504244,10494,2026-06-06,P5493,Accessories,3,36.87,8.1,101.65,Pakistan,Cash on Delivery
505218,10618,2026-07-26,P9414,Books,2,53.82,16.3,90.09,United Kingdom,Digital Wallet
503976,10459,2026-08-12,P7634,Electronics,2,148.48,10.0,267.26,Australia,Bank Transfer
502130,10244,2026-07-17,P9114,Electronics,1,359.9,19.8,288.64,Pakistan,Cash on Delivery
505078,10602,2026-08-04,P7030,Clothing,1,126.56,19.1,102.39,Pakistan,Debit Card
500456,10051,2026-02-16,P3440,Books,3,54.03,11.9,142.8,Australia,Digital Wallet
505582,10662,2025-10-12,P4570,Sports,1,234.49,11.7,207.05,United Kingdom,Debit Card
505175,10612,2026-06-14,P4099,Electronics,3,610.25,41.1,1078.31,Australia,Cash on Delivery
501950,10219,2026-07-04,P6982,Books,2,21.33,4.8,40.61,United States,Cash on Delivery
505372,10635,2026-08-08,P3648,Beauty,3,40.56,13.1,105.74,United States,Debit Card
500689,10073,2026-07-06,P2406,Sports,7,152.14,3.6,1026.64,Pakistan,Credit Card
508852,11051,2026-01-03,P9884,Clothing,1,63.78,13.4,55.23,Canada,Digital Wallet
506525,10777,2026-07-18,P8451,Home & Kitchen,1,53.56,17.7,44.08,Pakistan,Debit Card
509821,11178,2026-07-30,P2126,Beauty,5,46.18,10.7,206.19,Pakistan,Credit Card
506488,10775,2026-06-14,P8505,Beauty,3,67.95,32.2,138.21,United States,Credit Card
506921,10830,2026-03-06,P8532,Clothing,1,120.74,8.7,110.24,Pakistan,Cash on Delivery
501953,10220,2026-01-26,P1133,Electronics,3,208.31,31.4,428.7,Pakistan,Debit Card
507634,10912,2026-06-28,P2309,Electronics,5,142.8,8.0,656.88,Canada,Cash on Delivery
505636,10669,2026-06-11,P1428,Books,3,57.97,2.1,170.26,Pakistan,Debit Card
507154,10860,2026-08-07,P9324,Home & Kitchen,4,130.89,11.0,465.97,United Kingdom,Debit Card
508424,11004,2026-03-24,P9370,Beauty,2,85.62,38.1,106.0,Pakistan,Digital Wallet
506610,10791,2026-07-23,P6262,Sports,4,86.15,21.5,270.51,Pakistan,Debit Card
502710,10314,2026-04-14,P8796,Clothing,3,63.51,18.5,155.28,Pakistan,Bank Transfer
508730,11039,2026-07-08,P1793,Accessories,3,99.32,9.9,268.46,United States,Bank Transfer
503201,10376,2026-05-16,P8174,Electronics,3,330.37,12.2,870.19,United States,Credit Card
504349,10515,2026-07-23,P9233,Sports,6,97.94,11.7,518.89,Pakistan,Cash on Delivery
504138,10473,2026-07-25,P4588,Home & Kitchen,5,55.2,10.2,247.85,Canada,Debit Card
501884,10210,2026-04-30,P6547,Home & Kitchen,5,328.54,5.6,1550.71,United States,Credit Card
508639,11031,2026-07-13,P6258,Accessories,5,117.72,12.4,515.61,United Kingdom,Credit Card
504485,10529,2026-07-02,P8548,Accessories,4,95.62,9.0,348.06,United Kingdom,Cash on Delivery
502494,10291,2026-07-04,P5438,Electronics,3,168.96,7.2,470.38,Pakistan,Cash on Delivery
505947,10707,2026-08-07,P6749,Sports,2,64.61,4.8,123.02,United Kingdom,Cash on Delivery
503036,10356,2026-04-04,P7716,Accessories,1,72.31,6.3,67.75,Australia,Bank Transfer
505777,10690,2026-05-02,P2697,Electronics,1,572.45,0.6,569.02,United Kingdom,Credit Card
503603,10423,2026-07-10,P7644,Books,5,63.41,7.4,293.59,Pakistan,Credit Card
500845,10090,2026-01-15,P1942,Electronics,3,118.13,17.2,293.43,Pakistan,Debit Card
500542,10061,2026-07-10,P3666,Clothing,5,135.49,4.6,646.29,United Kingdom,Bank Transfer
503724,10435,2026-07-31,P2408,Books,3,49.91,12.5,131.01,United Kingdom,Cash on Delivery
504187,10483,2026-05-06,P2343,Clothing,2,118.46,12.8,206.59,Pakistan,Bank Transfer
503679,10431,2026-08-07,P6018,Accessories,5,32.07,14.8,136.62,Canada,Digital Wallet
508899,11060,2026-05-01,P6556,Electronics,1,614.3,8.9,559.63,Pakistan,Cash on Delivery
507967,10955,2026-03-11,P6837,Clothing,1,151.37,10.7,135.17,Pakistan,Digital Wallet
508485,11011,2026-08-12,P6402,Beauty,5,119.23,22.6,461.42,Pakistan,Digital Wallet
506075,10727,2026-07-07,P7665,Accessories,2,47.82,12.3,83.88,United Kingdom,Digital Wallet
507340,10883,2026-07-09,P9248,Books,5,32.4,11.3,143.69,Pakistan,Cash on Delivery
508225,10982,2026-07-27,P8827,Home & Kitchen,3,316.07,30.7,657.11,Pakistan,Digital Wallet
507246,10872,2026-05-24,P9267,Home & Kitchen,1,173.13,25.0,129.85,Canada,Bank Transfer
509710,11163,2026-08-02,P5528,Sports,5,190.89,19.4,769.29,Australia,Credit Card
508290,10985,2026-07-26,P3632,Electronics,3,390.72,38.3,723.22,United States,Credit Card
507137,10857,2026-07-14,P5715,Clothing,2,21.21,9.9,38.22,United Kingdom,Bank Transfer
502964,10347,2026-04-24,P4121,Clothing,2,21.35,15.8,35.95,Pakistan,Cash on Delivery
507559,10902,2026-07-25,P3604,Books,5,23.38,13.4,101.24,United Kingdom,Credit Card
502529,10293,2026-06-11,P8597,Beauty,1,116.39,33.8,77.05,Pakistan,Credit Card
507284,10875,2026-08-15,P7583,Clothing,7,177.9,11.5,1102.09,Pakistan,Digital Wallet
505772,10689,2026-03-06,P3791,Home & Kitchen,2,94.86,23.9,144.38,Pakistan,Cash on Delivery
501048,10114,2026-04-03,P7820,Accessories,3,107.59,18.7,262.41,Australia,Credit Card
507045,10847,2026-06-19,P8708,Electronics,4,178.14,13.2,618.5,United States,Bank Transfer
501960,10221,2025-12-08,P9209,Electronics,2,599.81,21.2,945.3,Pakistan,Credit Card
502530,10293,2026-07-03,P8352,Books,1,12.55,31.3,8.62,Canada,Credit Card
509048,11074,2026-06-08,P7549,Electronics,5,668.81,2.3,3267.14,Canada,Cash on Delivery
507603,10908,2026-08-12,P8579,Accessories,3,17.4,6.6,48.75,Pakistan,Bank Transfer
506524,10777,2026-07-17,P5209,Clothing,1,146.67,10.7,130.98,United States,Bank Transfer
500237,10024,2026-08-06,P8311,Home & Kitchen,3,77.35,21.2,182.86,Pakistan,Cash on Delivery
504917,10588,2026-07-18,P5780,Electronics,2,604.03,10.2,1084.84,Australia,Bank Transfer
506479,10775,2026-03-15,P8265,Clothing,1,35.32,34.1,23.28,United States,Credit Card
501133,10124,2026-07-23,P5127,Home & Kitchen,7,226.39,11.5,1402.49,Canada,Credit Card
506976,10836,2026-06-19,P9253,Accessories,2,92.35,24.1,140.19,Pakistan,Cash on Delivery
505901,10704,2026-07-21,P8918,Beauty,5,47.58,11.9,209.59,United Kingdom,Digital Wallet
509057,11074,2026-07-17,P2342,Books,3,24.61,1.0,73.09,Pakistan,Debit Card
504259,10496,2026-08-09,P8883,Electronics,2,421.27,9.2,765.03,Pakistan,Digital Wallet
508840,11050,2026-07-25,P3890,Clothing,5,160.36,3.1,776.94,United Kingdom,Debit Card
506965,10834,2026-08-10,P5483,Beauty,2,26.3,0.5,52.34,Pakistan,Digital Wallet
509979,11200,2026-05-29,P9842,Electronics,3,463.92,0.9,1379.23,Pakistan,Digital Wallet
500792,10083,2026-06-24,P5008,Clothing,2,46.77,16.9,77.73,United States,Cash on Delivery
501985,10223,2026-08-02,P3864,Books,4,26.51,5.3,100.42,United States,Cash on Delivery
505656,10673,2026-06-13,P1969,Beauty,3,99.48,2.1,292.17,Pakistan,Credit Card
508739,11039,2026-07-19,P5074,Sports,5,134.54,13.6,581.21,Canada,Digital Wallet
507935,10947,2026-08-05,P5416,Books,2,69.47,7.4,128.66,United States,Credit Card
506097,10728,2026-07-06,P5786,Electronics,1,244.43,20.8,193.59,Pakistan,Credit Card
505907,10704,2026-08-05,P1563,Clothing,2,58.69,2.8,114.09,Canada,Cash on Delivery
507373,10884,2026-07-07,P5142,Electronics,3,222.72,8.6,610.7,Canada,Bank Transfer
508128,10973,2026-06-07,P9067,Accessories,2,106.51,43.7,119.93,Canada,Credit Card
502978,10348,2026-07-22,P5830,Accessories,3,80.1,3.0,233.09,Pakistan,Credit Card
508861,11054,2026-04-14,P8873,Accessories,1,17.38,33.2,11.61,United States,Cash on Delivery
509301,11107,2026-08-05,P9969,Electronics,2,375.81,0.3,749.37,United Kingdom,Digital Wallet
506721,10810,2026-06-30,P7051,Books,7,20.73,4.3,138.87,Pakistan,Bank Transfer
507842,10938,2026-03-13,P6156,Electronics,3,555.59,19.8,1336.75,Pakistan,Bank Transfer
505524,10654,2026-06-26,P3046,Clothing,2,157.01,34.3,206.31,United Kingdom,Credit Card
508721,11038,2026-06-27,P7814,Clothing,3,178.96,32.4,362.93,United Kingdom,Debit Card
508431,11004,2026-06-03,P8577,Sports,3,91.57,42.9,156.86,United States,Debit Card
509008,11071,2026-07-10,P2742,Electronics,4,419.51,13.0,1459.89,Pakistan,Bank Transfer
508603,11028,2026-07-03,P1236,Clothing,1,37.54,19.0,30.41,United States,Cash on Delivery
507174,10860,2026-08-13,P5814,Beauty,3,83.89,12.6,219.96,United Kingdom,Bank Transfer
503919,10454,2025-12-02,P9362,Clothing,3,124.33,7.6,344.64,Pakistan,Credit Card
503138,10371,2026-07-20,P6755,Clothing,7,69.38,11.1,431.75,United Kingdom,Credit Card
509416,11120,2026-07-14,P3529,Home & Kitchen,2,186.91,13.5,323.35,United States,Digital Wallet
509933,11193,2026-07-16,P1523,Home & Kitchen,5,172.3,4.1,826.18,Pakistan,Bank Transfer
505789,10690,2026-07-29,P4885,Beauty,1,57.73,13.5,49.94,United Kingdom,Digital Wallet
504073,10467,2026-08-10,P9225,Accessories,3,86.17,20.5,205.52,Australia,Bank Transfer
503287,10383,2026-07-25,P7870,Home & Kitchen,2,121.34,3.0,235.4,United States,Credit Card
503229,10378,2026-06-18,P2340,Beauty,6,120.18,11.9,635.27,Pakistan,Cash on Delivery
501826,10205,2026-06-19,P9144,Home & Kitchen,3,228.44,24.4,518.1,Australia,Bank Transfer
505548,10656,2026-07-25,P2959,Beauty,3,55.01,10.0,148.53,United States,Cash on Delivery
500593,10065,2026-07-18,P2340,Clothing,1,125.98,11.1,112.0,Canada,Bank Transfer
502725,10317,2026-06-22,P2960,Clothing,2,82.92,22.3,128.86,Canada,Digital Wallet
504137,10473,2026-07-23,P2788,Beauty,5,80.3,1.8,394.27,United States,Digital Wallet
500560,10062,2026-07-14,P6206,Accessories,5,102.06,12.3,447.53,Australia,Debit Card
507406,10888,2026-08-02,P7070,,5,169.06,17.7,695.68,United States,Debit Card
508806,11047,2026-07-01,P8425,Clothing,1,23.95,7.5,22.15,Pakistan,Debit Card
508386,10998,2026-08-13,P7338,Beauty,5,27.91,2.7,135.78,Pakistan,Credit Card
500243,10026,2026-06-03,P2997,Books,2,61.34,21.6,96.18,Pakistan,Credit Card
507268,10875,2026-08-07,P4874,Beauty,3,27.61,1.3,81.75,United States,Debit Card
505435,10642,2026-06-24,P9575,Sports,4,56.15,3.9,215.84,United States,Digital Wallet
504437,10522,2026-07-01,P7977,Accessories,4,50.87,8.5,186.18,Pakistan,Cash on Delivery
509684,11162,2026-07-07,P4613,Clothing,5,45.61,2.6,222.12,Canada,Bank Transfer
508106,10968,2026-06-25,P3138,Accessories,4,68.9,8.3,252.73,Australia,Bank Transfer
500405,10043,2026-07-23,P4994,Home & Kitchen,6,106.88,9.4,581.0,Pakistan,Bank Transfer
501442,10159,2026-07-20,P8529,Sports,4,238.98,3.5,922.46,United Kingdom,Digital Wallet
500261,10027,2026-07-02,P5378,Beauty,2,141.58,24.0,215.2,United Kingdom,Credit Card
504406,10518,2026-06-25,P9821,Home & Kitchen,3,67.45,32.2,137.19,United Kingdom,Bank Transfer
507633,10912,2026-06-16,P4863,Books,3,19.51,4.2,56.07,Pakistan,Cash on Delivery
509533,11135,2026-03-23,P6205,Home & Kitchen,2,323.24,13.0,562.44,United Kingdom,Bank Transfer
501689,10183,2026-03-31,P2927,Home & Kitchen,2,158.92,20.5,252.68,Australia,Cash on Delivery
509866,11185,2026-07-27,P9930,Books,7,68.06,10.0,428.78,Pakistan,Bank Transfer
501725,10190,2026-07-24,P2539,Electronics,1,614.11,9.2,557.61,Pakistan,Bank Transfer
508994,11070,2026-06-12,P2046,Electronics,1,515.22,12.1,452.88,Canada,Digital Wallet
504930,10589,2026-07-27,P2673,Accessories,3,116.22,5.7,328.79,Australia,Debit Card
505962,10709,2026-05-09,P9672,Electronics,3,151.61,19.3,367.05,Canada,Bank Transfer
502496,10291,2026-07-13,P9399,Beauty,4,129.83,9.3,471.02,United States,Bank Transfer
509014,11071,2026-07-26,P6274,Beauty,1,24.95,15.4,21.11,United Kingdom,Bank Transfer
506904,10828,2026-07-05,P5889,Home & Kitchen,1,323.49,7.9,297.93,Pakistan,Debit Card
506106,10729,2026-06-28,P9720,Books,1,20.61,13.5,17.83,United States,Debit Card
508200,10979,2026-05-08,P3868,Clothing,3,104.23,9.2,283.92,Pakistan,Digital Wallet
500340,10034,2026-03-23,P1600,Beauty,2,100.26,22.5,155.4,United Kingdom,Debit Card
502408,10283,2026-06-24,P9186,Accessories,5,66.21,14.1,284.37,Pakistan,Digital Wallet
501601,10174,2026-06-01,P4157,Accessories,3,117.06,17.3,290.43,Pakistan,Cash on Delivery
509864,11185,2026-07-25,P3313,Home & Kitchen,4,151.02,11.3,535.82,Pakistan,Digital Wallet
508359,10996,2026-07-15,P9597,Home & Kitchen,7,204.69,11.2,1272.35,Pakistan,Digital Wallet
505782,10690,2026-05-21,P7555,Home & Kitchen,3,271.89,6.8,760.2,United Kingdom,Bank Transfer
504576,10543,2026-05-19,P2675,Home & Kitchen,5,92.54,23.7,353.04,Pakistan,Credit Card
507971,10956,2026-07-16,P7761,Electronics,5,282.0,24.8,1060.32,Pakistan,Digital Wallet
503725,10435,2026-08-02,P1064,Sports,6,135.74,3.0,790.01,Pakistan,Credit Card
502556,10296,2026-06-08,P9351,Sports,1,108.22,23.3,83.0,United Kingdom,Credit Card
502785,10324,2026-07-29,P5107,Home & Kitchen,5,131.68,6.7,614.29,United Kingdom,Digital Wallet
501523,10167,2026-05-21,P9154,Sports,2,198.26,1.5,390.57,Canada,Debit Card
507717,10924,2026-06-30,P9538,Sports,1,156.79,19.1,126.84,Pakistan,Digital Wallet
502507,10291,2026-08-02,P3533,Beauty,5,89.79,13.4,388.79,Canada,Credit Card
502831,10333,2026-07-17,P1058,Electronics,3,228.84,6.5,641.9,United States,Debit Card
501012,10108,2026-06-16,P4371,Electronics,2,631.02,35.0,820.33,Canada,Bank Transfer
505280,10623,2026-06-11,P2778,Accessories,4,70.44,23.6,215.26,United Kingdom,Debit Card
504895,10587,2026-07-23,P5645,Home & Kitchen,6,284.81,7.9,1573.86,Pakistan,Digital Wallet
501766,10195,2026-07-20,P2573,Accessories,2,22.09,16.1,37.07,Pakistan,Bank Transfer
504551,10539,2026-05-19,P1787,Clothing,1,131.99,0.7,131.07,Pakistan,Bank Transfer
507121,10856,2026-06-07,P1864,Beauty,5,94.7,5.3,448.4,Canada,Credit Card
506549,10779,2026-07-03,P7732,Beauty,2,71.46,25.4,106.62,Pakistan,Debit Card
504037,10463,2026-01-31,P6963,Home & Kitchen,2,326.3,38.4,402.0,United States,Bank Transfer
508270,10984,2026-07-22,P9827,Beauty,4,140.54,10.2,504.82,United States,Bank Transfer
500148,10015,2026-08-02,P3048,Electronics,1,467.92,9.0,425.81,Pakistan,Cash on Delivery
500285,10030,2026-07-01,P8406,Beauty,6,127.63,11.5,677.72,Pakistan,Debit Card
507800,10935,2026-07-14,P7961,Books,1,79.82,5.0,75.83,United Kingdom,Bank Transfer
509651,11160,2026-07-17,P7047,Books,3,16.23,12.3,42.7,Canada,Credit Card
500363,10038,2026-07-29,P2030,Accessories,3,43.56,2.6,127.28,Pakistan,Credit Card
505367,10635,2026-08-03,P2186,Home & Kitchen,3,162.89,2.5,476.45,United Kingdom,Debit Card
509945,11195,2026-07-10,P8835,Electronics,3,93.92,3.3,272.46,Pakistan,Cash on Delivery
508410,11001,2026-07-30,P1277,Home & Kitchen,1,123.08,14.2,105.6,Canada,Debit Card
509453,11127,2026-08-13,P1750,Sports,6,97.16,5.5,550.9,Australia,Bank Transfer
504725,10564,2026-07-28,P1952,Clothing,3,148.61,12.2,391.44,Pakistan,Debit Card
507271,10875,2026-08-09,P9726,Accessories,6,99.94,8.1,551.07,Pakistan,Cash on Delivery
506770,10816,2026-07-18,P5604,Electronics,3,675.12,0.7,2011.18,Pakistan,Credit Card
504443,10522,2026-07-25,P3121,Sports,3,165.96,23.2,382.37,Pakistan,Debit Card
507446,10891,2026-07-21,P1094,Beauty,3,67.47,43.0,115.37,United States,Debit Card
500236,10024,2026-08-05,P6972,Home & Kitchen,4,96.89,15.4,327.88,Pakistan,Digital Wallet
507709,10923,2026-03-09,P7051,Clothing,1,110.99,8.3,101.78,United States,Digital Wallet
509585,11145,2026-06-28,P4839,Beauty,2,30.46,4.9,57.93,Pakistan,Digital Wallet
502562,10297,2026-06-16,P4234,Clothing,1,167.3,29.8,117.44,Pakistan,Credit Card
507123,10856,2026-07-03,P8708,Beauty,3,27.2,21.7,63.89,Pakistan,Credit Card
508536,11017,2026-05-18,P9000,Electronics,5,111.08,17.0,460.98,United Kingdom,Cash on Delivery
509602,11150,2025-09-12,P6807,Clothing,2,178.38,6.6,333.21,United States,Debit Card
505519,10652,2026-07-25,P5903,Home & Kitchen,2,226.07,3.6,435.86,United States,Credit Card
509613,11152,2026-06-25,P4250,Clothing,2,129.99,27.3,189.01,Australia,Digital Wallet
503083,10366,2026-06-23,P7723,Beauty,1,133.9,0.7,132.96,United States,Digital Wallet
502959,10345,2026-08-01,P7860,Clothing,5,124.04,9.2,563.14,United States,Debit Card
502102,10238,2026-08-11,P8774,Books,6,43.29,5.5,245.45,Pakistan,Credit Card
500632,10067,2026-08-12,P7172,Clothing,3,135.67,7.5,376.48,Canada,Bank Transfer
506813,10820,2026-05-27,P8028,Clothing,1,39.87,7.1,37.04,United States,Bank Transfer
502493,10291,2026-06-29,P7654,Accessories,4,86.06,5.5,325.31,United States,Cash on Delivery
502665,10310,2026-05-25,P6475,Accessories,1,16.02,6.1,15.04,Pakistan,Credit Card
508494,11014,2026-06-19,P4198,Home & Kitchen,2,285.16,4.5,544.66,United States,Bank Transfer
508425,11004,2026-04-29,P9917,Books,1,53.52,21.9,41.8,United Kingdom,Digital Wallet
509266,11102,2026-03-10,P7187,Accessories,2,91.6,9.3,166.16,Pakistan,Bank Transfer
504211,10488,2026-08-08,P5372,Home & Kitchen,4,197.07,15.0,670.04,United States,Cash on Delivery
503874,10447,2026-02-01,P6925,Home & Kitchen,3,302.5,7.8,836.72,Pakistan,Digital Wallet
502817,10331,2026-05-08,P8116,Home & Kitchen,2,221.05,8.5,404.52,United Kingdom,Cash on Delivery
508268,10984,2026-07-21,P1266,Clothing,7,71.49,7.5,462.9,Canada,Credit Card
509815,11178,2026-07-04,P7680,Accessories,4,54.38,5.0,206.64,Australia,Credit Card
507426,10890,2026-05-02,P6454,Accessories,1,36.49,17.2,30.21,Pakistan,Debit Card
508602,11028,2026-06-18,P6111,Sports,3,34.03,16.0,85.76,United Kingdom,Cash on Delivery
508475,11011,2026-07-18,P4189,Clothing,3,177.99,21.8,417.56,Pakistan,Debit Card
501735,10191,2026-08-10,P4571,Sports,6,144.37,2.9,841.1,Pakistan,Cash on Delivery
507397,10887,2026-06-18,P7061,Electronics,3,150.66,10.9,402.71,United States,Cash on Delivery
504255,10496,2026-07-18,P4577,Sports,1,171.56,6.6,160.24,Pakistan,Debit Card
508288,10985,2026-06-26,P1560,Clothing,2,79.83,18.0,130.92,Pakistan,Debit Card
502475,10289,2026-04-19,P1425,Clothing,2,162.01,13.7,279.63,United States,Credit Card
509984,11200,2026-06-10,P6329,Home & Kitchen,5,165.53,11.4,733.3,United States,Credit Card
503713,10434,2026-07-25,P3433,Clothing,7,77.98,9.8,492.37,Canada,Credit Card
508978,11069,2026-06-02,P8121,Beauty,5,25.9,15.8,109.04,Pakistan,Bank Transfer
501804,10202,2026-06-10,P5124,Electronics,2,182.71,4.7,348.25,United Kingdom,Debit Card
500707,10074,2026-04-26,P2278,Home & Kitchen,3,130.67,23.2,301.06,Pakistan,Bank Transfer
509191,11094,2026-04-14,P9331,Sports,3,194.94,21.2,460.84,Australia,Digital Wallet
505189,10614,2026-06-19,P1365,Clothing,5,80.25,9.2,364.34,United States,Debit Card
505472,10645,2026-07-24,P7111,Clothing,4,163.26,4.9,621.04,United States,Bank Transfer
500072,10009,2026-03-23,P3059,Clothing,3,164.68,12.8,430.8,Pakistan,Bank Transfer
507843,10938,2026-04-11,P6157,Sports,1,225.26,8.4,206.34,United Kingdom,Bank Transfer
505101,10604,2026-07-19,P7789,Home & Kitchen,2,238.74,0.4,475.57,Australia,Digital Wallet
506764,10815,2026-02-23,P8501,Accessories,1,110.74,20.8,87.71,Canada,Bank Transfer
501125,10124,2026-07-03,P3197,Home & Kitchen,7,108.15,0.7,751.75,United States,Digital Wallet
501241,10136,2026-05-25,P7900,Beauty,3,84.88,16.3,213.13,Pakistan,Digital Wallet
508253,10983,2026-08-13,P3027,Electronics,6,525.31,11.5,2789.4,United States,Credit Card
502349,10272,2026-05-31,P8439,Books,1,23.39,17.7,19.25,Pakistan,Cash on Delivery
506602,10789,2026-07-09,P9754,Beauty,2,62.44,4.7,119.01,United Kingdom,Debit Card
506780,10818,2026-05-29,P7249,Clothing,1,135.35,22.7,104.63,United States,Bank Transfer
504358,10515,2026-08-08,P9012,Electronics,7,428.98,7.9,2765.63,Pakistan,Debit Card
501343,10148,2026-04-30,P1825,Clothing,3,39.92,3.5,115.57,United Kingdom,Cash on Delivery
509988,11200,2026-06-16,P8133,Accessories,7,95.8,10.5,600.19,United States,Credit Card
508679,11034,2026-08-09,P1514,Home & Kitchen,6,263.46,13.6,1365.78,Pakistan,Credit Card
509575,11142,2026-07-02,P8213,Home & Kitchen,5,58.15,4.5,277.67,Australia,Debit Card
506652,10799,2026-06-26,P3524,Books,1,68.2,20.4,54.29,Canada,Bank Transfer
501100,10121,2026-06-30,P9070,Home & Kitchen,1,298.66,33.9,197.41,United Kingdom,Credit Card
507327,10880,2026-08-07,P7275,Beauty,5,95.47,10.5,427.23,Pakistan,Digital Wallet
507622,10910,2026-05-19,P5227,Clothing,1,157.12,11.0,139.84,Pakistan,Cash on Delivery
500987,10103,2026-08-05,P4123,Books,1,28.67,9.5,25.95,Canada,Debit Card
502852,10334,2026-08-08,P2513,Accessories,5,19.78,11.8,87.23,United Kingdom,Cash on Delivery
500630,10067,2026-08-09,P5867,Beauty,5,64.1,3.9,308.0,United States,Cash on Delivery
501249,10136,2026-07-11,P9833,Electronics,2,433.62,1.6,853.36,Pakistan,Digital Wallet
503179,10375,2026-07-24,P1976,Electronics,5,663.23,10.4,2971.27,Pakistan,Credit Card
500482,10057,2026-06-24,P9234,Electronics,7,260.03,2.2,1780.17,United States,Debit Card
503040,10357,2026-07-07,P2022,Home & Kitchen,3,252.78,6.1,712.08,United Kingdom,Digital Wallet
505010,10596,2026-06-11,P5814,Sports,1,171.07,3.8,164.57,Pakistan,Debit Card
508727,11039,2026-07-03,P9802,Clothing,4,160.63,1.1,635.45,Australia,Debit Card
507000,10841,2026-07-01,P9896,Electronics,7,362.1,4.3,2425.71,Pakistan,Digital Wallet
503273,10381,2026-07-08,P5710,Home & Kitchen,7,171.6,14.5,1027.03,Pakistan,Digital Wallet
507227,10871,2026-04-04,P7679,Clothing,1,58.77,15.4,49.72,Pakistan,Digital Wallet
503683,10431,2026-08-09,P9330,Beauty,4,119.25,8.3,437.41,Pakistan,Credit Card
506674,10802,2026-06-29,P3448,Clothing,4,93.44,3.5,360.68,Pakistan,Cash on Delivery
506807,10819,2026-08-01,P6594,Sports,7,175.41,14.1,1054.74,United Kingdom,Debit Card
509738,11167,2026-02-22,P1348,Sports,3,90.85,20.5,216.68,United States,Digital Wallet
501316,10145,2026-08-06,P6376,Electronics,3,227.03,24.3,515.59,Canada,Credit Card
503225,10378,2026-06-02,P8873,Accessories,2,44.35,0.9,87.9,United Kingdom,Cash on Delivery
501072,10117,2026-07-27,P6468,Sports,1,247.29,42.5,142.19,United States,Credit Card
504815,10577,2026-07-30,P7172,Clothing,2,111.25,7.5,205.81,Pakistan,Bank Transfer
508459,11008,2026-07-15,P9214,Home & Kitchen,1,196.06,33.3,130.77,Pakistan,Debit Card
505752,10685,2025-09-08,P1082,Books,2,65.96,6.6,123.21,United Kingdom,Credit Card
509145,11086,2026-06-14,P4636,Clothing,1,134.78,3.5,130.06,Pakistan,Credit Card
504616,10550,2026-06-23,P6092,Beauty,1,26.93,41.2,15.83,Pakistan,Bank Transfer
503097,10369,2026-07-16,P7670,Sports,4,40.38,18.3,131.96,Pakistan,Credit Card
506869,10824,2026-07-10,P9212,Accessories,4,69.24,7.9,255.08,Pakistan,Debit Card
501300,10144,2026-06-23,P8740,Clothing,3,53.26,2.9,155.15,United States,Debit Card
507285,10876,2026-06-23,P2600,Clothing,1,33.45,20.7,26.53,Pakistan,Digital Wallet
506284,10751,2026-08-12,P1406,Home & Kitchen,3,293.09,5.6,830.03,Canada,Cash on Delivery
505495,10649,2026-05-05,P1006,Accessories,1,90.73,37.8,56.43,Pakistan,Bank Transfer
505291,10624,2026-05-10,P1290,Accessories,3,67.1,16.6,167.88,United Kingdom,Credit Card
501798,10200,2026-07-24,P7299,Clothing,3,69.64,22.6,161.7,Pakistan,Credit Card
505203,10616,2026-02-17,P1421,Sports,3,60.18,4.2,172.96,U.S.A.,Bank Transfer
508227,10982,2026-08-04,P5025,Home & Kitchen,2,209.75,29.6,295.33,Canada,Debit Card
505047,10600,2026-07-28,P1814,Electronics,3,373.55,5.0,1064.62,Pakistan,Cash on Delivery
506441,10772,2026-02-28,P1987,Beauty,1,99.05,22.6,76.66,Canada,Cash on Delivery
508105,10968,2026-06-25,P8248,Electronics,4,624.96,22.1,1947.38,Pakistan,Cash on Delivery
502359,10274,2026-01-14,P1440,Accessories,2,81.73,10.2,146.79,Pakistan,Bank Transfer
509380,11116,2026-02-11,P1239,Home & Kitchen,2,265.07,22.8,409.27,Pakistan,Credit Card
503654,10430,2026-08-05,P4285,Books,3,72.17,9.8,195.29,Pakistan,Cash on Delivery
507052,10847,2026-07-23,P9985,Electronics,3,134.56,6.8,376.23,United Kingdom,Digital Wallet
501286,10142,2026-08-01,P6027,Books,2,34.88,16.7,58.11,United Kingdom,Credit Card
509126,11082,2026-07-13,P7318,Beauty,2,64.37,14.9,109.56,Pakistan,Credit Card
504445,10522,2026-07-30,P8831,Accessories,4,51.84,19.0,167.96,Pakistan,Debit Card
502137,10244,2026-08-02,P3089,Accessories,1,62.86,2.9,61.04,Australia,Bank Transfer
506787,10818,2026-08-01,P6788,Beauty,5,121.94,2.6,593.85,United Kingdom,Cash on Delivery
509752,11169,2026-08-06,P7227,Clothing,7,132.53,13.8,799.69,United Kingdom,Bank Transfer
508510,11014,2026-07-28,P3923,Accessories,2,62.76,1.3,123.89,United Kingdom,Bank Transfer
509539,11136,2026-06-20,P4599,Clothing,3,67.73,7.5,187.95,Pakistan,Bank Transfer
506894,10828,2026-05-24,P5268,Electronics,1,495.72,18.1,405.99,United Kingdom,Debit Card
508569,11020,2026-08-11,P5247,Beauty,7,86.64,12.7,529.46,United States,Cash on Delivery
507151,10859,2026-04-13,P1241,Books,1,19.16,8.6,17.51,United Kingdom,Credit Card
500963,10101,2026-07-25,P5270,Accessories,5,26.84,8.9,122.26,United Kingdom,Credit Card
506012,10719,2026-08-01,P3081,Books,6,64.78,9.7,350.98,United Kingdom,Cash on Delivery
504882,10587,2026-06-17,P4185,Home & Kitchen,3,292.56,4.4,839.06,Pakistan,Debit Card
500140,10015,2026-07-03,P5086,Beauty,4,22.99,16.9,76.42,Pakistan,Bank Transfer
509032,11072,2026-08-10,P6713,Sports,5,175.66,13.8,757.09,Pakistan,Cash on Delivery
506936,10833,2026-08-07,P1533,Sports,2,86.19,4.7,164.28,United States,Bank Transfer
506542,10779,2026-01-14,P7173,Beauty,3,33.2,43.7,56.07,United States,Cash on Delivery
505243,10619,2026-07-15,P5663,Electronics,3,365.89,43.3,622.38,United States,Credit Card
504431,10521,2026-05-25,P7534,Beauty,2,48.5,1.7,95.35,United Kingdom,Digital Wallet
500406,10043,2026-07-25,P8903,,2,82.97,12.5,145.2,United States,Credit Card
508212,10981,2026-05-03,P1763,Beauty,5,127.61,10.9,568.5,Pakistan,Debit Card
508376,10998,2026-08-04,P9699,Clothing,5,153.44,4.4,733.44,Australia,Credit Card
508627,11030,2026-07-11,P7294,Home & Kitchen,3,66.38,15.8,167.68,Pakistan,Debit Card
508234,10983,2026-06-02,P8808,Electronics,6,675.75,3.8,3900.43,Pakistan,Credit Card
504399,10517,2026-07-14,P1487,Clothing,3,55.35,0.4,165.39,Pakistan,Debit Card
505252,10620,2026-07-02,P4243,Clothing,2,126.91,24.0,192.9,Pakistan,Credit Card
500011,10001,2026-08-05,P9301,Home & Kitchen,1,345.3,24.2,261.74,Pakistan,Cash on Delivery
504760,10568,2026-04-05,P3450,Accessories,3,85.81,14.7,219.59,Pakistan,Bank Transfer
501177,10129,2026-08-08,P2374,Accessories,2,103.19,2.9,200.39,United Kingdom,Bank Transfer
502863,10335,2026-06-20,P7864,Electronics,2,442.86,9.1,805.12,United States,Debit Card
506471,10773,2026-08-11,P9832,Clothing,4,38.27,8.1,140.68,Australia,Digital Wallet
506228,10743,2026-06-17,P9719,Home & Kitchen,2,340.15,33.5,452.4,Pakistan,Credit Card
502989,10348,2026-08-08,P8181,Home & Kitchen,2,349.52,5.8,658.5,Australia,Credit Card
507117,10856,2026-05-16,P5122,Clothing,3,44.38,19.8,106.78,USA,Debit Card
507010,10842,2026-02-15,P3161,Books,1,55.73,22.4,43.25,United Kingdom,Bank Transfer
508557,11020,2026-07-30,P9225,Clothing,6,69.13,7.3,384.5,Pakistan,Cash on Delivery
501440,10158,2026-07-29,P2732,Clothing,2,65.26,30.7,90.45,Pakistan,Cash on Delivery
509747,11168,2026-07-23,P7028,Accessories,2,110.77,12.4,194.07,United Kingdom,Cash on Delivery
502875,10335,2026-07-18,P5875,Clothing,6,82.62,2.9,481.34,Pakistan,Cash on Delivery
509098,11079,2026-07-27,P3249,Clothing,4,41.97,0.2,167.54,United States,Cash on Delivery
508788,11043,2026-07-16,P3789,Beauty,2,65.97,22.0,102.91,United States,Bank Transfer
507232,10871,2026-05-26,P5195,Clothing,4,90.55,11.2,321.63,United States,Bank Transfer
503726,10435,2026-08-02,P2387,Accessories,3,34.03,1.8,100.25,United Kingdom,Bank Transfer
502772,10323,2026-06-01,P9427,Books,2,30.34,12.9,52.85,United Kingdom,Debit Card
500454,10051,2026-02-05,P3691,Books,2,41.09,0.3,81.93,Pakistan,Bank Transfer
508189,10978,2026-07-19,P4516,Sports,5,69.13,3.9,332.17,Australia,Digital Wallet
501367,10150,2026-06-21,P8436,Home & Kitchen,1,47.71,17.0,39.6,United Kingdom,Cash on Delivery
503712,10434,2026-07-20,P5231,Sports,6,200.15,9.7,1084.41,Australia,Debit Card
509852,11183,2026-06-06,P2081,Home & Kitchen,1,155.55,7.4,144.04,United States,Debit Card
501388,10152,2026-07-01,P8925,Electronics,3,689.19,19.5,1664.39,Australia,Cash on Delivery
501000,10106,2026-06-17,P2452,Clothing,1,42.89,11.0,38.17,Pakistan,Credit Card
507761,10930,2026-07-08,P5977,Accessories,4,110.23,18.6,358.91,Pakistan,Credit Card
503553,10418,2026-07-21,P2350,Clothing,5,83.8,0.8,415.65,Canada,Bank Transfer
504114,10471,2026-08-14,P1640,Electronics,2,213.82,13.8,368.63,Pakistan,Bank Transfer
501667,10181,2026-06-20,P9298,Sports,2,143.81,9.4,260.58,United Kingdom,Debit Card
503173,10373,2026-08-12,P5341,Clothing,7,57.24,9.2,363.82,Canada,Cash on Delivery
509397,11119,2026-04-19,P4346,Clothing,4,159.89,10.1,574.96,United States,Digital Wallet
500488,10057,2026-07-14,P3709,Electronics,7,579.0,0.5,4032.74,Australia,Credit Card
503230,10378,2026-06-22,P5808,Accessories,6,108.05,12.6,566.61,Australia,Credit Card
503828,10441,2026-07-09,P9716,Accessories,3,104.07,14.7,266.32,United States,Digital Wallet
508651,11032,2026-05-15,P6839,Books,3,64.98,11.4,172.72,Australia,Cash on Delivery
505208,10617,2026-06-17,P3266,Electronics,4,153.51,7.6,567.37,United States,Bank Transfer
507848,10939,2026-07-03,P3899,Books,2,26.02,0.0,52.04,Australia,Digital Wallet
505704,10678,2026-07-20,P6913,Books,1,57.18,4.7,54.49,United States,Credit Card
509639,11157,2026-08-10,P5319,Accessories,3,38.76,5.3,110.12,Pakistan,Cash on Delivery
508133,10973,2026-07-05,P5577,Clothing,3,142.54,36.8,270.26,United Kingdom,Digital Wallet
500703,10073,2026-08-11,P7629,Clothing,3,172.94,13.2,450.34,United Kingdom,Digital Wallet
505105,10604,2026-08-15,P1368,Home & Kitchen,4,144.99,0.1,579.38,United Kingdom,Debit Card
508893,11058,2026-01-21,P8436,Home & Kitchen,3,305.28,1.1,905.77,Canada,Bank Transfer
503291,10385,2026-03-26,P5206,Clothing,1,63.9,40.6,37.96,Pakistan,Digital Wallet
508125,10972,2026-04-14,P9890,Accessories,3,84.35,21.5,198.64,Canada,Digital Wallet
509631,11156,2026-07-24,P8369,Electronics,1,294.53,24.4,222.66,Pakistan,Credit Card
509021,11071,2026-08-14,P9146,Beauty,1,16.81,17.8,13.82,Pakistan,Debit Card
504909,10588,2026-06-26,P5478,Electronics,5,627.33,11.5,2775.94,United Kingdom,Digital Wallet
504440,10522,2026-07-21,P5993,Electronics,5,215.7,23.6,823.97,Pakistan,Credit Card
500986,10103,2026-08-01,P9237,Clothing,5,76.68,6.8,357.33,Pakistan,Bank Transfer
509236,11098,2026-07-16,P5299,Accessories,5,74.95,13.5,324.16,United States,Cash on Delivery
509883,11188,2026-07-22,P3549,Home & Kitchen,7,250.25,0.1,1750.0,United Kingdom,Bank Transfer
507705,10922,2026-05-02,P1222,Electronics,3,95.69,5.6,270.99,United States,Cash on Delivery
506257,10747,2026-07-13,P7728,Accessories,4,11.68,22.5,36.21,Pakistan,Digital Wallet
506089,10727,2026-07-28,P3560,Home & Kitchen,7,122.05,5.1,810.78,Pakistan,Digital Wallet
505238,10619,2026-04-30,P8246,Sports,1,135.65,18.0,111.23,Pakistan,Cash on Delivery
501198,10131,2026-05-26,P6106,Accessories,3,97.7,17.2,242.69,Pakistan,Credit Card
509070,11076,2026-05-23,P2110,Electronics,2,386.9,11.9,681.72,Pakistan,Digital Wallet
507519,10899,2026-07-23,P2767,Home & Kitchen,6,110.2,13.9,569.29,United States,Debit Card
506812,10820,2026-05-01,P1046,Books,2,40.27,13.9,69.34,United Kingdom,Credit Card
508320,10991,2026-06-02,P4329,Electronics,3,548.33,29.2,1164.65,United States,Digital Wallet
507175,10860,2026-08-14,P2931,Electronics,5,455.8,0.6,2265.33,Pakistan,Cash on Delivery
504470,10526,2026-05-20,P2527,Clothing,3,57.33,15.8,144.82,Pakistan,Digital Wallet
500891,10095,2026-08-02,P1732,Accessories,2,98.19,36.9,123.92,Pakistan,Debit Card
501969,10223,2026-06-06,P3122,Beauty,4,107.13,3.2,414.81,United Kingdom,Cash on Delivery
505757,10686,2026-04-06,P7892,Electronics,1,616.88,20.8,488.57,United States,Cash on Delivery
506527,10777,2026-08-01,P6902,Sports,5,60.23,16.7,250.86,United States,Debit Card
506294,10754,2026-07-25,P4776,Electronics,1,631.37,8.9,575.18,Pakistan,Credit Card
507595,10908,2026-07-04,P8356,Clothing,1,38.69,8.9,35.25,Pakistan,Cash on Delivery
503249,10379,2026-07-26,P5739,Electronics,2,483.75,31.9,658.87,United States,Bank Transfer
506570,10784,2026-06-12,P4520,Electronics,1,660.07,3.4,637.63,United Kingdom,Credit Card
506638,10795,2026-08-02,P5855,Accessories,7,35.62,9.5,225.65,Pakistan,Cash on Delivery
507351,10883,2026-07-26,P3441,Beauty,7,108.28,0.7,752.65,United States,Bank Transfer
509172,11089,2026-03-03,P7701,Accessories,3,112.96,16.0,284.66,United Kingdom,Digital Wallet
507473,10895,2026-06-06,P8981,Beauty,2,59.85,5.7,112.88,Pakistan,Digital Wallet
509601,11149,2026-03-28,P3309,Clothing,3,53.85,11.7,142.65,Pakistan,Cash on Delivery
508673,11034,2026-07-31,P3147,Clothing,7,24.05,12.7,146.97,United States,Cash on Delivery
501239,10136,2026-04-12,P1700,Home & Kitchen,3,87.14,21.3,205.74,United States,Debit Card
502289,10263,2026-08-13,P4032,Clothing,4,163.93,14.6,559.98,United Kingdom,Cash on Delivery
502740,10319,2026-07-23,P1300,Home & Kitchen,2,53.6,22.1,83.51,Australia,Digital Wallet
504585,10544,2025-12-27,P5270,Clothing,2,84.81,17.4,140.11,United Kingdom,Cash on Delivery
501229,10134,2026-05-09,P2234,Books,2,37.43,19.8,60.04,Pakistan,Credit Card
506980,10838,2026-07-19,P9535,Accessories,2,39.95,20.1,63.84,Pakistan,Digital Wallet
505178,10612,2026-06-26,P8286,Clothing,1,98.09,38.0,60.82,Pakistan,Bank Transfer
504293,10503,2026-07-05,P2162,Clothing,4,50.09,24.5,151.27,Pakistan,Bank Transfer
501058,10114,2026-07-03,P6408,Clothing,3,85.58,31.0,177.15,Pakistan,Credit Card
506262,10749,2026-04-09,P6741,Beauty,2,101.05,12.7,176.43,United Kingdom,Bank Transfer
500281,10030,2026-06-21,P4945,Home & Kitchen,4,136.81,10.8,488.14,Pakistan,Debit Card
500968,10101,2026-08-05,P6062,Clothing,7,131.0,9.4,830.8,Pakistan,Cash on Delivery
503953,10457,2026-08-08,P3265,Clothing,6,143.69,6.2,808.69,Pakistan,Credit Card
501939,10217,2026-08-11,P5950,Home & Kitchen,1,328.9,17.3,272.0,Canada,Credit Card
508464,11009,2026-04-05,P7043,Clothing,1,160.25,20.6,127.24,Pakistan,Debit Card
501274,10139,2026-08-15,P2697,Clothing,1,153.75,4.0,147.6,United Kingdom,Digital Wallet
500619,10067,2026-07-05,P5008,Electronics,4,355.97,7.6,1315.67,United Kingdom,Debit Card
508505,11014,2026-07-15,P8376,Sports,4,243.02,4.9,924.45,United Kingdom,Digital Wallet
501742,10191,2026-08-12,P5476,Books,3,32.61,11.4,86.68,Canada,Cash on Delivery
501390,10153,2026-06-23,P1097,Beauty,4,81.82,2.9,317.79,Pakistan,Credit Card
502203,10254,2026-06-26,P6044,Electronics,1,133.8,8.8,122.03,Pakistan,Digital Wallet
503568,10420,2026-08-04,P4234,Home & Kitchen,1,249.13,23.0,191.83,Pakistan,Credit Card
506116,10730,2026-07-27,P6807,Books,5,64.8,8.1,297.76,Pakistan,Bank Transfer
509970,11199,2026-04-10,P4133,Beauty,3,112.77,28.4,242.23,Canada,Bank Transfer
506052,10724,2026-05-17,P4252,Electronics,2,288.68,31.9,393.18,Australia,Debit Card
503178,10375,2026-07-23,P4938,Home & Kitchen,2,317.47,0.7,630.5,Pakistan,Bank Transfer
503192,10375,2026-08-11,P6321,Sports,4,229.51,2.9,891.42,Pakistan,Credit Card
506099,10728,2026-07-17,P9421,Books,3,31.73,35.6,61.3,Pakistan,Cash on Delivery
507029,10845,2026-07-25,P5609,Accessories,2,34.53,10.9,61.53,Pakistan,Debit Card
500575,10064,2026-06-01,P6041,Sports,2,103.14,9.3,187.1,Pakistan,Debit Card
506656,10800,2026-02-08,P7256,Electronics,3,90.15,2.0,265.04,United Kingdom,Credit Card
507115,10855,2026-08-06,P8567,Sports,2,188.12,14.6,321.31,Pakistan,Digital Wallet
508802,11047,2026-06-17,P5318,Sports,3,102.21,3.7,295.28,Pakistan,Bank Transfer
506276,10751,2026-07-10,P5567,Clothing,5,80.48,1.0,398.38,United Kingdom,Cash on Delivery
508984,11069,2026-07-27,P4629,Home & Kitchen,3,134.1,18.1,329.48,Pakistan,Debit Card
505897,10704,2026-07-09,P2689,Electronics,5,343.76,4.2,1646.61,Canada,Cash on Delivery
505724,10681,2026-08-06,P8253,Sports,1,212.45,21.8,166.14,United States,Digital Wallet
500269,10028,2026-04-09,P3594,Electronics,3,363.9,14.5,933.4,United States,Cash on Delivery
500629,10067,2026-08-07,P5087,Sports,3,190.47,10.3,512.55,Pakistan,Debit Card
503081,10366,2026-03-28,P3511,Beauty,5,63.66,9.8,287.11,Canada,Cash on Delivery
503466,10407,2026-08-10,P9068,Electronics,4,474.96,1.3,1875.14,Australia,Credit Card
506430,10771,2026-07-16,P7684,Clothing,2,92.55,7.1,171.96,United States,Credit Card
509311,11108,2026-06-28,P1250,Books,2,30.66,18.4,50.04,Canada,Debit Card
507062,10851,2026-06-11,P4901,Beauty,4,20.8,14.8,70.89,United States,Digital Wallet
509727,11165,2026-07-31,P4129,Clothing,3,20.49,16.1,51.57,Pakistan,Digital Wallet
505543,10656,2026-07-05,P8125,Clothing,3,56.98,4.5,163.25,Pakistan,Digital Wallet
504356,10515,2026-08-05,P5146,Home & Kitchen,6,302.61,6.3,1701.27,United Kingdom,Cash on Delivery
502113,10240,2026-06-16,P8014,Clothing,3,24.9,18.8,60.66,Pakistan,Credit Card
508219,10982,2026-07-04,P4830,Beauty,3,69.22,20.5,165.09,United Kingdom,Credit Card
503216,10377,2026-04-18,P6421,Sports,2,160.43,32.5,216.58,United Kingdom,Digital Wallet
503814,10441,2026-05-21,P1989,Beauty,6,112.85,2.8,658.14,United Kingdom,Digital Wallet
508321,10991,2026-06-09,P1392,Sports,2,230.37,19.1,372.74,Canada,Credit Card
508589,11024,2025-12-02,P7577,Beauty,3,122.0,24.7,275.6,Australia,Digital Wallet
502278,10263,2026-08-06,P1390,Electronics,6,314.67,2.4,1842.71,United Kingdom,Bank Transfer
504599,10547,2026-08-06,P8980,Clothing,2,138.72,10.2,249.14,United States,Digital Wallet
500013,10001,2026-08-11,P8542,Clothing,2,176.06,20.2,280.99,Pakistan,Debit Card
509225,11097,2026-07-26,P6313,Electronics,5,435.48,13.2,1889.98,Canada,Digital Wallet
501525,10167,2026-05-31,P9462,Electronics,2,614.6,17.3,1016.55,Pakistan,Debit Card
502365,10276,2026-06-06,P9781,Beauty,3,70.27,4.7,200.9,USA,Credit Card
504648,10558,2026-06-17,P1631,Home & Kitchen,7,277.28,11.4,1719.69,Pakistan,Bank Transfer
500374,10039,2026-02-20,P4554,Electronics,2,549.05,12.8,957.54,United Kingdom,Cash on Delivery
508521,11015,2026-05-18,P1061,Beauty,2,45.76,28.1,65.8,Pakistan,Credit Card
506477,10774,2026-07-11,P7090,Home & Kitchen,3,260.22,22.2,607.35,Pakistan,Digital Wallet
500525,10059,2026-08-10,P8432,,5,108.37,14.7,462.2,Australia,Digital Wallet
506895,10828,2026-05-24,P9692,Accessories,4,48.88,14.7,166.78,Pakistan,Credit Card
503591,10423,2026-06-11,P6438,Clothing,4,161.52,3.5,623.47,Pakistan,Credit Card
507904,10945,2026-05-22,P1913,Books,3,74.25,6.9,207.38,Pakistan,Bank Transfer
502958,10345,2026-07-20,P7520,Clothing,2,56.69,6.9,105.56,Pakistan,Credit Card
500529,10060,2026-07-06,P8616,Accessories,4,71.03,18.1,232.69,Pakistan,Credit Card
503714,10434,2026-07-31,P5874,Sports,4,128.28,11.9,452.06,United Kingdom,Digital Wallet
504732,10565,2026-04-14,P7502,Books,2,26.42,10.1,47.5,Pakistan,Debit Card
501394,10153,2026-07-07,P9697,Home & Kitchen,3,110.56,5.9,312.11,Pakistan,Debit Card
505631,10668,2026-06-03,P2163,Electronics,1,387.65,5.9,364.78,Pakistan,Debit Card
506563,10783,2026-07-24,P8598,Sports,3,100.81,0.7,300.31,Australia,Bank Transfer
504703,10563,2026-06-24,P1512,Clothing,2,116.45,5.4,220.32,Canada,Cash on Delivery
501712,10187,2026-08-06,P3347,Home & Kitchen,3,331.26,17.0,824.84,Pakistan,Digital Wallet
509755,11169,2026-08-08,P6744,Books,7,63.56,14.5,380.41,United Kingdom,Bank Transfer
500955,10101,2026-07-06,P8975,Clothing,2,142.42,6.5,266.33,Pakistan,Debit Card
506675,10802,2026-07-02,P9403,Books,4,42.82,0.2,170.94,Pakistan,Bank Transfer
503453,10405,2026-08-12,P8135,Beauty,4,93.18,4.0,357.81,United Kingdom,Bank Transfer
502071,10236,2026-04-01,P5827,Beauty,3,134.46,42.1,233.56,Australia,Digital Wallet
509740,11167,2026-06-18,P8180,Electronics,2,286.86,17.5,473.32,United States,Bank Transfer
500158,10016,2026-07-26,P3933,Accessories,4,57.1,5.2,216.52,United Kingdom,Debit Card
507005,10841,2026-07-15,P5329,Electronics,5,468.98,15.0,1993.16,Pakistan,Bank Transfer
500352,10036,2026-07-30,P8169,Beauty,1,82.86,15.4,70.1,United Kingdom,Cash on Delivery
506078,10727,2026-07-15,P8147,Sports,7,122.96,1.6,846.95,Pakistan,Debit Card
506236,10744,2026-05-06,P5099,Books,2,41.73,24.7,62.85,Pakistan,Digital Wallet
502920,10339,2026-05-03,P3001,Accessories,2,75.6,3.5,145.91,United States,Cash on Delivery
504644,10557,2026-07-30,P1778,Clothing,7,41.28,3.4,279.14,United Kingdom,Cash on Delivery
500661,10069,2026-08-06,P5994,Electronics,3,520.31,9.9,1406.4,United States,Digital Wallet
507057,10848,2025-12-30,P7102,Books,1,66.35,16.2,55.6,Pakistan,Debit Card
503665,10430,2026-08-09,P5843,Beauty,6,126.77,11.7,671.63,Pakistan,Digital Wallet
507979,10956,2026-08-01,P8213,Books,2,21.23,5.3,40.21,Pakistan,Debit Card
500306,10031,2026-04-24,P9505,Accessories,1,79.12,2.6,77.06,Canada,Digital Wallet
504790,10573,2026-07-17,P7734,Clothing,2,104.97,2.4,204.9,Pakistan,Bank Transfer
502356,10273,2026-02-23,P2360,Electronics,3,449.21,19.6,1083.49,Pakistan,Bank Transfer
501927,10217,2026-04-21,P1227,Home & Kitchen,1,131.68,19.9,105.48,Australia,Debit Card
509939,11195,2026-06-28,P4047,Clothing,2,76.77,13.0,133.58,Pakistan,Debit Card
503427,10401,2026-08-09,P6684,Clothing,6,92.8,1.1,550.68,Canada,Debit Card
503638,10425,2026-08-06,P1303,Electronics,2,363.9,13.6,628.82,Pakistan,Cash on Delivery
501266,10139,2026-07-20,P5116,Clothing,1,36.08,17.7,29.69,Australia,Credit Card
501560,10169,2026-07-23,P7279,Accessories,6,116.63,2.4,682.99,United States,Digital Wallet
507179,10860,2026-08-15,P3196,Clothing,2,157.7,5.7,297.42,Pakistan,Bank Transfer
504109,10471,2026-08-12,P2997,Sports,3,204.84,10.7,548.77,Pakistan,Digital Wallet
507867,10940,2026-05-23,P5649,Accessories,2,88.04,3.4,170.09,United Kingdom,Digital Wallet
504904,10588,2026-06-08,P3883,Home & Kitchen,6,209.99,1.6,1239.78,Canada,Debit Card
507294,10877,2026-04-15,P2525,Beauty,2,124.79,22.0,194.67,Pakistan,Digital Wallet
500514,10059,2026-07-27,P4182,Accessories,4,24.82,11.6,87.76,Pakistan,Cash on Delivery
500894,10095,2026-08-06,P7813,Beauty,3,64.96,42.2,112.64,Pakistan,Cash on Delivery
500021,10003,2026-03-08,P5482,Home & Kitchen,2,160.1,33.1,214.21,United Kingdom,Credit Card
500899,10097,2026-03-01,P2134,Clothing,2,72.94,22.8,112.62,United Kingdom,Credit Card
500207,10022,2026-08-06,P7965,Books,7,75.75,11.1,471.39,Canada,Digital Wallet
500458,10052,2026-06-02,P2689,Clothing,1,146.85,31.8,100.15,United Kingdom,Digital Wallet
502430,10284,2026-07-31,P8872,Clothing,2,50.57,3.1,98.0,United States,Credit Card
508442,11005,2026-06-02,P1029,Clothing,3,58.82,41.5,103.23,United Kingdom,Bank Transfer
503389,10398,2026-07-17,P4743,Sports,2,218.44,21.4,343.39,Pakistan,Cash on Delivery
503911,10451,2026-04-08,P3231,Sports,1,244.18,29.3,172.64,United States,Credit Card
505383,10638,2026-07-03,P6422,Books,5,28.83,9.9,129.88,Pakistan,Credit Card
500552,10061,2026-07-28,P3588,Electronics,1,412.57,11.5,365.12,United States,Cash on Delivery
503144,10372,2026-07-19,P8906,Electronics,4,634.69,4.9,2414.36,United Kingdom,Credit Card
506917,10829,2026-06-21,P8175,Accessories,2,62.32,29.8,87.5,Pakistan,Credit Card
502056,10235,2026-06-06,P7010,Home & Kitchen,1,274.57,1.4,270.73,Australia,Bank Transfer
501925,10216,2026-08-14,P7707,Sports,2,73.22,11.1,130.19,United States,Bank Transfer
500634,10068,2026-04-18,P6824,Accessories,1,21.25,18.0,17.43,United States,Cash on Delivery
506082,10727,2026-07-21,P8525,Clothing,7,99.94,5.4,661.8,Pakistan,Cash on Delivery
509270,11103,2026-01-02,P2123,Clothing,2,166.87,23.8,254.31,Canada,Cash on Delivery
509678,11161,2026-07-15,P1348,Clothing,3,30.97,34.7,60.67,United Kingdom,Bank Transfer
500105,10011,2026-08-14,P3657,Beauty,4,26.61,12.5,93.13,Australia,Cash on Delivery
503041,10357,2026-07-12,P1017,Beauty,2,140.43,11.8,247.72,United States,Bank Transfer
501709,10187,2026-07-30,P6867,Clothing,1,52.84,41.0,31.18,USA,Digital Wallet
500089,10011,2026-08-12,P4977,Home & Kitchen,6,287.91,8.7,1577.17,United Kingdom,Digital Wallet
507014,10843,2026-06-01,P2245,Beauty,4,90.27,2.1,353.5,Pakistan,Bank Transfer
503174,10374,2026-02-12,P5999,Home & Kitchen,3,335.48,2.5,981.28,Pakistan,Digital Wallet
500917,10099,2026-07-23,P6353,Electronics,3,404.34,6.6,1132.96,Pakistan,Credit Card
507833,10937,2026-07-22,P3935,Accessories,5,46.38,1.3,228.89,Pakistan,Bank Transfer
506732,10810,2026-08-12,P1080,Clothing,4,130.61,3.2,505.72,United Kingdom,Bank Transfer
501949,10219,2026-05-30,P6203,Home & Kitchen,1,49.41,12.0,43.48,United Kingdom,Debit Card
506368,10763,2026-07-03,P1869,Beauty,2,99.37,12.3,174.29,United States,Debit Card
500001,10001,2026-07-09,P7336,Sports,2,170.94,13.9,294.36,United States,Bank Transfer
508032,10961,2026-06-25,P2266,Home & Kitchen,4,312.09,0.9,1237.12,United States,Debit Card
506047,10723,2026-08-05,P5316,Accessories,7,78.7,14.8,469.37,United Kingdom,Credit Card
502720,10317,2026-05-01,P8623,Sports,1,105.8,5.4,100.09,Canada,Digital Wallet
509812,11178,2026-06-26,P1468,Clothing,3,42.45,10.1,114.49,United States,Bank Transfer
503117,10370,2026-06-29,P4410,Accessories,2,105.45,13.1,183.27,United Kingdom,Digital Wallet
509465,11129,2026-08-01,P2543,Sports,4,191.39,2.4,747.19,Pakistan,Bank Transfer
503762,10437,2026-06-21,P1213,Books,6,14.21,11.5,75.46,Pakistan,Debit Card
500213,10022,2026-08-13,P9269,Beauty,4,35.67,14.1,122.56,United Kingdom,Debit Card
500778,10080,2026-08-03,P7513,Sports,2,187.59,10.6,335.41,United States,Digital Wallet
503496,10410,2026-08-02,P7833,Home & Kitchen,3,321.86,11.9,850.68,Pakistan,Cash on Delivery
508817,11048,2026-08-04,P5311,Clothing,2,145.14,3.6,279.83,United Kingdom,Debit Card
502043,10231,2026-06-23,P2790,Clothing,3,111.5,31.5,229.13,United States,Credit Card
505420,10641,2026-07-16,P7017,Home & Kitchen,2,33.47,12.1,58.84,Pakistan,Digital Wallet
506154,10735,2026-08-03,P4099,Electronics,2,578.97,16.8,963.41,Pakistan,Debit Card
508357,10996,2026-07-06,P4960,,3,224.19,4.6,641.63,United States,Debit Card
508707,11037,2026-07-23,P8572,Accessories,2,111.0,4.4,212.23,Australia,Digital Wallet
508465,11009,2026-04-17,P7043,Clothing,3,178.65,16.4,448.05,Pakistan,Debit Card
504167,10477,2026-08-03,P7822,Sports,6,139.13,11.7,737.11,United States,Credit Card
503788,10439,2026-08-10,P3444,Sports,1,191.83,23.8,146.17,Pakistan,Digital Wallet
500583,10064,2026-07-18,P2284,Accessories,4,118.5,14.4,405.74,United States,Digital Wallet
509911,11191,2026-07-21,P4975,Books,2,70.8,2.0,138.77,Pakistan,Digital Wallet
509986,11200,2026-06-12,P6490,Accessories,3,50.9,1.2,150.87,United States,Bank Transfer
500116,10013,2026-05-01,P6275,Books,3,46.9,35.4,90.89,United Kingdom,Credit Card
506644,10795,2026-08-15,P5020,Electronics,5,660.04,10.4,2956.98,United States,Digital Wallet
509033,11072,2026-08-13,P9062,Accessories,4,17.82,20.5,56.67,Pakistan,Debit Card
509951,11195,2026-08-02,P2711,Home & Kitchen,6,156.05,8.3,858.59,United Kingdom,Credit Card
508959,11068,2026-07-25,P4216,Home & Kitchen,2,194.07,3.0,376.5,Pakistan,Credit Card
501763,10195,2026-06-16,P1941,Beauty,3,149.2,19.4,360.77,United Kingdom,Cash on Delivery
501875,10209,2026-08-05,P7405,Clothing,5,105.77,3.2,511.93,United Kingdom,Cash on Delivery
503224,10378,2026-05-24,P4560,Accessories,7,28.19,5.8,185.88,United Kingdom,Cash on Delivery
500526,10059,2026-08-10,P8002,Clothing,7,50.47,6.1,331.74,Pakistan,Digital Wallet
507725,10926,2026-08-10,P7209,Books,5,78.07,1.8,383.32,United States,Bank Transfer
502946,10343,2026-05-29,P6298,Sports,4,169.42,23.1,521.14,United States,Debit Card
504473,10527,2026-05-28,P7979,Clothing,1,118.18,23.7,90.17,United States,Credit Card
505655,10672,2025-12-19,P4277,Sports,3,61.92,17.2,153.81,Pakistan,Credit Card
506059,10725,2026-04-04,P8461,Electronics,3,467.25,4.8,1334.47,Pakistan,Bank Transfer
500959,10101,2026-07-17,P6922,Beauty,5,22.16,12.2,97.28,United States,Credit Card
506342,10761,2026-07-07,P6172,Accessories,5,101.7,4.7,484.6,Canada,Cash on Delivery
503633,10425,2026-07-29,P6671,Home & Kitchen,6,347.35,4.0,2000.74,Pakistan,Debit Card
501050,10114,2026-05-06,P8959,Books,2,79.15,28.5,113.18,Pakistan,Digital Wallet
503380,10397,2026-01-15,P1546,Clothing,1,86.67,22.2,67.43,United Kingdom,Cash on Delivery
503676,10430,2026-08-13,P2839,Beauty,4,113.28,12.0,398.75,United Kingdom,Digital Wallet
505776,10690,2026-04-30,P9687,Electronics,1,626.38,19.6,503.61,United States,Credit Card
509045,11073,2026-08-11,P4974,Home & Kitchen,7,200.68,7.6,1298.0,Pakistan,Bank Transfer
506573,10784,2026-06-19,P4518,Home & Kitchen,5,115.02,20.7,456.05,Australia,Cash on Delivery
505179,10612,2026-07-01,P3250,Accessories,1,97.1,30.4,67.58,Canada,Bank Transfer
501607,10174,2026-08-03,P5975,Clothing,5,32.3,22.1,125.81,United Kingdom,Bank Transfer
503610,10423,2026-08-04,P9878,Home & Kitchen,6,220.04,1.6,1299.12,United States,Bank Transfer
509758,11169,2026-08-13,P2453,Beauty,3,125.92,14.0,324.87,Canada,Debit Card
506635,10795,2026-07-28,P1556,Clothing,4,98.87,9.8,356.72,Canada,Debit Card
509997,11200,2026-07-24,P7663,Home & Kitchen,7,100.91,9.3,640.68,Pakistan,Digital Wallet
500791,10083,2026-06-15,P7336,Clothing,3,57.1,23.4,131.22,Pakistan,Cash on Delivery
503056,10361,2026-07-28,P3272,Beauty,2,70.04,3.0,135.88,United States,Digital Wallet
501980,10223,2026-07-20,P5843,Accessories,7,114.02,4.0,766.21,Pakistan,Bank Transfer
503598,10423,2026-06-27,P7988,Books,4,18.48,7.0,68.75,Pakistan,Credit Card
500933,10100,2026-07-25,P6674,Beauty,5,55.67,10.2,249.96,Pakistan,Digital Wallet
507424,10889,2026-08-12,P6388,Clothing,2,27.37,8.8,49.92,Pakistan,Credit Card
505626,10668,2026-04-11,P2007,Electronics,4,89.52,0.8,355.22,United Kingdom,Cash on Delivery
501682,10182,2026-08-09,P8483,Home & Kitchen,4,133.66,5.1,507.37,United Kingdom,Digital Wallet
504179,10481,2026-05-09,P3989,Sports,1,39.27,19.2,31.73,Pakistan,Bank Transfer
506446,10772,2026-05-27,P7371,Accessories,2,65.33,17.6,107.66,Pakistan,Cash on Delivery
504116,10471,2026-08-15,P4081,Home & Kitchen,2,47.79,4.4,91.37,Pakistan,Credit Card
500988,10103,2026-08-10,P2976,Home & Kitchen,1,132.96,8.0,122.32,Pakistan,Bank Transfer
502896,10336,2026-08-02,P7825,Books,3,54.27,2.2,159.23,Pakistan,Credit Card
503778,10438,2026-01-21,P3988,Beauty,1,38.59,15.4,32.65,United States,Bank Transfer
505658,10673,2026-06-24,P8364,Beauty,3,63.61,0.7,189.49,Pakistan,Bank Transfer
503093,10368,2025-12-26,P6400,Clothing,1,59.88,2.1,58.62,Pakistan,Debit Card
503155,10372,2026-08-15,P5308,Electronics,6,208.01,8.4,1143.22,United Kingdom,Credit Card
501823,10204,2026-03-04,P3423,Clothing,3,44.05,12.1,116.16,United Kingdom,Credit Card
509622,11152,2026-08-09,P5095,Clothing,3,66.4,28.4,142.63,Pakistan,Bank Transfer
501098,10121,2026-04-16,P6334,Beauty,1,57.07,33.4,38.01,United States,Bank Transfer
502844,10334,2026-08-02,P6911,Clothing,2,52.6,5.9,98.99,Canada,Digital Wallet
503342,10391,2026-03-18,P6298,Accessories,1,73.95,7.6,68.33,Pakistan,Bank Transfer
500038,10005,2026-08-05,P2096,Electronics,1,680.21,22.8,525.12,Pakistan,Debit Card
506540,10778,2026-07-12,P1890,Clothing,1,176.57,23.0,135.96,Canada,Debit Card
509473,11130,2026-07-02,P3236,Books,5,47.27,24.3,178.92,United States,Digital Wallet
503356,10394,2026-05-29,P1810,Electronics,1,566.03,29.7,397.92,United Kingdom,Credit Card
507813,10936,2026-07-08,P6568,Clothing,5,85.9,12.5,375.81,Pakistan,Bank Transfer
508220,10982,2026-07-06,P9348,Accessories,1,95.59,16.3,80.01,Pakistan,Credit Card
509227,11097,2026-08-01,P9051,Home & Kitchen,5,314.78,1.5,1550.29,United Kingdom,Credit Card
502428,10284,2026-07-29,P8530,Home & Kitchen,5,101.28,13.5,438.04,Pakistan,Digital Wallet
505043,10600,2026-07-05,P2543,Books,2,75.89,2.1,148.59,Canada,Digital Wallet
505346,10631,2026-08-03,P4440,Home & Kitchen,1,40.95,23.7,31.24,Pakistan,Cash on Delivery
504811,10577,2026-07-23,P1199,Sports,2,49.6,3.2,96.03,U.S.A.,Debit Card
508476,11011,2026-07-22,P8847,Accessories,4,32.62,13.4,113.0,Pakistan,Credit Card
500686,10073,2026-06-25,P6044,Clothing,6,131.68,4.6,753.74,Pakistan,Cash on Delivery
504799,10575,2026-03-15,P2215,Home & Kitchen,1,252.56,8.4,231.34,United Kingdom,Digital Wallet
507437,10890,2026-08-13,P8445,Accessories,5,72.64,24.4,274.58,Pakistan,Bank Transfer
502353,10272,2026-08-01,P3124,Beauty,1,108.01,40.3,64.48,Australia,Bank Transfer
506353,10762,2026-08-05,P1333,Accessories,4,27.64,24.1,83.92,United States,Digital Wallet
504569,10542,2026-01-25,P4973,Home & Kitchen,3,300.38,12.0,793.0,Australia,Debit Card
508213,10981,2026-05-10,P7095,Electronics,1,406.89,4.3,389.39,United States,Debit Card
502752,10320,2026-06-27,P9186,Books,2,40.31,12.9,70.22,Pakistan,Debit Card
508073,10965,2026-06-02,P6021,Sports,2,94.2,24.8,141.68,Pakistan,Cash on Delivery
501040,10111,2026-08-10,P2955,Electronics,2,652.06,11.2,1158.06,Australia,Bank Transfer
507491,10897,2026-06-14,P8347,Accessories,1,42.04,8.0,38.68,United Kingdom,Digital Wallet
501265,10139,2026-07-19,P4114,Home & Kitchen,3,292.62,15.1,745.3,Canada,Bank Transfer
509265,11102,2026-02-21,P7280,Sports,3,220.82,13.9,570.38,United Kingdom,Debit Card
507059,10850,2026-06-06,P2084,Electronics,3,275.23,23.4,632.48,United Kingdom,Credit Card
500277,10030,2026-06-08,P9257,Sports,4,95.39,9.5,345.31,Australia,Digital Wallet
505084,10603,2026-05-13,P8156,Electronics,2,673.91,2.7,1311.43,United Kingdom,Credit Card
502382,10279,2026-03-24,P3409,Home & Kitchen,2,245.47,17.3,406.01,Pakistan,Credit Card
500571,10063,2026-07-17,P9118,Beauty,2,106.14,39.7,128.0,United Kingdom,Bank Transfer
501435,10158,2026-04-21,P8285,Beauty,1,142.3,33.0,95.34,Pakistan,Bank Transfer
505352,10632,2025-08-15,P6736,Home & Kitchen,3,338.58,3.6,979.17,Canada,Bank Transfer
505445,10643,2026-06-13,P6865,Books,3,39.67,17.7,97.95,Pakistan,Digital Wallet
501007,10108,2026-04-19,P2127,Clothing,1,46.46,21.9,36.29,United Kingdom,Digital Wallet
504543,10538,2026-07-05,P2579,Clothing,1,71.98,20.6,57.15,Pakistan,Debit Card
508816,11048,2026-08-03,P1545,Clothing,6,156.08,5.7,883.1,Australia,Digital Wallet
502064,10235,2026-07-30,P4683,Clothing,1,170.67,17.9,140.12,Pakistan,Credit Card
501136,10124,2026-07-31,P5923,Accessories,2,76.96,15.0,130.83,Pakistan,Bank Transfer
505343,10631,2026-07-28,P9097,Accessories,3,90.45,36.1,173.39,Pakistan,Bank Transfer
500294,10030,2026-08-03,P4007,Home & Kitchen,4,42.78,1.5,168.55,Pakistan,Digital Wallet
502403,10283,2026-05-24,P9779,Home & Kitchen,5,137.04,8.1,629.7,United Kingdom,Debit Card
503998,10460,2026-07-31,P4148,Accessories,4,69.85,8.1,256.77,Australia,Credit Card
503741,10435,2026-08-14,P2601,Home & Kitchen,5,234.3,10.8,1044.98,Canada,Bank Transfer
509222,11097,2026-07-16,P9384,Clothing,4,115.64,7.0,430.18,Pakistan,Debit Card
502719,10316,2026-07-03,P7090,Clothing,3,62.53,10.8,167.33,United States,Digital Wallet
509199,11095,2026-07-05,P6746,Sports,1,37.22,8.2,34.17,United Kingdom,Cash on Delivery
505150,10608,2026-08-06,P5044,Home & Kitchen,1,324.61,23.8,247.35,Canada,Cash on Delivery
502808,10330,2026-07-02,P4180,Sports,1,233.78,20.5,185.86,United Kingdom,Debit Card
500556,10062,2026-06-08,P8287,Electronics,5,524.2,17.0,2175.43,Pakistan,Digital Wallet
508925,11066,2026-07-09,P1978,Books,1,17.9,17.6,14.75,Pakistan,Digital Wallet
504795,10574,2026-02-07,P9439,Beauty,2,94.95,23.0,146.22,Pakistan,Credit Card
502469,10287,2026-04-03,P7517,Beauty,2,97.74,5.8,184.14,Pakistan,Credit Card
503738,10435,2026-08-11,P6548,Beauty,7,31.12,10.6,194.75,United Kingdom,Digital Wallet
504286,10502,2026-01-22,P4813,Beauty,3,93.3,16.4,234.0,Pakistan,Debit Card
502604,10301,2026-07-27,P7763,Sports,6,98.73,8.2,543.8,United Kingdom,Digital Wallet
500362,10038,2026-07-28,P5439,Accessories,6,109.92,7.9,607.42,United Kingdom,Debit Card
506924,10830,2026-06-01,P5309,Home & Kitchen,2,341.8,18.0,560.55,Australia,Cash on Delivery
501704,10187,2026-06-14,P1184,Clothing,2,73.51,22.7,113.65,Canada,Debit Card
502139,10244,2026-08-08,P5104,Electronics,3,350.29,7.7,969.95,Australia,Cash on Delivery
503239,10378,2026-07-29,P4321,Books,4,71.69,7.1,266.4,Canada,Digital Wallet
502383,10279,2026-05-28,P1964,Beauty,1,95.49,26.0,70.66,Pakistan,Debit Card
507314,10879,2026-08-08,P6195,Clothing,6,140.02,1.3,829.2,Pakistan,Bank Transfer
504311,10506,2026-06-25,P1427,Home & Kitchen,3,146.0,8.7,399.89,United States,Digital Wallet
501312,10145,2026-08-01,P3968,Electronics,5,185.33,22.5,718.15,United States,Bank Transfer
503930,10455,2026-08-08,P4771,Home & Kitchen,4,166.83,0.7,662.65,Pakistan,Credit Card
506183,10738,2026-03-29,P6665,Books,3,62.05,21.6,145.94,United Kingdom,Cash on Delivery
501591,10172,2026-08-13,P9625,Clothing,6,114.61,2.0,673.91,Canada,Bank Transfer
509387,11117,2026-07-20,P8526,Accessories,7,41.94,13.9,252.77,United Kingdom,Debit Card
502162,10248,2025-08-18,P1536,Books,1,24.96,0.9,24.74,United States,Debit Card
502396,10282,2026-06-09,P5604,Electronics,2,330.68,21.1,521.81,Australia,Credit Card
500317,10032,2026-07-02,P3542,Clothing,3,21.09,17.1,52.45,Pakistan,Debit Card
505233,10619,2026-04-10,P2871,Accessories,3,20.08,42.2,34.82,United Kingdom,Bank Transfer
505068,10602,2026-07-02,P3577,Home & Kitchen,2,117.44,10.6,209.98,Pakistan,Cash on Delivery
504036,10463,2026-01-30,P8900,Beauty,3,111.89,31.8,228.93,Pakistan,Cash on Delivery
503020,10355,2026-06-04,P1952,Accessories,4,86.45,13.8,298.08,United Kingdom,Cash on Delivery
508228,10982,2026-08-07,P3623,Home & Kitchen,1,159.06,41.3,93.37,Australia,Credit Card
505295,10625,2026-06-28,P9047,Beauty,1,113.39,22.3,88.1,Australia,Cash on Delivery
503972,10459,2026-08-09,P4488,Accessories,4,19.95,15.0,67.83,United Kingdom,Debit Card
505370,10635,2026-08-07,P8417,Accessories,5,11.18,12.8,48.74,United Kingdom,Cash on Delivery
504133,10473,2026-07-07,P8078,Home & Kitchen,2,135.43,9.4,245.4,United Kingdom,Debit Card
500974,10102,2026-04-02,P7512,Electronics,2,598.26,13.3,1037.38,Pakistan,Cash on Delivery
507291,10876,2026-07-27,P8080,Books,3,65.45,19.9,157.28,Pakistan,Credit Card
500954,10101,2026-06-24,P8222,Home & Kitchen,3,186.19,0.1,558.01,United Kingdom,Bank Transfer
509306,11107,2026-08-15,P8021,Clothing,4,62.38,14.2,214.09,Pakistan,Debit Card
505016,10598,2026-03-17,P8753,Accessories,3,110.24,2.9,321.13,Canada,Cash on Delivery
509730,11165,2026-08-11,P4778,Home & Kitchen,5,197.84,14.6,844.78,Australia,Digital Wallet
507490,10897,2026-06-14,P6134,Beauty,4,36.29,4.3,138.92,United Kingdom,Bank Transfer
501640,10180,2026-06-08,P9174,Beauty,7,109.39,4.9,728.21,United States,Credit Card
501290,10143,2026-07-10,P5731,Beauty,3,122.87,17.4,304.47,Pakistan,Debit Card
501380,10151,2026-03-11,P7409,Accessories,2,34.21,6.9,63.7,United States,Debit Card
501933,10217,2026-06-29,P4134,Sports,3,194.51,17.2,483.16,United Kingdom,Debit Card
504675,10559,2026-07-14,P9438,Home & Kitchen,2,67.37,37.6,84.08,United States,Cash on Delivery
500892,10095,2026-08-04,P6707,Sports,1,211.96,37.3,132.9,Pakistan,Cash on Delivery
507287,10876,2026-07-19,P5122,Clothing,1,37.82,20.3,30.14,Pakistan,Bank Transfer
504876,10586,2026-08-03,P9625,Home & Kitchen,1,189.57,9.0,172.51,Pakistan,Cash on Delivery
507906,10945,2026-07-27,P2327,Clothing,3,118.26,8.1,326.04,Pakistan,Cash on Delivery
508194,10978,2026-08-03,P8007,Home & Kitchen,5,272.43,6.5,1273.61,Pakistan,Bank Transfer
509379,11116,2026-01-24,P1065,Books,2,79.88,15.5,135.0,Pakistan,Debit Card
502466,10286,2026-08-12,P8820,Accessories,5,91.81,13.2,398.46,Pakistan,Cash on Delivery
507657,10916,2026-01-01,P9360,Sports,2,207.05,1.6,407.47,United States,Cash on Delivery
501913,10216,2026-07-15,P5954,Sports,3,205.81,7.3,572.36,United Kingdom,Bank Transfer
502736,10319,2026-06-14,P7030,Electronics,2,129.0,4.7,245.87,United Kingdom,Credit Card
500726,10076,2026-06-17,P1107,Home & Kitchen,3,50.21,28.8,107.25,Pakistan,Credit Card
507214,10868,2026-08-12,P1916,Clothing,1,103.93,12.2,91.25,Pakistan,Cash on Delivery
508245,10983,2026-07-11,P7883,Accessories,7,26.41,6.9,172.11,Australia,Bank Transfer
501796,10200,2026-07-11,P3732,Beauty,1,74.93,23.7,57.17,United States,Credit Card
503845,10443,2026-08-04,P1125,Clothing,2,106.8,9.7,192.88,Pakistan,Cash on Delivery
506402,10767,2026-07-28,P6021,Clothing,2,74.89,42.6,85.97,Pakistan,Cash on Delivery
500936,10100,2026-08-01,P7268,Accessories,3,46.43,13.4,120.63,Australia,Digital Wallet
502265,10260,2026-08-09,P5345,Clothing,2,114.28,1.1,226.05,Pakistan,Digital Wallet
500824,10086,2026-07-18,P7412,Electronics,5,597.16,5.3,2827.55,United Kingdom,Credit Card
507274,10875,2026-08-10,P5198,Beauty,3,90.96,0.8,270.7,United States,Digital Wallet
501389,10152,2026-08-01,P1771,Home & Kitchen,5,332.26,16.5,1387.19,,Credit Card
503564,10420,2026-07-21,P6887,Home & Kitchen,3,284.56,36.5,542.09,Pakistan,Digital Wallet
505429,10641,2026-08-12,P2232,Home & Kitchen,5,320.12,2.3,1563.79,United Kingdom,Cash on Delivery
507827,10937,2026-07-09,P3055,Clothing,6,30.42,7.8,168.28,Canada,Credit Card
505690,10677,2026-08-09,P5723,Books,6,24.0,9.4,130.46,Pakistan,Cash on Delivery
507878,10941,2026-06-12,P7838,Clothing,4,130.99,1.4,516.62,Canada,Bank Transfer
501868,10209,2026-07-25,P4110,Accessories,5,88.6,14.7,377.88,United Kingdom,Bank Transfer
508202,10979,2026-06-07,P5236,Electronics,3,221.0,19.7,532.39,United Kingdom,Digital Wallet
507486,10897,2026-05-03,P3209,Clothing,5,59.38,19.5,239.0,Pakistan,Debit Card
500806,10084,2026-08-05,P8422,Sports,3,44.83,12.6,117.54,United Kingdom,Bank Transfer
504805,10577,2026-07-07,P1168,Clothing,6,95.24,12.5,500.01,United Kingdom,Digital Wallet
509152,11087,2026-06-25,P4616,Clothing,3,48.34,14.8,123.56,United States,Digital Wallet
507511,10899,2026-07-04,P3198,Beauty,5,50.54,13.6,218.33,United Kingdom,Cash on Delivery
508056,10964,2026-07-13,P6461,Beauty,2,19.11,11.6,33.79,United Kingdom,Debit Card
504494,10529,2026-07-21,P2752,Clothing,6,55.99,4.7,320.15,Pakistan,Debit Card
502632,10306,2026-02-19,P5069,Electronics,1,164.52,20.5,130.79,Canada,Bank Transfer
508900,11060,2026-05-21,P5435,Books,2,66.67,12.2,117.07,Pakistan,Credit Card
508623,11030,2026-06-14,P6984,Accessories,1,58.31,43.2,33.12,Pakistan,Credit Card
507832,10937,2026-07-16,P2260,Clothing,3,176.16,12.8,460.83,United Kingdom,Debit Card
504388,10517,2026-05-17,P4417,Sports,5,100.18,3.9,481.36,Canada,Bank Transfer
500145,10015,2026-07-25,P9219,Electronics,4,353.13,6.5,1320.71,Pakistan,Credit Card
506467,10773,2026-08-06,P5377,Beauty,4,15.93,5.9,59.96,Australia,Bank Transfer
502033,10229,2026-02-17,P3439,Clothing,3,89.73,1.0,266.5,Pakistan,Cash on Delivery
509127,11082,2026-07-13,P7280,Clothing,4,52.83,11.9,186.17,Pakistan,Cash on Delivery
501165,10129,2026-07-29,P6582,Accessories,2,115.46,8.4,211.52,Pakistan,Digital Wallet
502050,10233,2026-03-19,P6279,Home & Kitchen,1,126.51,4.4,120.94,United Kingdom,Digital Wallet
503760,10437,2026-06-17,P5839,Accessories,5,112.95,0.3,563.06,United States,Cash on Delivery
504435,10522,2026-06-26,P8426,Electronics,2,323.89,9.8,584.3,Pakistan,Debit Card
503430,10403,2026-06-29,P7401,Beauty,3,75.29,20.9,178.66,United Kingdom,Bank Transfer
508190,10978,2026-07-20,P5837,Electronics,3,142.37,4.6,407.46,Pakistan,Cash on Delivery
508753,11040,2026-05-27,P9817,Clothing,4,71.65,23.9,218.1,Pakistan,Digital Wallet
507069,10851,2026-07-22,P2964,Accessories,4,19.29,5.9,72.61,United States,Debit Card
504361,10515,2026-08-11,P6725,Clothing,7,98.27,2.2,672.76,United Kingdom,Digital Wallet
501771,10196,2026-06-06,P3768,Sports,2,180.36,8.5,330.06,Pakistan,Debit Card
503511,10411,2026-08-04,P7721,Clothing,1,71.39,19.3,57.61,Pakistan,Debit Card
500271,10029,2025-12-04,P6816,Electronics,3,222.8,1.2,660.38,Pakistan,Credit Card
508436,11005,2026-03-18,P8533,Home & Kitchen,1,131.98,32.3,89.35,Pakistan,Digital Wallet
502032,10229,2025-12-15,P3542,Sports,1,248.86,18.1,203.82,United Kingdom,Cash on Delivery
509664,11160,2026-08-07,P7214,Home & Kitchen,2,110.81,5.4,209.65,Pakistan,Debit Card
503810,10440,2026-08-03,P2755,Clothing,2,122.57,13.7,211.56,Pakistan,Debit Card
504346,10514,2026-01-18,P5937,Beauty,2,105.61,21.6,165.6,Pakistan,Credit Card
500545,10061,2026-07-16,P3580,Clothing,2,115.54,10.8,206.12,Pakistan,Credit Card
503241,10378,2026-08-07,P8388,Clothing,6,101.29,1.0,601.66,Pakistan,Debit Card
508502,11014,2026-07-01,P8775,Electronics,5,367.38,7.9,1691.78,Pakistan,Debit Card
509918,11191,2026-08-03,P5053,Electronics,4,295.48,10.3,1060.18,United Kingdom,Bank Transfer
507564,10902,2026-08-04,P1293,Home & Kitchen,4,316.24,10.1,1137.2,Canada,Cash on Delivery
500920,10099,2026-07-28,P3163,Accessories,2,55.79,4.5,106.56,Pakistan,Debit Card
509118,11082,2026-07-01,P8231,Sports,5,125.97,12.1,553.64,Canada,Credit Card
506640,10795,2026-08-05,P4114,Electronics,2,445.05,6.8,829.57,United Kingdom,Credit Card
507694,10920,2026-07-23,P8265,Home & Kitchen,5,74.82,6.8,348.66,United States,Digital Wallet
508230,10983,2026-05-23,P2978,Books,5,17.31,7.6,79.97,United States,Cash on Delivery
507126,10856,2026-07-24,P5852,Home & Kitchen,5,234.6,18.7,953.65,Pakistan,Debit Card
504278,10498,2026-08-14,P2291,Books,5,56.73,13.3,245.92,Pakistan,Bank Transfer
502983,10348,2026-07-29,P7411,Home & Kitchen,6,172.46,5.0,983.02,United States,Debit Card
500130,10014,2026-07-19,P3313,Accessories,2,95.56,4.6,182.33,United Kingdom,Digital Wallet
507980,10956,2026-08-06,P7296,Sports,2,129.96,12.2,228.21,United States,Credit Card
502667,10310,2026-06-10,P2214,Books,2,32.93,14.7,56.18,Pakistan,Cash on Delivery
507138,10857,2026-07-17,P7239,Electronics,4,556.14,4.7,2120.01,Pakistan,Credit Card
503223,10378,2026-05-23,P5097,Beauty,2,101.74,3.8,195.75,United Kingdom,Digital Wallet
507693,10920,2026-07-22,P5242,Beauty,5,97.78,14.0,420.45,Pakistan,Digital Wallet
505392,10638,2026-07-21,P3670,Electronics,1,160.27,14.4,137.19,United Kingdom,Bank Transfer
500614,10067,2026-06-27,P1242,Home & Kitchen,4,133.86,4.0,514.02,Canada,Bank Transfer
509902,11190,2026-05-28,P6136,Sports,2,123.76,36.1,158.17,Pakistan,Bank Transfer
501466,10161,2026-05-02,P7705,Clothing,5,107.79,14.1,462.96,United Kingdom,Credit Card
504497,10529,2026-07-28,P1619,Beauty,2,33.68,12.9,58.67,Pakistan,Debit Card
503042,10357,2026-07-25,P7590,Home & Kitchen,5,273.19,9.1,1241.65,United Kingdom,Credit Card
502419,10284,2026-07-12,P8506,Accessories,7,65.82,14.6,393.47,Australia,Bank Transfer
505085,10603,2026-05-29,P5213,Electronics,2,694.97,5.6,1312.1,Australia,Credit Card
503294,10385,2026-04-21,P2133,Sports,1,111.4,18.5,90.79,Australia,Cash on Delivery
506737,10812,2026-01-25,P5697,Books,2,9.37,42.9,10.7,United Kingdom,Credit Card
501500,10165,2026-07-20,P8951,Electronics,3,390.76,0.6,1165.25,Pakistan,Credit Card
501521,10167,2026-05-16,P8877,Clothing,2,177.67,12.4,311.28,United Kingdom,Credit Card
509117,11082,2026-07-01,P1113,Books,6,74.49,9.2,405.82,United States,Credit Card
504232,10493,2026-04-11,P4591,Accessories,1,26.36,7.5,24.38,United Kingdom,Bank Transfer
507686,10920,2026-07-05,P9651,Sports,5,187.9,5.3,889.71,Pakistan,Credit Card
504430,10521,2026-05-19,P6632,Books,1,73.46,10.0,66.11,Pakistan,Digital Wallet
500390,10041,2026-08-08,P6917,Home & Kitchen,5,205.96,10.0,926.82,Canada,Credit Card
509858,11185,2026-06-30,P5276,Beauty,2,141.71,11.6,250.54,Pakistan,Credit Card
507124,10856,2026-07-14,P5786,Books,3,67.92,7.6,188.27,United Kingdom,Credit Card
505913,10704,2026-08-14,P2227,Home & Kitchen,4,336.05,8.4,1231.29,Pakistan,Digital Wallet
508592,11025,2025-10-12,P2440,Sports,2,213.89,10.8,381.58,United States,Cash on Delivery
504806,10577,2026-07-08,P5720,Electronics,2,652.15,0.7,1295.17,United Kingdom,Debit Card
508954,11068,2026-07-13,P7649,Home & Kitchen,2,149.5,2.5,291.52,Pakistan,Credit Card
508238,10983,2026-06-06,P4549,Clothing,3,21.65,9.7,58.65,Australia,Cash on Delivery
508044,10963,2026-06-16,P6148,Sports,5,33.87,10.4,151.74,United Kingdom,Digital Wallet
509782,11173,2026-02-14,P3827,Clothing,3,107.65,6.1,303.25,Canada,Digital Wallet
503993,10460,2026-07-28,P1116,Clothing,5,102.64,3.4,495.75,United States,Digital Wallet
509551,11138,2026-07-02,P2404,Electronics,1,87.01,22.8,67.17,United Kingdom,Bank Transfer
506609,10791,2026-07-22,P3305,Clothing,1,67.26,19.3,54.28,Australia,Cash on Delivery
505319,10629,2026-05-27,P2320,Electronics,4,557.2,2.0,2184.22,Pakistan,Bank Transfer
507119,10856,2026-05-24,P7412,Clothing,3,151.59,0.6,452.04,Pakistan,Credit Card
502421,10284,2026-07-17,P4080,Clothing,6,61.43,1.0,364.89,Pakistan,Credit Card
505604,10665,2026-08-03,P6367,Accessories,5,36.95,13.0,160.73,United Kingdom,Credit Card
501750,10191,2026-08-14,P5570,Beauty,2,21.04,2.5,41.03,United States,Debit Card
509015,11071,2026-07-30,P8871,Books,3,10.63,3.8,30.68,Pakistan,Cash on Delivery
509718,11164,2026-07-16,P5885,Home & Kitchen,2,275.14,23.7,419.86,Pakistan,Credit Card
500338,10033,2026-08-11,P1677,Home & Kitchen,2,171.28,8.5,313.44,Australia,Debit Card
508407,11001,2026-07-18,P9495,Beauty,2,59.97,11.6,106.03,Canada,Debit Card
501341,10147,2026-04-09,P8649,Home & Kitchen,2,181.21,9.6,327.63,Pakistan,Bank Transfer
509544,11136,2026-07-26,P6355,Electronics,5,469.11,4.5,2240.0,Pakistan,Cash on Delivery
507982,10956,2026-08-12,P3307,Beauty,4,78.78,12.8,274.78,United Kingdom,Debit Card
503640,10425,2026-08-14,P5002,Sports,5,138.4,8.2,635.26,Canada,Cash on Delivery
500329,10033,2026-07-13,P3032,Beauty,7,130.96,11.9,807.63,United Kingdom,Debit Card
508828,11049,2025-10-24,P5803,Home & Kitchen,2,290.61,24.3,439.98,Canada,Debit Card
503004,10352,2026-02-05,P5467,Books,3,41.5,9.7,112.42,United Kingdom,Cash on Delivery
506960,10834,2026-06-15,P3921,Sports,5,112.3,4.0,539.04,United Kingdom,Digital Wallet
504090,10469,2026-07-28,P9365,Books,3,35.8,23.5,82.16,Pakistan,Bank Transfer
502322,10269,2026-07-28,P5323,Books,1,35.86,7.6,33.13,Pakistan,Bank Transfer
506667,10802,2026-06-12,P9159,Home & Kitchen,1,233.96,10.0,210.56,Pakistan,Credit Card
507009,10841,2026-08-12,P3360,Home & Kitchen,6,345.61,9.6,1874.59,Pakistan,Debit Card
504197,10487,2026-06-05,P3155,Clothing,6,145.4,4.7,831.4,United Kingdom,Bank Transfer
503549,10418,2026-07-04,P9142,Home & Kitchen,4,235.83,10.2,847.1,Pakistan,Debit Card
508363,10996,2026-08-04,P5895,Clothing,2,155.64,7.7,287.31,Pakistan,Cash on Delivery
504203,10487,2026-07-19,P4884,Clothing,4,128.44,10.1,461.87,Australia,Digital Wallet
509310,11108,2026-06-10,P4848,Beauty,3,66.15,43.9,111.33,Pakistan,Cash on Delivery
508936,11067,2026-07-10,P7598,Accessories,1,22.04,16.6,18.38,United Kingdom,Cash on Delivery
506185,10738,2026-05-01,P7903,Clothing,2,111.25,19.0,180.23,United Kingdom,Cash on Delivery
501639,10180,2026-06-08,P1948,Electronics,5,418.81,14.6,1788.32,United Kingdom,Debit Card
500060,10007,2026-07-15,P9069,Electronics,5,564.2,6.7,2631.99,Canada,Digital Wallet
501240,10136,2026-05-01,P6796,Accessories,1,57.79,16.6,48.2,Pakistan,Credit Card
505760,10687,2026-07-09,P5114,Clothing,1,108.58,21.9,84.8,United States,Bank Transfer
505136,10608,2026-05-09,P6346,Clothing,3,145.33,4.7,415.5,Pakistan,Credit Card
502343,10272,2026-04-22,P1483,Home & Kitchen,3,241.08,21.7,566.3,United States,Digital Wallet
502120,10241,2026-03-20,P6196,Beauty,1,120.9,23.8,92.13,Australia,Digital Wallet
501524,10167,2026-05-23,P7615,Books,5,69.34,22.6,268.35,United Kingdom,Credit Card
507617,10909,2026-08-09,P6897,Clothing,4,143.79,17.7,473.36,Australia,Cash on Delivery
500153,10016,2026-07-07,P6214,Books,5,71.79,23.3,275.31,Australia,Debit Card
500481,10056,2026-04-14,P1076,Beauty,1,98.1,16.4,82.01,Pakistan,Credit Card
506122,10731,2026-07-24,P4546,Electronics,5,649.32,18.2,2655.72,United States,Debit Card
507674,10919,2025-12-28,P7624,Books,1,20.21,16.4,16.9,United States,Cash on Delivery
507101,10855,2026-06-22,P5310,Books,4,47.8,3.4,184.7,Australia,Bank Transfer
501762,10194,2026-05-18,P9767,Accessories,1,85.46,7.8,78.79,Australia,Credit Card
507715,10924,2026-06-17,P5209,Books,2,33.52,26.9,49.01,Canada,Digital Wallet
509081,11077,2026-08-09,P2668,Clothing,5,138.73,13.4,600.7,Pakistan,Bank Transfer
507479,10896,2026-07-14,P5644,Books,4,10.03,2.4,39.16,Pakistan,Bank Transfer
506212,10741,2026-03-28,P1587,Home & Kitchen,2,260.23,20.0,416.37,Pakistan,Credit Card
504853,10584,2026-06-20,P7394,Clothing,2,137.74,0.1,275.2,Australia,Bank Transfer
502711,10315,2026-07-13,P4429,Sports,1,26.04,36.1,16.64,Canada,Bank Transfer
506766,10815,2026-03-11,P5587,Electronics,3,96.34,24.4,218.5,Pakistan,Debit Card
504150,10475,2025-12-14,P3961,Clothing,1,151.16,22.3,117.45,Pakistan,Digital Wallet
501333,10146,2026-08-02,P8084,Clothing,5,47.17,12.1,207.31,Pakistan,Debit Card
508378,10998,2026-08-06,P7553,Accessories,7,105.4,14.8,628.61,Canada,Debit Card
509389,11117,2026-07-30,P9572,Beauty,5,39.22,4.1,188.06,United States,Debit Card
509707,11163,2026-07-22,P4778,Books,3,68.3,16.8,170.48,Australia,Bank Transfer
509121,11082,2026-07-05,P2440,Clothing,4,43.58,6.9,162.29,United Kingdom,Credit Card
503850,10444,2026-07-21,P4458,Accessories,1,42.71,2.1,41.81,United States,Debit Card
508340,10994,2026-01-29,P7720,Clothing,1,69.01,7.2,64.04,Australia,Credit Card
504124,10473,2026-06-06,P9998,Sports,2,93.6,12.2,164.36,Pakistan,Bank Transfer
508963,11068,2026-08-01,P4639,Beauty,2,93.95,12.7,164.04,United States,Cash on Delivery
504788,10573,2026-07-11,P1781,Clothing,4,41.04,12.2,144.13,Pakistan,Debit Card
502866,10335,2026-06-26,P9287,Home & Kitchen,2,297.6,7.0,553.54,United Kingdom,Cash on Delivery
501386,10152,2026-05-19,P9983,Clothing,3,104.34,14.9,266.38,Pakistan,Debit Card
505941,10707,2026-06-18,P9352,Electronics,2,235.9,21.4,370.83,Pakistan,Credit Card
503067,10361,2026-08-15,P2057,Sports,1,221.93,13.0,193.08,Pakistan,Digital Wallet
509058,11074,2026-07-23,P6558,,4,80.12,11.9,282.34,Australia,Debit Card
503629,10425,2026-07-17,P2043,Beauty,4,99.81,6.6,372.89,United Kingdom,Debit Card
509455,11127,2026-08-15,P1610,Books,2,34.59,8.2,63.51,Pakistan,Credit Card
508949,11068,2026-07-03,P8090,Home & Kitchen,2,94.72,2.4,184.89,Pakistan,Bank Transfer
503028,10355,2026-07-25,P5254,Clothing,5,141.1,4.4,674.46,United Kingdom,Cash on Delivery
502969,10348,2026-07-06,P2251,Books,7,64.27,13.1,390.95,Pakistan,Debit Card
508646,11031,2026-07-27,P3405,Electronics,4,526.46,9.4,1907.89,Pakistan,Debit Card
506136,10732,2026-08-02,P2340,Accessories,1,98.42,36.8,62.2,Australia,Debit Card
508801,11047,2026-06-13,P4268,Electronics,5,179.69,6.0,844.54,Australia,Credit Card
504263,10497,2026-07-17,P6713,Clothing,3,158.63,22.6,368.34,Pakistan,Debit Card
500645,10069,2026-07-17,P7461,Sports,3,115.93,6.2,326.23,Pakistan,Debit Card
509653,11160,2026-07-19,P9218,Beauty,5,76.24,0.1,380.82,Canada,Credit Card
502074,10236,2026-04-09,P8636,Sports,3,231.0,42.0,401.94,United Kingdom,Digital Wallet
500341,10034,2026-04-12,P8064,Beauty,1,75.33,7.6,69.6,Pakistan,Bank Transfer
508041,10962,2026-01-28,P9143,Electronics,1,522.23,18.2,427.18,Pakistan,Digital Wallet
501622,10176,2026-07-24,P3430,Electronics,5,497.58,19.2,2010.22,United States,Cash on Delivery
507141,10857,2026-08-03,P4131,Sports,6,40.9,7.3,227.49,United Kingdom,Debit Card
505796,10691,2026-07-04,P5170,Beauty,4,71.02,0.3,283.23,United States,Bank Transfer
507184,10861,2026-07-05,P3661,Accessories,3,98.76,34.2,194.95,United Kingdom,Bank Transfer
508232,10983,2026-05-26,P9501,Books,3,32.3,11.3,85.95,Pakistan,Debit Card
505475,10645,2026-07-29,P1369,Clothing,3,90.79,11.6,240.78,Pakistan,Debit Card
509252,11101,2026-08-07,P5942,Clothing,2,41.04,6.5,76.74,Canada,Credit Card
500074,10009,2026-07-25,P2094,Accessories,2,20.49,8.4,37.54,Canada,Debit Card
508633,11031,2026-06-11,P6869,Books,5,17.16,4.4,82.02,Pakistan,Debit Card
509229,11097,2026-08-08,P2458,Books,1,49.72,12.8,43.36,Pakistan,Bank Transfer
502051,10233,2026-03-26,P4844,Sports,3,140.71,21.5,331.37,Pakistan,Digital Wallet
502541,10294,2026-07-22,P7906,Home & Kitchen,5,294.84,20.7,1169.04,United Kingdom,Digital Wallet
501301,10144,2026-07-02,P9066,Accessories,3,67.21,3.5,194.57,Canada,Digital Wallet
505877,10702,2026-07-28,P1780,Home & Kitchen,2,162.34,14.8,276.63,Pakistan,Credit Card
507368,10884,2026-06-20,P1161,Electronics,2,401.1,8.8,731.61,Pakistan,Debit Card
501304,10144,2026-07-16,P7969,Sports,1,205.84,19.9,164.88,Australia,Credit Card
508428,11004,2026-05-14,P5398,Sports,1,155.84,25.6,115.94,United States,Credit Card
509094,11079,2026-06-27,P9790,Clothing,3,93.17,4.0,268.33,United States,Debit Card
502599,10301,2026-07-18,P3925,Books,3,20.68,8.1,57.01,United States,Debit Card
502573,10298,2026-07-12,P4060,Home & Kitchen,4,217.84,9.5,788.58,Pakistan,Bank Transfer
503186,10375,2026-08-06,P5590,Electronics,2,232.66,13.7,401.57,Australia,Digital Wallet
502768,10322,2026-07-18,P7777,Beauty,1,28.7,16.7,23.91,Australia,Cash on Delivery
504831,10580,2026-07-07,P1607,Beauty,1,108.37,12.9,94.39,Pakistan,Digital Wallet
504223,10491,2026-07-08,P8335,Beauty,2,141.57,18.9,229.63,Pakistan,Bank Transfer
509649,11160,2026-07-16,P7713,Electronics,4,211.8,1.2,837.03,United States,Credit Card
502106,10239,2026-06-09,P5780,Clothing,1,100.93,19.1,81.65,Pakistan,Digital Wallet
502679,10311,2026-07-23,P3179,Beauty,1,141.12,13.6,121.93,Pakistan,Digital Wallet
501387,10152,2026-05-31,P2607,Home & Kitchen,4,90.9,17.1,301.42,Pakistan,Cash on Delivery
508931,11066,2026-08-03,P1430,Electronics,1,228.43,29.4,161.27,Pakistan,Cash on Delivery
509659,11160,2026-08-01,P2571,Home & Kitchen,4,164.06,4.1,629.33,Pakistan,Debit Card
507083,10852,2026-05-29,P6252,Accessories,2,81.15,40.5,96.57,Pakistan,Credit Card
501279,10141,2026-03-27,P5671,Sports,2,56.7,18.6,92.31,United Kingdom,Cash on Delivery
500804,10084,2026-08-04,P1567,Electronics,3,259.29,10.2,698.53,United States,Digital Wallet
501555,10169,2026-07-08,P5197,Home & Kitchen,3,95.17,8.6,260.96,United Kingdom,Credit Card
509486,11131,2026-07-08,P5140,Beauty,1,32.2,16.2,26.98,United Kingdom,Credit Card
504566,10541,2026-01-13,P7333,Books,1,76.29,24.1,57.9,Pakistan,Bank Transfer
509669,11160,2026-08-15,P9002,Accessories,5,28.71,14.6,122.59,Pakistan,Digital Wallet
504841,10581,2026-06-27,P6107,Home & Kitchen,3,68.78,8.4,189.01,Canada,Bank Transfer
503594,10423,2026-06-14,P9190,Home & Kitchen,6,291.97,12.4,1534.59,United States,Debit Card
506035,10722,2026-08-08,P9255,Home & Kitchen,5,142.11,13.3,616.05,United States,Bank Transfer
506852,10822,2026-08-14,P3803,Home & Kitchen,3,30.82,5.4,87.47,Pakistan,Debit Card
508705,11036,2026-04-28,P4380,Sports,1,222.09,5.9,208.99,Pakistan,Credit Card
504177,10480,2026-02-02,P9899,Books,3,75.24,18.4,184.19,Pakistan,Bank Transfer
501308,10145,2026-07-26,P4131,Beauty,2,54.47,19.1,88.13,Pakistan,Cash on Delivery
503452,10405,2026-08-09,P2029,Sports,3,169.35,9.6,459.28,Canada,Credit Card
503695,10432,2026-03-14,P1237,Accessories,1,106.85,30.6,74.15,United States,Cash on Delivery
504242,10494,2026-05-26,P7014,Home & Kitchen,3,92.39,7.0,257.77,Pakistan,Cash on Delivery
502198,10253,2025-11-01,P4478,Sports,3,76.72,18.4,187.81,Canada,Digital Wallet
504425,10520,2026-07-08,P1815,Clothing,3,136.2,6.9,380.41,United States,Debit Card
506150,10735,2026-07-24,P5814,Beauty,2,131.0,2.1,256.5,Pakistan,Cash on Delivery
500943,10100,2026-08-09,P9950,Clothing,3,26.48,13.8,68.48,United States,Cash on Delivery
500822,10085,2026-06-20,P1702,Electronics,3,365.55,17.2,908.03,Pakistan,Bank Transfer
505005,10594,2026-08-14,P2549,Books,4,77.56,11.4,274.87,Pakistan,Digital Wallet
506612,10791,2026-07-25,P8164,Accessories,1,79.21,20.9,62.66,Pakistan,Credit Card
508356,10996,2026-07-05,P6292,Beauty,6,33.49,14.6,171.6,United Kingdom,Debit Card
505619,10667,2026-06-12,P3709,Home & Kitchen,5,193.39,18.9,784.2,Pakistan,Bank Transfer
504547,10538,2026-07-17,P2268,Home & Kitchen,5,118.84,11.7,524.68,Pakistan,Debit Card
502538,10294,2026-05-20,P6518,Sports,4,215.63,1.6,848.72,Pakistan,Cash on Delivery
505207,10617,2026-06-15,P1814,Accessories,4,105.62,11.4,374.32,Pakistan,Bank Transfer
509514,11133,2026-08-10,P5217,Home & Kitchen,3,71.78,3.9,206.94,United States,Digital Wallet
509009,11071,2026-07-11,P5256,Electronics,2,514.01,13.3,891.29,Pakistan,Cash on Delivery
503054,10360,2026-07-18,P3312,Clothing,1,101.05,16.2,84.68,Pakistan,Cash on Delivery
503675,10430,2026-08-13,P8089,Home & Kitchen,4,344.47,6.9,1282.81,Australia,Digital Wallet
507776,10931,2026-08-02,P4616,Clothing,2,168.35,9.7,304.04,Pakistan,Credit Card
507218,10869,2025-11-15,P7456,Clothing,3,106.39,17.2,264.27,Pakistan,Cash on Delivery
506722,10810,2026-06-30,P3657,Electronics,6,335.04,12.1,1767.0,United States,Credit Card
503300,10385,2026-06-26,P2199,Clothing,3,77.19,36.2,147.74,United States,Digital Wallet
503310,10386,2026-07-30,P2347,Books,3,34.77,23.9,79.38,United States,Cash on Delivery
507221,10870,2025-09-04,P5399,Electronics,3,315.2,18.0,775.39,United Kingdom,Debit Card
508519,11015,2026-03-23,P2800,Beauty,1,58.67,25.1,43.94,Pakistan,Digital Wallet
505954,10708,2026-06-21,P3263,Accessories,1,17.4,40.6,10.34,Pakistan,Bank Transfer
500832,10087,2026-06-27,P2361,Clothing,1,115.02,44.4,63.95,Canada,Credit Card
503462,10407,2026-07-14,P3633,Home & Kitchen,4,42.76,19.4,137.86,United States,Bank Transfer
507643,10913,2025-11-16,P7470,Clothing,3,41.83,12.6,109.68,Pakistan,Digital Wallet
500054,10006,2026-08-13,P6368,Home & Kitchen,3,160.48,16.4,402.48,Australia,Credit Card
503451,10405,2026-08-02,P7860,Accessories,4,21.36,10.5,76.47,United Kingdom,Digital Wallet
506305,10755,2026-06-16,P2307,Electronics,3,253.75,9.7,687.41,Pakistan,Cash on Delivery
501481,10161,2026-07-22,P4646,Sports,3,212.31,20.8,504.45,United States,Cash on Delivery
504873,10586,2026-07-10,P3929,Accessories,3,18.45,23.6,42.29,Canada,Debit Card
508038,10961,2026-08-03,P5213,Home & Kitchen,6,42.37,9.2,230.83,Canada,Bank Transfer
503335,10389,2026-07-29,P2455,Home & Kitchen,3,267.87,17.8,660.57,United Kingdom,Debit Card
506016,10720,2026-06-12,P6218,Clothing,2,99.79,18.4,162.86,Canada,Bank Transfer
504926,10589,2026-07-27,P8042,Home & Kitchen,7,217.09,4.0,1458.84,Pakistan,Cash on Delivery
505797,10691,2026-07-10,P1115,Clothing,1,28.67,10.4,25.69,Pakistan,Bank Transfer
509831,11179,2026-06-14,P2135,Home & Kitchen,2,340.31,30.6,472.35,United States,Cash on Delivery
505083,10603,2026-05-13,P3472,Home & Kitchen,2,208.22,13.9,358.55,Pakistan,Bank Transfer
506645,10796,2026-01-15,P3194,Books,3,27.57,13.9,71.21,United Kingdom,Digital Wallet
505490,10648,2026-07-22,P3924,Beauty,3,93.68,1.1,277.95,United States,Bank Transfer
500768,10080,2026-07-02,P8730,Electronics,7,584.02,4.4,3908.26,United States,Cash on Delivery
502065,10235,2026-08-05,P3694,Beauty,4,33.27,5.2,126.16,Australia,Debit Card
509500,11133,2026-07-05,P8572,Home & Kitchen,7,335.8,4.2,2251.87,Pakistan,Debit Card
507311,10879,2026-07-29,P7515,Accessories,4,80.94,11.5,286.53,Pakistan,Debit Card
508477,11011,2026-07-24,P8018,Home & Kitchen,4,148.15,8.5,542.23,United States,Cash on Delivery
504524,10535,2026-03-16,P7041,Electronics,3,378.39,36.4,721.97,Canada,Digital Wallet
502717,10316,2026-03-15,P5661,Sports,1,93.54,2.4,91.3,Pakistan,Credit Card
502079,10236,2026-06-12,P8760,Sports,1,59.44,32.0,40.42,Pakistan,Bank Transfer
508914,11063,2026-05-03,P4667,Beauty,3,124.38,24.1,283.21,United Kingdom,Credit Card
500951,10101,2026-06-11,P5748,Clothing,2,86.25,7.4,159.73,Canada,Bank Transfer
508058,10964,2026-07-19,P7049,Clothing,2,164.78,9.4,298.58,Australia,Bank Transfer
502482,10289,2026-08-13,P4528,Clothing,1,111.54,0.5,110.98,Pakistan,Credit Card
501759,10193,2026-03-22,P9921,Electronics,3,589.21,11.9,1557.28,Australia,Debit Card
504422,10520,2026-05-31,P7575,Home & Kitchen,2,110.66,16.5,184.8,,Debit Card
506704,10806,2026-07-07,P9322,Home & Kitchen,2,73.15,23.3,112.21,Pakistan,Cash on Delivery
505182,10614,2026-05-28,P2562,Clothing,2,141.85,4.0,272.35,Canada,Digital Wallet
508533,11017,2026-05-03,P5559,Electronics,5,103.6,9.5,468.79,Pakistan,Bank Transfer
503701,10433,2026-03-27,P2387,Electronics,1,237.82,6.8,221.65,Pakistan,Bank Transfer
504243,10494,2026-05-27,P4212,Accessories,5,42.38,11.4,187.74,Pakistan,Bank Transfer
500688,10073,2026-07-04,P8211,Electronics,6,543.34,9.8,2940.56,Pakistan,Digital Wallet
503432,10404,2026-05-01,P8574,Sports,2,207.05,22.0,323.0,Canada,Bank Transfer
504944,10589,2026-08-10,P6119,Beauty,5,148.1,11.9,652.38,United Kingdom,Debit Card
500966,10101,2026-08-04,P7211,Sports,7,71.19,12.6,435.54,Pakistan,Cash on Delivery
509484,11131,2026-06-22,P2338,Clothing,3,172.82,23.8,395.07,Pakistan,Cash on Delivery
502713,10315,2026-07-21,P2103,Clothing,3,41.8,25.8,93.05,Australia,Bank Transfer
504757,10567,2026-07-18,P2105,Accessories,4,116.02,10.9,413.5,United States,Bank Transfer
509545,11136,2026-08-01,P2977,Home & Kitchen,3,124.42,6.1,350.49,Pakistan,Debit Card
506320,10757,2026-06-29,P2960,Clothing,1,28.82,11.7,25.45,Pakistan,Debit Card
505975,10711,2026-07-25,P2750,Sports,3,36.25,20.4,86.56,Canada,Credit Card
503572,10421,2026-03-20,P3231,Books,2,23.19,40.6,27.55,Pakistan,Cash on Delivery
505299,10626,2026-05-26,P2360,Beauty,4,82.13,2.6,319.98,United States,Debit Card
501990,10224,2026-06-29,P8120,Clothing,1,24.51,15.7,20.66,Canada,Credit Card
501205,10132,2026-07-08,P7337,Clothing,5,88.73,23.1,341.17,Pakistan,Cash on Delivery
504971,10591,2026-08-10,P3532,Books,2,37.83,13.7,65.29,Pakistan,Digital Wallet
506783,10818,2026-07-20,P3756,Clothing,4,69.98,22.3,217.5,Canada,Bank Transfer
503600,10423,2026-07-01,P2552,Accessories,6,58.84,12.8,307.85,United Kingdom,Digital Wallet
506490,10775,2026-08-07,P1280,Electronics,2,577.85,36.8,730.4,United Kingdom,Digital Wallet
508609,11028,2026-07-27,P5240,Books,2,35.8,29.4,50.55,United States,Bank Transfer
509978,11200,2026-05-21,P4819,Electronics,5,347.17,9.5,1570.94,United States,Credit Card
508070,10965,2026-05-17,P9360,Home & Kitchen,3,102.12,7.5,283.38,Australia,Digital Wallet
508577,11021,2026-03-10,P9378,Beauty,1,24.69,24.9,18.54,Canada,Debit Card
507973,10956,2026-07-18,P5827,Home & Kitchen,3,318.68,3.4,923.53,United States,Digital Wallet
501625,10176,2026-08-10,P2624,Home & Kitchen,4,102.98,10.0,370.73,United States,Digital Wallet
500536,10060,2026-08-08,P8939,Clothing,1,111.76,4.7,106.51,Pakistan,Digital Wallet
508766,11040,2026-07-28,P3162,Sports,1,59.17,13.5,51.18,Canada,Debit Card
507970,10956,2026-07-16,P8695,Beauty,3,138.41,13.9,357.51,United Kingdom,Cash on Delivery
504212,10488,2026-08-10,P2266,Clothing,5,39.42,14.4,168.72,Pakistan,Digital Wallet
506456,10773,2026-07-12,P4692,Clothing,6,164.31,5.1,935.58,Pakistan,Credit Card
503507,10411,2026-07-08,P7709,Clothing,2,149.51,0.9,296.33,Pakistan,Cash on Delivery
508393,10999,2026-02-28,P6621,Sports,1,187.72,14.2,161.06,Pakistan,Credit Card
507112,10855,2026-08-03,P9966,Accessories,4,95.36,14.3,326.89,Pakistan,Cash on Delivery
502708,10313,2026-08-15,P4730,Accessories,2,104.02,6.5,194.52,Pakistan,Cash on Delivery
505031,10599,2026-08-07,P3319,Electronics,3,162.01,24.2,368.41,Pakistan,Debit Card
506514,10776,2026-07-27,P7476,Accessories,7,90.71,11.3,563.22,U.S.A.,Bank Transfer
504662,10558,2026-07-20,P8366,Clothing,7,25.29,5.2,167.82,Pakistan,Bank Transfer
504021,10461,2026-07-21,P6780,Books,3,63.31,0.3,189.36,Pakistan,Debit Card
501854,10207,2026-07-12,P8809,Home & Kitchen,2,317.06,6.8,591.0,United States,Credit Card
509425,11120,2026-08-12,P8848,Home & Kitchen,7,316.31,5.0,2103.46,Pakistan,Debit Card
502872,10335,2026-07-10,P3436,Beauty,4,96.86,6.8,361.09,Pakistan,Bank Transfer
503030,10355,2026-08-03,P2260,Books,6,57.99,10.5,311.41,Pakistan,Digital Wallet
501645,10180,2026-06-29,P7990,Books,7,40.49,11.7,250.27,Pakistan,Cash on Delivery
503417,10401,2026-07-11,P9922,Accessories,3,19.73,5.2,56.11,Pakistan,Debit Card
503476,10408,2026-07-18,P5661,Accessories,5,18.82,1.5,92.69,United Kingdom,Digital Wallet
509552,11139,2026-05-18,P7912,Electronics,3,586.57,12.6,1537.99,Pakistan,Digital Wallet
501792,10199,2025-10-16,P3291,Home & Kitchen,3,341.66,23.8,781.03,United States,Bank Transfer
503797,10440,2026-07-02,P5819,Books,4,14.38,8.6,52.57,Pakistan,Credit Card
503368,10395,2026-06-08,P5345,Electronics,2,679.54,0.5,1352.28,Pakistan,Cash on Delivery
507196,10867,2026-04-16,P8068,Home & Kitchen,5,248.04,21.4,974.8,Pakistan,Digital Wallet
509641,11158,2026-01-19,P6192,Beauty,3,84.13,9.0,229.67,United States,Bank Transfer
505109,10605,2026-07-03,P4602,Clothing,7,141.05,5.0,937.98,United Kingdom,Credit Card
506024,10721,2025-10-17,P9706,Sports,1,154.99,17.3,128.18,Pakistan,Cash on Delivery
508795,11046,2026-06-09,P3798,Beauty,2,140.3,21.6,219.99,United States,Bank Transfer
509294,11107,2026-07-27,P1222,Beauty,3,43.28,22.9,100.11,Pakistan,Bank Transfer
500126,10014,2026-07-08,P3395,Beauty,5,65.46,0.3,326.32,Pakistan,Debit Card
505959,10709,2026-04-13,P3312,Home & Kitchen,5,325.93,12.9,1419.43,Pakistan,Digital Wallet
503876,10448,2026-05-17,P1496,Clothing,1,172.4,44.1,96.37,Canada,Credit Card
504451,10523,2026-04-09,P6352,Accessories,3,64.49,0.4,192.7,United Kingdom,Cash on Delivery
507147,10858,2026-07-19,P5625,Sports,1,123.67,3.6,119.22,Canada,Debit Card
503531,10416,2026-03-04,P2656,Beauty,2,87.04,10.7,155.45,Canada,Bank Transfer
500827,10086,2026-08-03,P5798,Clothing,4,136.09,0.0,544.36,United States,Debit Card
507790,10935,2026-05-30,P8555,Clothing,4,69.78,10.5,249.81,United States,Debit Card
500984,10103,2026-07-26,P3088,Clothing,4,175.41,0.2,700.24,Pakistan,Digital Wallet
507783,10932,2026-06-30,P9790,Home & Kitchen,3,293.35,41.9,511.31,Pakistan,Credit Card
502443,10285,2026-06-05,P1027,Electronics,2,103.11,5.9,194.05,United Kingdom,Cash on Delivery
508554,11020,2026-07-27,P1730,Accessories,4,72.45,5.7,273.28,Pakistan,Digital Wallet
500345,10036,2026-05-11,P6791,Clothing,3,65.01,22.0,152.12,Pakistan,Debit Card
500814,10084,2026-08-15,P9792,Sports,7,64.19,4.7,428.21,United Kingdom,Bank Transfer
506166,10736,2025-11-04,P5642,Clothing,1,59.78,3.1,57.93,Pakistan,Credit Card
505779,10690,2026-05-07,P7418,Home & Kitchen,4,31.54,17.3,104.33,Australia,Debit Card
502116,10240,2026-07-19,P5293,Accessories,3,12.81,22.8,29.67,Pakistan,Debit Card
500793,10083,2026-07-19,P2400,Accessories,4,99.56,0.4,396.65,Australia,Bank Transfer
506898,10828,2026-06-23,P8232,Beauty,5,16.34,15.1,69.36,United Kingdom,Cash on Delivery
502674,10310,2026-07-29,P7414,Accessories,5,101.73,0.6,505.6,United Kingdom,Debit Card
500094,10011,2026-08-13,P4866,Electronics,2,138.54,6.9,257.96,United Kingdom,Digital Wallet
504225,10492,2026-06-09,P3860,Home & Kitchen,2,327.96,2.0,642.8,United Kingdom,Debit Card
503756,10437,2026-06-11,P2081,Electronics,4,667.91,1.1,2642.25,United Kingdom,Digital Wallet
502891,10336,2026-08-01,P5823,Electronics,5,195.63,8.1,898.92,Canada,Debit Card
502371,10277,2026-07-19,P4447,Home & Kitchen,1,249.08,29.8,174.85,Australia,Bank Transfer
509388,11117,2026-07-24,P2950,Accessories,7,116.02,4.2,778.03,United Kingdom,Debit Card
503228,10378,2026-06-14,P5171,Electronics,7,158.61,14.9,944.84,Pakistan,Digital Wallet
507863,10939,2026-08-03,P3511,Accessories,7,61.09,5.5,404.11,United States,Bank Transfer
506359,10763,2026-04-19,P2496,Clothing,2,60.73,8.9,110.65,Australia,Digital Wallet
509196,11095,2026-06-19,P3610,Clothing,2,60.29,19.5,97.07,United States,Credit Card
507326,10880,2026-08-02,P7612,Beauty,3,116.49,6.1,328.15,United Kingdom,Cash on Delivery
506028,10722,2026-05-30,P7749,Electronics,1,688.91,4.6,657.22,Australia,Cash on Delivery
501865,10209,2026-07-21,P2492,Electronics,5,183.38,5.5,866.47,Pakistan,Debit Card
504612,10550,2026-04-12,P7333,Sports,1,104.71,42.5,60.21,Australia,Cash on Delivery
502645,10308,2026-08-02,P2605,Home & Kitchen,4,332.99,22.1,1037.6,United States,Digital Wallet
502243,10259,2026-06-22,P2429,Electronics,1,175.58,15.4,148.54,Australia,Debit Card
505373,10635,2026-08-09,P3452,Clothing,5,83.06,12.6,362.97,Pakistan,Debit Card
502336,10270,2026-07-29,P7101,Clothing,3,159.87,15.0,407.67,Pakistan,Bank Transfer
500950,10101,2026-06-11,P4515,Clothing,2,108.45,3.8,208.66,Pakistan,Debit Card
501120,10124,2026-06-23,P9296,Clothing,5,74.02,1.8,363.44,Canada,Credit Card
502204,10254,2026-06-28,P5821,Sports,1,199.95,21.9,156.16,United Kingdom,Debit Card
500419,10045,2026-08-01,P5647,Beauty,2,145.81,18.8,236.8,United Kingdom,Bank Transfer
500922,10099,2026-08-01,P2656,Home & Kitchen,2,132.28,6.9,246.31,United Kingdom,Cash on Delivery
508669,11034,2026-07-24,P4707,Books,7,74.25,1.9,509.87,United States,Cash on Delivery
505408,10640,2026-05-18,P5494,Clothing,4,98.27,5.1,373.03,Pakistan,Debit Card
505788,10690,2026-07-05,P8793,Books,4,20.08,10.6,71.81,Canada,Credit Card
505742,10683,2026-07-09,P4931,Books,3,58.12,20.3,138.96,United States,Debit Card
507667,10917,2026-07-16,P2403,Clothing,2,65.9,24.1,100.04,United Kingdom,Debit Card
505567,10658,2026-07-11,P1854,Accessories,5,25.08,14.9,106.72,United Kingdom,Debit Card
508135,10974,2026-07-23,P9286,Accessories,5,104.07,20.9,411.6,Canada,Cash on Delivery
501202,10132,2026-06-23,P7444,Clothing,1,57.15,2.9,55.49,Pakistan,Bank Transfer
505765,10688,2026-05-06,P4838,Beauty,2,99.43,22.5,154.12,United Kingdom,Cash on Delivery
508389,10998,2026-08-15,P8621,Books,7,23.82,13.2,144.73,Canada,Debit Card
501970,10223,2026-06-29,P8782,Clothing,3,76.17,14.3,195.83,Australia,Bank Transfer
504018,10461,2026-07-07,P5728,Accessories,4,21.35,14.8,72.76,United Kingdom,Cash on Delivery
503687,10431,2026-08-11,P7276,Accessories,3,39.99,1.1,118.65,United States,Digital Wallet
501997,10225,2026-06-05,P1837,Home & Kitchen,1,245.92,11.9,216.66,Pakistan,Bank Transfer
504033,10462,2026-06-29,P6069,Electronics,1,693.6,8.9,631.87,United Kingdom,Bank Transfer
501248,10136,2026-07-08,P3959,Home & Kitchen,2,117.07,9.7,211.43,Pakistan,Debit Card
502192,10252,2026-07-22,P9297,Clothing,2,74.01,14.5,126.56,Pakistan,Bank Transfer
502712,10315,2026-07-19,P5983,Books,3,40.59,27.0,88.89,Australia,Debit Card
502190,10252,2026-06-23,P5422,Books,5,26.85,10.0,120.83,Pakistan,Debit Card
504670,10558,2026-08-11,P6764,Accessories,2,68.01,9.8,122.69,Pakistan,Debit Card
505142,10608,2026-06-11,P2223,Sports,3,139.99,12.1,369.15,Pakistan,Cash on Delivery
505984,10714,2026-07-14,P9820,Electronics,1,699.97,24.8,526.38,Pakistan,Cash on Delivery
506565,10784,2026-04-28,P2997,Beauty,5,25.1,22.4,97.39,United Kingdom,Bank Transfer
507804,10936,2026-05-16,P1114,Clothing,5,149.29,9.3,677.03,Pakistan,Debit Card
506943,10833,2026-08-10,P7949,Clothing,5,119.43,8.5,546.39,Pakistan,Cash on Delivery
502136,10244,2026-07-30,P4537,Beauty,4,65.12,10.8,232.35,United States,Bank Transfer
501065,10116,2026-03-30,P6104,Books,3,30.31,18.9,73.74,Pakistan,Bank Transfer
500600,10065,2026-08-08,P3793,Electronics,1,660.85,5.8,622.52,Pakistan,Digital Wallet
504227,10492,2026-06-25,P6109,Clothing,2,84.59,10.5,151.42,United States,Debit Card
507577,10903,2026-08-13,P9186,Electronics,3,273.9,2.2,803.62,United States,Cash on Delivery
500077,10010,2026-02-18,P3581,Beauty,2,60.57,20.8,95.94,United Kingdom,Digital Wallet
507546,10902,2026-07-01,P1550,Home & Kitchen,3,43.97,12.1,115.95,Australia,Bank Transfer
502898,10336,2026-08-03,P4097,Home & Kitchen,5,323.08,1.6,1589.55,Pakistan,Cash on Delivery
504820,10578,2026-01-30,P9107,Home & Kitchen,1,113.44,5.9,106.75,Pakistan,Digital Wallet
509302,11107,2026-08-06,P5433,Home & Kitchen,5,117.07,15.9,492.28,United Kingdom,Credit Card
506413,10769,2026-07-09,P6794,Clothing,5,96.17,11.3,426.51,Pakistan,Cash on Delivery
509064,11074,2026-08-02,P6569,Clothing,6,119.58,6.2,673.0,United States,Bank Transfer
508007,10959,2026-04-11,P4865,Electronics,2,313.14,2.3,611.88,Canada,Credit Card
505468,10645,2026-07-15,P7090,Sports,7,193.87,12.8,1183.38,Pakistan,Debit Card
505951,10708,2026-05-27,P4930,Electronics,1,141.49,21.6,110.93,United Kingdom,Bank Transfer
503391,10399,2026-04-16,P2339,Electronics,3,633.22,41.5,1111.3,Pakistan,Digital Wallet
505415,10640,2026-07-15,P9644,Home & Kitchen,5,289.23,21.6,1133.78,United Kingdom,Cash on Delivery
502560,10297,2026-05-17,P9074,Electronics,2,196.25,41.6,229.22,Pakistan,Digital Wallet
508162,10975,2026-08-10,P9021,Clothing,6,67.45,13.9,348.45,United States,Bank Transfer
502635,10306,2026-03-29,P1440,Sports,1,67.13,11.8,59.21,Pakistan,Debit Card
505256,10620,2026-08-08,P6842,Accessories,1,18.32,38.3,11.3,Pakistan,Bank Transfer
503530,10416,2026-01-10,P4520,Sports,3,221.17,11.2,589.2,United Kingdom,Digital Wallet
508567,11020,2026-08-09,P2505,Home & Kitchen,2,201.22,13.8,346.9,Pakistan,Digital Wallet
501908,10215,2026-06-06,P9164,Clothing,2,109.9,32.0,149.46,United States,Debit Card
500235,10024,2026-07-14,P2876,Clothing,4,155.2,16.9,515.88,Pakistan,Bank Transfer
501604,10174,2026-06-14,P9148,Books,2,18.86,0.4,37.57,Pakistan,Digital Wallet
507984,10957,2026-06-24,P5388,Beauty,1,51.92,8.1,47.71,Pakistan,Cash on Delivery
503490,10409,2025-09-17,P1537,Sports,2,42.62,4.6,81.32,United States,Digital Wallet
501994,10225,2026-05-15,P4157,Home & Kitchen,1,143.26,21.1,113.03,United States,Bank Transfer
502824,10331,2026-07-28,P6597,Beauty,3,48.24,18.1,118.53,United Kingdom,Cash on Delivery
509285,11106,2026-06-21,P4663,Accessories,2,110.91,11.8,195.65,Pakistan,Cash on Delivery
501342,10148,2025-11-28,P2242,Clothing,1,27.24,10.8,24.3,Pakistan,Debit Card
508512,11014,2026-08-04,P9901,Accessories,2,94.48,7.5,174.79,Pakistan,Debit Card
501619,10176,2026-07-19,P3371,Home & Kitchen,1,308.14,19.7,247.44,Pakistan,Bank Transfer
505287,10623,2026-08-11,P4470,Sports,2,98.32,11.2,174.62,Pakistan,Bank Transfer
502060,10235,2026-06-27,P1300,Beauty,1,97.75,19.2,78.98,United Kingdom,Credit Card
509955,11195,2026-08-09,P3168,Electronics,4,457.01,13.0,1590.39,Pakistan,Debit Card
502219,10255,2026-05-21,P2716,Clothing,2,179.89,17.0,298.62,United States,Bank Transfer
506038,10723,2026-06-21,P4455,Accessories,2,95.74,10.5,171.37,United States,Debit Card
500260,10027,2026-06-28,P1848,Home & Kitchen,3,258.12,6.5,724.03,Pakistan,Credit Card
509365,11113,2026-07-27,P4638,Electronics,2,689.75,21.8,1078.77,Pakistan,Bank Transfer
509093,11079,2026-06-23,P3146,Beauty,2,62.38,0.4,124.26,United States,Cash on Delivery
503744,10436,2026-03-10,P3499,Electronics,2,134.12,28.3,192.33,Pakistan,Debit Card
502026,10228,2026-07-22,P8887,Home & Kitchen,1,321.71,6.0,302.41,Pakistan,Digital Wallet
506988,10838,2026-08-06,P3013,Sports,4,227.72,17.3,753.3,United Kingdom,Debit Card
504234,10493,2026-04-28,P7346,Accessories,4,97.44,8.6,356.24,Pakistan,Debit Card
501917,10216,2026-08-01,P5623,Beauty,2,46.34,15.4,78.41,Pakistan,Debit Card
501828,10206,2026-08-01,P2407,Electronics,3,469.13,11.9,1239.91,United Kingdom,Bank Transfer
506233,10743,2026-07-26,P8703,Accessories,3,12.87,41.6,22.55,United States,Digital Wallet
509332,11110,2026-07-19,P4989,Sports,2,72.04,9.9,129.82,Pakistan,Debit Card
506283,10751,2026-08-06,P2936,Sports,6,232.48,4.3,1334.9,United States,Debit Card
504208,10488,2026-07-16,P6443,Home & Kitchen,4,113.88,17.8,374.44,Australia,Cash on Delivery
500224,10023,2026-08-09,P9119,Electronics,5,281.26,13.0,1223.48,United Kingdom,Credit Card
508915,11063,2026-06-26,P6078,Clothing,1,125.85,35.6,81.05,United States,Bank Transfer
506469,10773,2026-08-09,P2495,Clothing,3,162.71,0.7,484.71,Pakistan,Bank Transfer
509413,11120,2026-07-13,P8019,Beauty,4,144.13,6.5,539.05,Pakistan,Debit Card
500846,10090,2026-01-21,P1170,Sports,2,36.44,23.8,55.53,Pakistan,Cash on Delivery
504289,10502,2026-07-07,P4098,Sports,2,118.63,8.8,216.38,United Kingdom,Credit Card
505560,10657,2026-07-27,P6640,Accessories,2,63.77,7.4,118.1,Australia,Debit Card
502551,10295,2026-08-11,P7363,Accessories,6,73.13,6.6,409.82,Pakistan,Credit Card
500117,10013,2026-05-10,P4622,Clothing,3,42.96,41.1,75.91,Pakistan,Digital Wallet
508837,11050,2026-07-23,P3316,Electronics,7,289.63,5.4,1917.93,United States,Bank Transfer
505966,10709,2026-08-15,P6401,,5,116.35,23.5,445.04,United Kingdom,Digital Wallet
508195,10978,2026-08-08,P4604,Clothing,2,177.44,12.9,309.1,United Kingdom,Debit Card
508659,11033,2026-08-13,P7332,Books,5,52.67,2.6,256.5,Canada,Debit Card
507489,10897,2026-06-12,P8027,Books,1,66.14,22.2,51.46,Australia,Cash on Delivery
500005,10001,2026-07-26,P8175,Beauty,3,25.61,14.8,65.46,Pakistan,Bank Transfer
505342,10631,2026-07-18,P9807,Sports,2,90.48,15.9,152.19,Australia,Credit Card
509111,11081,2026-07-04,P8373,Beauty,1,76.96,30.5,53.49,Pakistan,Credit Card
504324,10509,2025-12-07,P2510,Clothing,1,166.57,9.6,150.58,Pakistan,Bank Transfer
501063,10115,2026-04-18,P2195,Clothing,1,143.44,15.5,121.21,Pakistan,Credit Card
502590,10300,2026-08-10,P6464,Clothing,2,27.6,4.9,52.5,United States,Debit Card
508434,11004,2026-07-09,P7687,Electronics,3,578.61,16.3,1452.89,Pakistan,Digital Wallet
503735,10435,2026-08-07,P4812,Books,2,26.85,14.4,45.97,United States,Digital Wallet
503517,10412,2026-03-01,P2606,Accessories,3,101.64,23.6,232.96,United States,Credit Card
506986,10838,2026-08-01,P4763,Clothing,1,76.33,14.2,65.49,United States,Cash on Delivery
506767,10816,2026-01-08,P2069,Beauty,3,46.32,9.6,125.62,Pakistan,Debit Card
505622,10667,2026-07-18,P3641,Clothing,4,142.64,20.5,453.6,United States,Bank Transfer
501605,10174,2026-07-19,P7624,Clothing,5,148.31,17.4,612.52,United Kingdom,Credit Card
501733,10191,2026-08-10,P1735,Beauty,3,68.12,12.3,179.22,Australia,Debit Card
509341,11111,2026-06-20,P5254,Accessories,3,43.66,16.6,109.24,Canada,Digital Wallet
503812,10440,2026-08-15,P2807,Clothing,3,175.95,9.9,475.59,Pakistan,Cash on Delivery
509624,11154,2026-07-19,P2707,Clothing,3,142.9,10.9,381.97,Australia,Credit Card
501761,10193,2026-04-13,P1691,Clothing,2,112.06,6.2,210.22,Pakistan,Cash on Delivery
505401,10639,2026-05-30,P1573,Electronics,5,260.38,13.7,1123.54,Australia,Bank Transfer
502739,10319,2026-07-21,P6327,Clothing,5,176.59,22.8,681.64,Pakistan,Credit Card
502472,10288,2026-02-26,P1315,Electronics,3,113.5,5.5,321.77,United States,Bank Transfer
506738,10812,2026-03-02,P3017,Sports,1,48.77,24.2,36.97,Pakistan,Credit Card
506891,10827,2026-08-14,P5227,Clothing,4,179.92,6.9,670.02,Canada,Credit Card
507943,10950,2026-06-27,P9484,Home & Kitchen,3,250.38,0.6,746.63,Canada,Credit Card
504206,10487,2026-08-09,P3373,Books,3,28.81,7.8,79.69,United States,Debit Card
506371,10763,2026-07-22,P7794,Electronics,4,509.77,7.4,1888.19,United Kingdom,Debit Card
500232,10024,2026-06-28,P6092,Electronics,4,89.94,13.3,311.91,Canada,Bank Transfer
508258,10984,2026-06-23,P3586,Electronics,3,182.29,4.5,522.26,United Kingdom,Bank Transfer
507561,10902,2026-07-27,P9486,Electronics,7,612.18,1.7,4212.41,United Kingdom,Debit Card
506168,10736,2025-12-22,P5444,Clothing,1,167.45,4.1,160.58,Pakistan,Cash on Delivery
503596,10423,2026-06-18,P2389,Clothing,7,100.26,12.7,612.69,United States,Bank Transfer
506288,10752,2026-02-24,P6243,Books,3,47.32,14.3,121.66,Pakistan,Cash on Delivery
504632,10556,2026-03-21,P9182,Books,3,61.86,2.9,180.2,Pakistan,Debit Card
500125,10014,2026-07-05,P2353,Electronics,5,588.16,15.1,2496.74,United States,Cash on Delivery
507641,10912,2026-08-07,P4264,Sports,3,179.43,9.3,488.23,United Kingdom,Bank Transfer
506229,10743,2026-06-26,P2727,Books,3,47.87,22.1,111.87,Australia,Debit Card
501296,10144,2026-04-24,P9258,Beauty,4,28.55,4.3,109.29,Pakistan,Bank Transfer
501976,10223,2026-07-10,P6606,Accessories,3,43.78,6.5,122.8,Pakistan,Digital Wallet
509480,11131,2026-05-16,P9352,Sports,3,34.42,44.3,57.52,Canada,Digital Wallet
509581,11144,2026-04-26,P1247,Books,3,49.82,17.1,123.9,United States,Cash on Delivery
505750,10684,2026-04-28,P5412,Clothing,3,169.77,11.3,451.76,Pakistan,Credit Card
508152,10975,2026-07-09,P2540,Sports,7,214.01,11.9,1319.8,Australia,Credit Card
503086,10366,2026-07-06,P6220,Accessories,5,105.18,8.5,481.2,Pakistan,Digital Wallet
509276,11105,2025-12-27,P6134,Home & Kitchen,3,293.16,23.2,675.44,United States,Credit Card
506882,10826,2026-01-02,P7499,Sports,2,165.18,9.4,299.31,Pakistan,Credit Card
509305,11107,2026-08-13,P4944,Sports,1,95.04,12.1,83.54,Pakistan,Credit Card
507673,10919,2025-12-28,P9955,Clothing,2,40.47,23.6,61.84,United States,Credit Card
503345,10393,2026-06-03,P9707,Electronics,2,395.7,6.1,743.12,United States,Credit Card
508172,10976,2026-07-15,P6336,Books,1,56.23,23.9,42.79,Australia,Debit Card
509421,11120,2026-07-26,P3326,Accessories,2,81.24,8.7,148.34,Australia,Credit Card
505870,10702,2026-07-17,P7957,Beauty,7,115.0,13.5,696.33,Pakistan,Credit Card
506506,10776,2026-07-17,P3295,Clothing,6,148.87,3.3,863.74,United States,Cash on Delivery
502797,10328,2026-04-13,P2262,Books,1,37.41,13.2,32.47,Pakistan,Cash on Delivery
500918,10099,2026-07-27,P5369,Electronics,7,295.77,6.2,1942.03,Pakistan,Credit Card
501646,10180,2026-07-11,P7019,Books,2,54.38,12.6,95.06,United States,Cash on Delivery
505122,10605,2026-08-11,P8977,Home & Kitchen,3,208.57,8.2,574.4,United Kingdom,Credit Card
505126,10607,2026-05-01,P7128,Accessories,1,20.74,3.0,20.12,United States,Credit Card
504621,10551,2026-07-02,P9129,Electronics,1,266.9,20.7,211.65,Pakistan,Digital Wallet
506809,10819,2026-08-03,P5294,Beauty,7,24.09,0.4,167.96,Pakistan,Cash on Delivery
500364,10038,2026-07-29,P9106,Clothing,7,107.06,5.3,709.7,Pakistan,Debit Card
502125,10244,2026-06-05,P3568,Electronics,1,671.42,11.1,596.89,Canada,Digital Wallet
508150,10975,2026-07-04,P4055,Sports,7,106.05,4.0,712.66,Pakistan,Credit Card
508717,11038,2026-05-10,P7575,Clothing,3,146.38,31.4,301.25,United Kingdom,Digital Wallet
500055,10006,2026-08-13,P2003,Sports,4,40.4,2.9,156.91,United Kingdom,Cash on Delivery
500638,10068,2026-05-21,P6756,Books,3,23.07,28.1,49.76,Pakistan,Debit Card
500302,10031,2025-10-08,P1847,Clothing,2,49.48,23.7,75.51,Pakistan,Digital Wallet
505811,10694,2026-06-11,P1591,Books,2,10.44,11.1,18.56,United States,Credit Card
501276,10140,2026-03-11,P4861,Clothing,3,40.49,9.9,109.44,Pakistan,Credit Card
504432,10521,2026-06-28,P4067,Clothing,3,28.16,0.9,83.72,Canada,Credit Card
503644,10428,2026-03-03,P4628,Home & Kitchen,2,131.22,10.6,234.62,United States,Bank Transfer
504143,10473,2026-08-10,P1761,Home & Kitchen,5,254.52,14.1,1093.16,Australia,Credit Card
502878,10335,2026-07-31,P8723,Home & Kitchen,5,318.39,3.0,1544.19,United Kingdom,Digital Wallet
506493,10776,2026-06-12,P3369,Books,2,13.96,5.5,26.38,Australia,Bank Transfer
505240,10619,2026-05-15,P6516,Home & Kitchen,2,340.65,26.4,501.44,Pakistan,Debit Card
509408,11120,2026-06-27,P5790,Electronics,4,483.46,6.8,1802.34,Pakistan,Cash on Delivery
506937,10833,2026-08-08,P2208,Books,5,20.41,14.9,86.84,United Kingdom,Debit Card
507240,10872,2026-04-28,P3377,Home & Kitchen,4,249.66,0.3,995.64,Pakistan,Debit Card
502593,10300,2026-08-12,P8099,Clothing,5,54.48,9.4,246.79,Pakistan,Credit Card
502393,10282,2026-06-03,P3798,Beauty,1,54.44,4.5,51.99,Pakistan,Credit Card
500523,10059,2026-08-07,P7310,Accessories,5,95.75,8.0,440.45,Pakistan,Cash on Delivery
506376,10764,2026-06-07,P5431,Home & Kitchen,3,185.91,27.1,406.59,Canada,Digital Wallet
506981,10838,2026-07-20,P5962,Sports,2,222.76,16.2,373.35,Pakistan,Digital Wallet
506677,10802,2026-07-15,P3257,Home & Kitchen,1,171.28,16.0,143.88,Pakistan,Digital Wallet
503900,10450,2026-08-08,P5403,Home & Kitchen,3,164.74,5.0,469.51,Canada,Credit Card
509634,11157,2026-07-18,P6228,Home & Kitchen,4,255.05,13.7,880.43,Canada,Credit Card
505585,10663,2026-05-23,P4576,Clothing,1,147.85,19.1,119.61,Pakistan,Bank Transfer
509360,11113,2026-06-17,P5059,Home & Kitchen,4,169.83,1.8,667.09,Australia,Credit Card
507956,10953,2026-05-15,P1941,Sports,1,147.1,20.8,116.5,United States,Cash on Delivery
507570,10903,2026-07-25,P5412,Clothing,5,110.96,15.7,467.7,Pakistan,Credit Card
506777,10818,2026-03-24,P8240,Home & Kitchen,3,81.56,22.2,190.36,United Kingdom,Cash on Delivery
500671,10071,2026-07-20,P4897,Sports,3,203.57,29.3,431.77,Pakistan,Digital Wallet
504188,10483,2026-05-23,P4925,Electronics,3,562.53,19.8,1353.45,Australia,Debit Card
500666,10069,2026-08-12,P2746,Electronics,3,123.18,13.3,320.39,United Kingdom,Debit Card
503266,10381,2026-06-06,P2474,Home & Kitchen,6,80.85,6.0,455.99,United Kingdom,Bank Transfer
501887,10210,2026-07-06,P4005,Beauty,1,56.08,11.4,49.69,United Kingdom,Digital Wallet
508472,11010,2026-06-07,P1237,Sports,3,191.97,4.4,550.57,Pakistan,Bank Transfer
509091,11079,2026-06-03,P1297,Sports,3,144.78,4.2,416.1,Australia,Digital Wallet
507687,10920,2026-07-08,P4754,Clothing,3,117.1,13.0,305.63,Canada,Cash on Delivery
506031,10722,2026-07-09,P7568,Sports,3,184.12,9.9,497.68,Canada,Credit Card
506090,10727,2026-07-29,P8521,,6,67.01,0.6,399.65,United Kingdom,Cash on Delivery
506238,10744,2026-06-05,P7486,Home & Kitchen,3,99.98,17.6,247.15,Pakistan,Cash on Delivery
507350,10883,2026-07-25,P4314,Home & Kitchen,4,260.16,12.8,907.44,United States,Digital Wallet
507830,10937,2026-07-12,P2085,Books,3,68.32,12.5,179.34,Pakistan,Cash on Delivery
500760,10079,2026-07-22,P8368,Beauty,2,43.92,21.3,69.13,Pakistan,Cash on Delivery
506254,10747,2026-05-21,P5802,Home & Kitchen,4,203.22,15.7,685.26,Pakistan,Bank Transfer
501906,10214,2026-07-27,P3763,Home & Kitchen,2,266.97,3.1,517.39,Pakistan,Credit Card
503818,10441,2026-05-24,P7041,Electronics,3,293.69,7.2,817.63,Australia,Cash on Delivery
506269,10750,2026-07-11,P5144,Books,1,49.89,17.7,41.06,Canada,Bank Transfer
504300,10504,2026-07-18,P3573,,2,136.94,25.2,204.86,Pakistan,Cash on Delivery
505569,10658,2026-07-31,P8238,Home & Kitchen,1,109.92,10.7,98.16,Pakistan,Debit Card
507941,10950,2026-04-21,P3392,Home & Kitchen,2,177.37,10.7,316.78,Australia,Cash on Delivery
504164,10477,2026-07-30,P9496,Beauty,7,44.51,3.2,301.6,United Kingdom,Digital Wallet
505971,10711,2026-05-26,P1875,Accessories,1,17.56,21.8,13.73,Pakistan,Bank Transfer
503579,10422,2026-03-25,P4450,Sports,3,191.54,28.0,413.73,United Kingdom,Bank Transfer
502832,10333,2026-07-20,P5644,Clothing,6,30.62,0.7,182.43,United States,Debit Card
505449,10644,2026-03-21,P8234,Beauty,4,89.79,5.7,338.69,United States,Digital Wallet
503472,10408,2026-07-11,P8301,Accessories,5,96.5,9.8,435.22,Pakistan,Bank Transfer
506327,10759,2026-01-10,P9455,Electronics,3,199.4,23.0,460.61,Pakistan,Credit Card
500137,10014,2026-08-14,P6428,Accessories,2,18.0,15.7,30.35,United Kingdom,Cash on Delivery
507043,10847,2026-06-10,P5867,Electronics,7,193.6,13.3,1174.96,United Kingdom,Debit Card
504892,10587,2026-07-14,P5705,Sports,7,163.12,2.6,1112.15,Pakistan,Digital Wallet
502180,10251,2026-06-28,P6782,Accessories,2,75.79,17.8,124.6,Canada,Bank Transfer
507730,10926,2026-08-12,P6701,Clothing,6,179.61,1.0,1066.88,United Kingdom,Debit Card
503177,10375,2026-07-22,P2547,Accessories,5,24.99,15.0,106.21,Pakistan,Digital Wallet
504854,10584,2026-06-23,P6560,Home & Kitchen,3,335.8,23.5,770.66,United Kingdom,Digital Wallet
504637,10557,2026-06-19,P7420,Electronics,6,161.74,10.8,865.63,United Kingdom,Bank Transfer
505115,10605,2026-07-09,P8066,Home & Kitchen,7,199.39,2.4,1362.23,Pakistan,Debit Card
507648,10913,2026-07-23,P9718,Home & Kitchen,2,75.02,5.9,141.19,Australia,Bank Transfer
504261,10497,2026-06-21,P9459,Clothing,1,132.41,9.9,119.3,Australia,Bank Transfer
501331,10146,2026-07-31,P3810,Sports,5,82.03,2.9,398.26,Canada,Digital Wallet
507002,10841,2026-07-09,P2804,Home & Kitchen,5,279.32,2.0,1368.67,Pakistan,Debit Card
506941,10833,2026-08-09,P8239,Accessories,3,83.25,13.7,215.53,Pakistan,Credit Card
508017,10960,2026-04-07,P9708,Accessories,2,28.71,19.7,46.11,Pakistan,Bank Transfer
506241,10745,2026-06-01,P6388,Beauty,5,49.16,3.1,238.18,United Kingdom,Bank Transfer
509987,11200,2026-06-16,P1858,Clothing,6,30.79,12.1,162.39,United Kingdom,Cash on Delivery
506881,10826,2025-10-24,P1309,Accessories,1,18.28,21.3,14.39,Australia,Cash on Delivery
504530,10536,2025-08-17,P7146,Clothing,3,49.42,23.6,113.27,United States,Debit Card
504673,10559,2026-05-07,P3998,Sports,2,169.38,40.0,203.26,United States,Digital Wallet
506996,10840,2025-12-18,P7682,Beauty,2,74.07,18.9,120.14,United States,Cash on Delivery
501252,10137,2026-07-11,P1370,Accessories,1,83.19,6.3,77.95,Pakistan,Debit Card
503374,10395,2026-07-29,P1604,Accessories,2,96.48,4.5,184.28,Pakistan,Digital Wallet
502814,10331,2026-03-28,P1194,,2,260.38,12.2,457.23,Australia,Digital Wallet
504719,10564,2026-07-15,P9141,Electronics,3,97.25,9.0,265.49,United States,Bank Transfer
506544,10779,2026-02-26,P4088,Home & Kitchen,3,252.45,40.9,447.59,United Kingdom,Bank Transfer
504858,10584,2026-07-05,P5483,Beauty,4,25.6,19.9,82.02,United Kingdom,Credit Card
507901,10945,2026-04-08,P6550,Clothing,4,44.82,15.3,151.85,United Kingdom,Digital Wallet
508580,11022,2026-05-21,P2609,Sports,2,67.43,10.4,120.83,United Kingdom,Debit Card
508427,11004,2026-05-13,P5778,Beauty,3,88.71,33.3,177.51,United States,Debit Card
501077,10118,2026-04-29,P3807,Clothing,1,75.44,24.3,57.11,Australia,Credit Card
504363,10515,2026-08-12,P5523,Clothing,5,77.8,13.6,336.1,United Kingdom,Digital Wallet
500770,10080,2026-07-12,P1757,Electronics,6,698.13,0.6,4163.65,Pakistan,Debit Card
508865,11054,2026-05-21,P5014,Beauty,2,61.26,25.4,91.4,United Kingdom,Cash on Delivery
500249,10026,2026-08-02,P9945,Accessories,2,42.44,44.0,47.53,United States,Debit Card
507239,10871,2026-08-04,P4533,Sports,3,106.17,21.4,250.35,Pakistan,Cash on Delivery
503419,10401,2026-07-17,P2763,Home & Kitchen,7,66.39,6.9,432.66,United States,Digital Wallet
504976,10591,2026-08-12,P3640,Electronics,4,231.81,12.8,808.55,United Kingdom,Cash on Delivery
504544,10538,2026-07-13,P5499,Sports,2,68.16,10.6,121.87,Australia,Digital Wallet
505565,10658,2026-06-10,P1082,Accessories,4,59.86,6.0,225.07,Pakistan,Bank Transfer
507939,10948,2026-01-02,P8679,Home & Kitchen,2,264.5,18.7,430.08,Australia,Credit Card
500716,10075,2026-06-10,P5077,Sports,2,176.7,41.8,205.68,United Kingdom,Digital Wallet
509652,11160,2026-07-18,P3379,Electronics,3,559.07,1.3,1655.41,Australia,Digital Wallet
502048,10232,2026-07-06,P4080,Sports,3,47.17,1.6,139.25,Pakistan,Cash on Delivery
505997,10717,2026-06-15,P1557,Clothing,3,83.33,40.5,148.74,United States,Credit Card
506600,10789,2026-05-24,P3187,Home & Kitchen,3,162.3,5.8,458.66,United States,Credit Card
507245,10872,2026-05-15,P3773,Books,5,27.34,16.7,113.87,United Kingdom,Cash on Delivery
504178,10480,2026-07-04,P3955,Home & Kitchen,3,218.45,5.0,622.58,United Kingdom,Cash on Delivery
504809,10577,2026-07-15,P4866,Sports,2,227.09,13.6,392.41,Pakistan,Credit Card
509482,11131,2026-05-30,P1487,Beauty,2,111.38,28.5,159.27,United States,Cash on Delivery
507140,10857,2026-07-31,P8737,Electronics,6,88.38,3.4,512.25,United Kingdom,Credit Card
507190,10864,2026-04-18,P6110,Electronics,2,688.09,16.0,1155.99,United States,Debit Card
501460,10160,2026-02-01,P7121,Accessories,3,52.72,36.7,100.12,United States,Debit Card
505989,10715,2026-08-05,P2247,Electronics,5,629.42,5.3,2980.3,Australia,Cash on Delivery
502000,10225,2026-07-18,P3862,Accessories,1,95.3,8.9,86.82,United States,Debit Card
508175,10977,2026-05-30,P7343,Beauty,3,58.28,4.5,166.97,Pakistan,Cash on Delivery
500404,10043,2026-07-12,P9536,Home & Kitchen,3,335.61,14.2,863.86,United States,Bank Transfer
500384,10041,2026-07-29,P7054,Electronics,3,246.12,2.3,721.38,United States,Bank Transfer
509448,11127,2026-08-09,P4853,Beauty,6,30.59,10.5,164.27,United Kingdom,Bank Transfer
509487,11131,2026-07-26,P5063,Electronics,3,335.37,37.1,632.84,Pakistan,Digital Wallet
501633,10178,2026-06-24,P5370,Books,1,75.43,7.4,69.85,Pakistan,Cash on Delivery
509853,11184,2025-10-27,P8795,Accessories,2,45.87,4.8,87.34,United Kingdom,Digital Wallet
504784,10573,2026-05-11,P6494,Clothing,2,50.94,7.4,94.34,Australia,Cash on Delivery
509456,11128,2026-06-19,P8566,Electronics,3,154.85,19.9,372.1,Pakistan,Bank Transfer
506970,10835,2026-05-28,P6727,Books,3,28.67,22.6,66.57,Pakistan,Digital Wallet
503925,10455,2026-08-05,P8400,Beauty,5,89.93,6.8,419.07,United Kingdom,Bank Transfer
504158,10477,2026-07-21,P1387,Clothing,3,69.67,4.2,200.23,United Kingdom,Cash on Delivery
507449,10891,2026-08-10,P5120,Home & Kitchen,3,273.03,39.8,493.09,Australia,Bank Transfer
508415,11002,2026-05-12,P1079,Clothing,3,20.05,13.8,51.85,Pakistan,Debit Card
502193,10252,2026-07-27,P5385,Accessories,2,119.58,3.2,231.51,Pakistan,Digital Wallet
501015,10108,2026-07-28,P8981,Home & Kitchen,1,256.33,20.2,204.55,Pakistan,Bank Transfer
505124,10606,2026-05-01,P6676,Home & Kitchen,2,102.03,11.4,180.8,United Kingdom,Credit Card
507418,10889,2026-08-10,P8924,Clothing,3,61.81,7.8,170.97,United States,Digital Wallet
507409,10888,2026-08-15,P8626,Home & Kitchen,5,211.11,21.3,830.72,Australia,Bank Transfer
508989,11070,2026-05-22,P8421,Home & Kitchen,3,346.55,0.3,1036.53,Pakistan,Credit Card
502871,10335,2026-07-01,P3022,Electronics,4,427.46,9.3,1550.82,Pakistan,Digital Wallet
500009,10001,2026-08-04,P7065,Home & Kitchen,2,244.18,23.4,374.08,Pakistan,Cash on Delivery
501838,10206,2026-08-08,P2132,Books,2,44.4,8.7,81.07,Pakistan,Digital Wallet
504804,10577,2026-07-02,P9825,Sports,4,199.83,1.5,787.33,Pakistan,Digital Wallet
500255,10027,2026-06-01,P5992,Home & Kitchen,2,201.37,6.3,377.37,United Kingdom,Credit Card
507026,10845,2026-07-17,P7955,Clothing,5,64.38,11.0,286.49,Canada,Credit Card
505713,10679,2026-03-10,P2288,Accessories,1,117.8,23.5,90.12,Canada,Digital Wallet
503324,10388,2026-07-10,P6051,Home & Kitchen,5,186.27,5.3,881.99,United Kingdom,Credit Card
507714,10924,2026-06-05,P1956,Beauty,2,75.29,20.2,120.16,Pakistan,Digital Wallet
501581,10172,2026-06-29,P1333,Electronics,5,618.58,14.2,2653.71,Australia,Credit Card
500924,10100,2026-07-15,P7583,Home & Kitchen,5,69.46,0.2,346.61,Pakistan,Bank Transfer
502779,10324,2026-06-28,P1443,Clothing,5,122.56,21.5,481.05,Pakistan,Cash on Delivery
507891,10944,2026-04-17,P7762,Clothing,1,120.67,30.8,83.5,Pakistan,Credit Card
506132,10732,2026-07-26,P7156,Clothing,2,49.07,21.6,76.94,Pakistan,Debit Card
505320,10629,2026-05-28,P6400,Home & Kitchen,4,325.58,1.4,1284.09,United Kingdom,Bank Transfer
507312,10879,2026-08-07,P7871,Electronics,2,286.98,3.9,551.58,Australia,Credit Card
507102,10855,2026-06-23,P5431,Home & Kitchen,4,328.36,0.9,1301.62,United States,Credit Card
506042,10723,2026-07-09,P5008,Accessories,4,31.11,14.8,106.02,United Kingdom,Credit Card
503775,10437,2026-07-30,P5389,Clothing,2,26.6,1.8,52.24,Pakistan,Digital Wallet
504835,10580,2026-08-08,P3296,Accessories,3,43.91,16.7,109.73,,Debit Card
504964,10590,2026-07-02,P2500,Clothing,1,20.62,12.9,17.96,United Kingdom,Debit Card
500539,10061,2026-07-01,P4741,Home & Kitchen,2,125.38,7.5,231.95,Pakistan,Cash on Delivery
507483,10896,2026-08-07,P3641,Clothing,1,100.51,5.5,94.98,United States,Bank Transfer
502745,10319,2026-08-11,P4998,Beauty,4,31.65,23.7,96.6,Pakistan,Bank Transfer
503719,10435,2026-07-30,P3967,Accessories,3,104.76,12.5,275.0,United Kingdom,Bank Transfer
506819,10820,2026-07-10,P3638,Sports,1,198.53,13.4,171.93,Pakistan,Credit Card
509337,11111,2026-05-03,P1659,Beauty,2,63.59,43.0,72.49,United States,Credit Card
504468,10526,2025-12-03,P5482,Books,1,79.5,9.4,72.03,Canada,Credit Card
500667,10069,2026-08-14,P4718,Electronics,6,167.49,0.4,1000.92,Pakistan,Credit Card
507575,10903,2026-08-05,P7720,Clothing,1,104.39,1.0,103.35,United States,Digital Wallet
508549,11020,2026-07-17,P2856,Accessories,5,25.88,0.4,128.88,Pakistan,Cash on Delivery
505063,10601,2026-07-28,P7549,Sports,1,117.64,13.2,102.11,Pakistan,Cash on Delivery
501353,10149,2026-07-03,P7878,Sports,2,234.81,4.1,450.37,Pakistan,Bank Transfer
507114,10855,2026-08-05,P9408,Beauty,3,141.25,20.9,335.19,Pakistan,Credit Card
509773,11171,2026-04-29,P6959,Books,2,15.91,13.1,27.65,Australia,Cash on Delivery
508662,11034,2026-07-06,P7001,Books,2,40.01,0.8,79.38,United Kingdom,Debit Card
502703,10313,2026-08-11,P4960,Electronics,4,317.51,11.9,1118.91,Pakistan,Cash on Delivery
503330,10389,2026-07-05,P3768,Accessories,1,37.55,15.7,31.65,United Kingdom,Bank Transfer
508053,10963,2026-08-08,P5353,Beauty,4,138.8,10.6,496.35,United States,Debit Card
503584,10422,2026-05-08,P9103,Beauty,1,140.94,35.3,91.19,United States,Cash on Delivery
509441,11125,2026-07-22,P5859,Clothing,2,114.15,11.8,201.36,Pakistan,Debit Card
505645,10670,2026-05-30,P1926,Sports,2,33.07,20.4,52.65,Pakistan,Bank Transfer
503376,10396,2026-02-05,P2069,Clothing,3,121.52,16.6,304.04,Pakistan,Debit Card
501256,10138,2026-03-25,P2156,Sports,3,187.26,16.5,469.09,Canada,Cash on Delivery
506190,10739,2026-06-09,P7669,Sports,2,127.18,22.1,198.15,Pakistan,Debit Card
505348,10631,2026-08-10,P6149,Home & Kitchen,2,129.26,29.0,183.55,United States,Cash on Delivery
504175,10478,2026-06-13,P2056,Accessories,1,105.09,0.9,104.14,United States,Bank Transfer
504910,10588,2026-06-26,P5634,Clothing,7,69.85,6.5,457.17,Pakistan,Debit Card
501852,10207,2026-06-25,P1136,Books,2,70.73,2.0,138.63,United Kingdom,Digital Wallet
506316,10756,2026-07-19,P2121,Beauty,1,127.61,30.9,88.18,United Kingdom,Cash on Delivery
509854,11184,2025-12-11,P7945,Home & Kitchen,3,177.12,5.9,500.01,Australia,Credit Card
502105,10239,2026-06-08,P5733,Clothing,2,144.3,8.7,263.49,Australia,Bank Transfer
500133,10014,2026-07-31,P3226,Accessories,4,20.03,1.9,78.6,Pakistan,Credit Card
505029,10599,2026-07-20,P3057,Clothing,2,55.71,16.6,92.92,Pakistan,Credit Card
500928,10100,2026-07-19,P1559,Clothing,4,78.6,13.5,271.96,Canada,Bank Transfer
500823,10085,2026-06-26,P1309,Clothing,1,46.74,13.4,40.48,Pakistan,Bank Transfer
507576,10903,2026-08-12,P3329,Home & Kitchen,4,102.46,8.4,375.41,U.S.A.,Bank Transfer
501531,10167,2026-07-09,P6442,Electronics,2,223.31,21.5,350.6,Pakistan,Cash on Delivery
501214,10133,2026-07-09,P6003,Home & Kitchen,5,281.13,1.2,1388.78,United Kingdom,Credit Card
500504,10057,2026-08-14,P2789,Electronics,5,136.38,11.3,604.85,United Kingdom,Bank Transfer
506530,10778,2026-01-25,P2974,Home & Kitchen,3,348.18,34.1,688.35,Pakistan,Debit Card
503072,10362,2026-05-09,P3060,Sports,3,107.16,17.4,265.54,United Kingdom,Cash on Delivery
509086,11078,2026-05-05,P3693,Accessories,3,77.04,0.6,229.73,Australia,Digital Wallet
508647,11031,2026-08-02,P2120,Home & Kitchen,2,71.98,8.8,131.29,United States,Digital Wallet
506619,10792,2026-06-26,P9331,Beauty,1,30.74,20.8,24.35,Pakistan,Bank Transfer
509273,11104,2026-03-28,P8612,Accessories,3,77.73,11.9,205.44,Pakistan,Digital Wallet
503709,10434,2026-07-13,P1299,Clothing,3,45.16,5.8,127.62,Pakistan,Credit Card
504849,10584,2026-05-21,P3663,Accessories,5,84.69,23.9,322.25,Pakistan,Credit Card
504748,10566,2026-04-23,P4628,Home & Kitchen,2,295.81,12.9,515.3,United Kingdom,Debit Card
504268,10498,2026-07-28,P9933,Electronics,7,612.37,4.3,4102.27,Pakistan,Debit Card
509878,11188,2026-07-16,P4692,Clothing,5,109.48,11.1,486.64,Canada,Credit Card
508905,11061,2025-11-29,P9236,Clothing,2,66.58,2.4,129.96,Pakistan,Bank Transfer
504186,10483,2026-05-03,P5018,Electronics,1,413.63,1.4,407.84,United Kingdom,Digital Wallet
505301,10626,2026-06-24,P3692,Accessories,5,117.89,18.7,479.22,United Kingdom,Debit Card
502923,10340,2026-07-10,P5655,Accessories,5,96.87,11.0,431.07,United Kingdom,Credit Card
506588,10786,2026-01-16,P1098,Electronics,3,466.67,2.6,1363.61,Pakistan,Digital Wallet
501810,10202,2026-06-26,P7121,Accessories,6,92.52,9.5,502.38,Canada,Debit Card
503486,10408,2026-08-12,P5680,Home & Kitchen,6,235.86,2.3,1382.61,United Kingdom,Debit Card
507419,10889,2026-08-10,P2133,Sports,7,53.74,12.3,329.91,Australia,Cash on Delivery
503141,10371,2026-08-11,P3655,Clothing,4,58.33,11.3,206.95,Pakistan,Bank Transfer
509347,11112,2026-05-03,P3261,Sports,2,77.31,24.3,117.05,United Kingdom,Digital Wallet
501324,10146,2026-07-14,P3134,Sports,5,145.9,10.9,649.98,United Kingdom,Bank Transfer
504312,10506,2026-08-06,P6441,Sports,2,199.78,19.5,321.65,Pakistan,Credit Card
507494,10897,2026-08-04,P4024,Clothing,4,96.75,5.3,366.49,Canada,Cash on Delivery
508702,11035,2026-08-15,P5169,Electronics,7,150.82,5.0,1002.95,Australia,Digital Wallet
508691,11035,2026-07-18,P2749,Clothing,3,143.91,13.2,374.74,Pakistan,Cash on Delivery
509503,11133,2026-07-12,P8546,Clothing,2,131.84,8.5,241.27,Pakistan,Digital Wallet
505541,10656,2026-06-29,P9548,Clothing,5,39.42,7.2,182.91,Australia,Bank Transfer
506172,10737,2026-07-13,P3793,Sports,5,82.19,2.9,399.03,Pakistan,Cash on Delivery
501540,10168,2026-07-30,P6351,Accessories,5,29.88,3.4,144.32,Canada,Cash on Delivery
509409,11120,2026-07-01,P5640,Clothing,6,145.27,10.3,781.84,United States,Credit Card
502681,10312,2026-07-23,P9387,Accessories,2,78.31,8.3,143.62,United Kingdom,Credit Card
509882,11188,2026-07-22,P7478,Beauty,2,33.85,5.0,64.31,Australia,Debit Card
506313,10755,2026-07-29,P5606,Electronics,6,525.49,11.9,2777.74,United Kingdom,Cash on Delivery
501191,10130,2026-05-14,P4656,Home & Kitchen,2,69.64,14.4,119.22,Pakistan,Cash on Delivery
505293,10625,2026-05-28,P3221,Sports,2,171.31,0.2,341.93,Canada,Bank Transfer
501542,10168,2026-08-03,P4642,Clothing,1,36.39,6.3,34.1,Pakistan,Credit Card
507056,10848,2025-12-25,P6831,Clothing,1,37.75,20.2,30.12,United States,Debit Card
502539,10294,2026-07-21,P1693,Accessories,4,38.66,6.1,145.21,Pakistan,Cash on Delivery
500953,10101,2026-06-23,P8664,Books,7,17.11,14.5,102.4,United Kingdom,Bank Transfer
507241,10872,2026-05-01,P9254,Sports,2,89.04,2.0,174.52,Australia,Bank Transfer
506731,10810,2026-08-08,P8504,Beauty,4,83.5,7.6,308.62,Australia,Credit Card
504846,10583,2026-05-19,P1879,Home & Kitchen,3,329.93,14.5,846.27,United Kingdom,Cash on Delivery
506801,10819,2026-07-10,P4673,Clothing,7,70.56,11.7,436.13,Pakistan,Credit Card
508010,10959,2026-06-16,P2310,Sports,2,97.31,12.7,169.9,Pakistan,Digital Wallet
504330,10510,2026-06-19,P8501,Beauty,1,26.58,29.7,18.69,Canada,Credit Card
508924,11066,2026-07-03,P6165,Clothing,3,149.74,41.8,261.45,Pakistan,Digital Wallet
505334,10630,2026-07-03,P4505,Beauty,1,101.48,18.2,83.01,United States,Cash on Delivery
507330,10881,2026-04-02,P8190,Electronics,5,318.75,17.7,1311.66,United Kingdom,Credit Card
509348,11112,2026-05-07,P7723,Home & Kitchen,4,152.86,12.4,535.62,United Kingdom,Bank Transfer
504729,10564,2026-08-05,P7436,Sports,6,57.59,3.2,334.48,Pakistan,Credit Card
506541,10778,2026-07-20,P6958,Accessories,3,20.0,35.3,38.82,Pakistan,Digital Wallet
505305,10626,2026-07-21,P3806,Sports,5,223.47,19.3,901.7,Pakistan,Cash on Delivery
505161,10610,2026-07-05,P3150,Beauty,2,78.14,17.1,129.56,United States,Bank Transfer
507860,10939,2026-07-25,P4551,Sports,5,200.1,11.3,887.44,United States,Digital Wallet
502156,10246,2026-03-07,P8501,Clothing,1,153.73,24.5,116.07,Australia,Digital Wallet
501062,10115,2026-04-07,P6083,Beauty,2,36.9,6.4,69.08,United States,Debit Card
501167,10129,2026-07-31,P4708,Beauty,4,125.41,1.0,496.62,Australia,Digital Wallet
503636,10425,2026-08-01,P8086,Accessories,5,46.39,8.5,212.23,United Kingdom,Debit Card
507651,10915,2026-04-26,P3845,Clothing,2,87.46,4.0,167.92,United Kingdom,Cash on Delivery
505588,10663,2026-06-22,P1186,Books,2,38.6,21.3,60.76,Pakistan,Credit Card
507192,10865,2026-06-27,P1585,Beauty,2,75.33,22.4,116.91,United Kingdom,Cash on Delivery
504491,10529,2026-07-13,P3588,Home & Kitchen,2,319.84,5.9,601.94,Pakistan,Bank Transfer
507266,10875,2026-08-06,P5717,Home & Kitchen,7,33.99,12.7,207.71,United Kingdom,Digital Wallet
504980,10591,2026-08-14,P3790,Home & Kitchen,7,118.61,5.6,783.77,Pakistan,Cash on Delivery
508335,10993,2026-06-11,P2875,Home & Kitchen,5,144.91,15.5,612.24,Pakistan,Cash on Delivery
509952,11195,2026-08-02,P3085,Beauty,4,69.22,13.5,239.5,Australia,Debit Card
504946,10589,2026-08-11,P1376,Sports,7,70.03,7.1,455.41,Pakistan,Debit Card
502782,10324,2026-07-04,P5587,Home & Kitchen,2,301.15,9.3,546.29,Pakistan,Cash on Delivery
500717,10075,2026-06-14,P9954,Books,3,48.01,28.7,102.69,United Kingdom,Debit Card
502502,10291,2026-07-22,P4198,Home & Kitchen,4,66.75,2.7,259.79,Pakistan,Credit Card
504360,10515,2026-08-10,P6565,Books,6,22.66,1.1,134.46,United Kingdom,Bank Transfer
504171,10477,2026-08-09,P6003,Clothing,7,116.48,13.6,704.47,Pakistan,Digital Wallet
508082,10966,2026-05-09,P5668,Sports,5,227.07,21.5,891.25,Pakistan,Cash on Delivery
509760,11169,2026-08-15,P6380,Clothing,3,170.96,4.7,488.77,United Kingdom,Bank Transfer
500395,10042,2026-07-26,P8490,Electronics,3,321.45,17.9,791.73,Australia,Debit Card
507186,10862,2026-06-18,P1695,Beauty,1,17.4,6.7,16.23,United Kingdom,Cash on Delivery
509822,11178,2026-08-03,P1857,Home & Kitchen,7,180.31,5.7,1190.23,United States,Bank Transfer
504492,10529,2026-07-16,P6876,Electronics,7,530.57,8.7,3390.87,Pakistan,Bank Transfer
501365,10150,2026-06-16,P8872,Clothing,5,173.75,7.8,800.99,United Kingdom,Credit Card
509526,11134,2026-07-07,P2326,Books,4,68.57,19.6,220.52,Pakistan,Debit Card
508787,11043,2026-07-10,P4986,Beauty,3,93.77,7.7,259.65,United Kingdom,Digital Wallet
505917,10705,2026-08-05,P2418,Clothing,5,67.18,1.6,330.53,Pakistan,Bank Transfer
504968,10591,2026-08-07,P9339,Beauty,4,72.88,14.2,250.12,United States,Cash on Delivery
502914,10338,2026-06-02,P2373,Clothing,3,120.78,33.9,239.51,Australia,Digital Wallet
505644,10670,2026-05-17,P3729,Home & Kitchen,1,69.56,16.7,57.94,United States,Cash on Delivery
503766,10437,2026-07-07,P9337,Beauty,3,105.46,9.9,285.06,Pakistan,Debit Card
503440,10405,2026-03-24,P9628,Clothing,2,20.95,19.5,33.73,Pakistan,Debit Card
507357,10883,2026-08-02,P2618,Sports,4,132.28,12.8,461.39,Pakistan,Bank Transfer
506806,10819,2026-07-26,P1864,Home & Kitchen,7,61.27,6.2,402.3,United States,Credit Card
502143,10245,2026-07-22,P7444,Accessories,4,47.76,10.5,170.98,United States,Digital Wallet
505104,10604,2026-08-03,P4268,Accessories,5,93.57,11.2,415.45,Canada,Credit Card
505073,10602,2026-07-15,P1061,Books,5,16.36,5.1,77.63,United Kingdom,Cash on Delivery
501571,10171,2026-05-11,P7171,Electronics,3,158.9,6.0,448.1,United Kingdom,Bank Transfer
504079,10469,2026-06-26,P6579,Home & Kitchen,4,39.08,6.1,146.78,United Kingdom,Digital Wallet
501122,10124,2026-06-27,P6367,Beauty,6,40.4,12.1,213.07,U.S.A.,Credit Card
502786,10325,2026-03-14,P8495,Accessories,2,110.58,7.0,205.68,Canada,Credit Card
502967,10348,2026-07-04,P9652,Home & Kitchen,3,65.98,13.0,172.21,United Kingdom,Cash on Delivery
502504,10291,2026-07-31,P8768,Accessories,5,77.06,11.1,342.53,United States,Credit Card
505988,10715,2026-08-04,P6662,Beauty,4,60.06,1.3,237.12,Pakistan,Cash on Delivery
508867,11054,2026-07-08,P1046,Books,3,60.75,40.9,107.71,Pakistan,Digital Wallet
507164,10860,2026-08-11,P3616,Home & Kitchen,6,284.23,5.5,1611.58,Pakistan,Cash on Delivery
500728,10076,2026-07-14,P1043,Home & Kitchen,1,259.51,37.3,162.71,Canada,Credit Card
507587,10907,2026-05-14,P5085,Sports,2,221.07,34.1,291.37,United Kingdom,Digital Wallet
507543,10901,2026-08-10,P5219,Clothing,3,59.97,10.5,161.02,Pakistan,Digital Wallet
500412,10045,2026-07-16,P3803,Home & Kitchen,2,80.21,9.7,144.86,United States,Debit Card
505745,10683,2026-07-23,P3925,Beauty,4,59.27,0.6,235.66,Pakistan,Credit Card
507668,10917,2026-07-21,P1754,Beauty,5,121.68,17.8,500.1,Pakistan,Cash on Delivery
500825,10086,2026-07-18,P2953,Accessories,3,95.49,15.6,241.78,United Kingdom,Bank Transfer
503267,10381,2026-06-18,P6964,Sports,3,88.85,9.9,240.16,United States,Credit Card
503974,10459,2026-08-11,P1061,Clothing,2,91.14,5.5,172.25,United States,Bank Transfer
508808,11047,2026-07-14,P7254,Clothing,3,51.66,8.1,142.43,Pakistan,Bank Transfer
508306,10989,2026-07-24,P1228,Beauty,4,127.75,9.6,461.94,Pakistan,Cash on Delivery
500417,10045,2026-07-30,P5607,Sports,4,245.93,22.1,766.32,Australia,Cash on Delivery
506748,10813,2026-07-28,P4815,Sports,5,82.21,8.4,376.52,Canada,Cash on Delivery
508967,11068,2026-08-11,P2950,Sports,3,128.71,9.5,349.45,Australia,Digital Wallet
502082,10237,2026-07-26,P8907,Sports,1,218.43,10.1,196.37,Australia,Digital Wallet
508945,11067,2026-08-08,P5691,Clothing,2,52.18,18.6,84.95,Pakistan,Credit Card
503373,10395,2026-07-27,P5991,Accessories,3,66.55,24.2,151.33,Pakistan,Bank Transfer
505726,10682,2026-07-22,P8555,Beauty,3,119.45,8.0,329.68,Australia,Bank Transfer
504107,10471,2026-08-12,P3231,Clothing,2,168.3,0.6,334.58,Pakistan,Digital Wallet
504380,10516,2026-08-08,P3143,Beauty,2,59.22,2.2,115.83,Canada,Debit Card
507723,10925,2025-12-06,P9791,Beauty,1,54.85,9.0,49.91,Canada,Digital Wallet
501066,10117,2026-02-16,P9462,Clothing,1,112.85,21.3,88.81,United Kingdom,Debit Card
503913,10451,2026-07-09,P3180,Sports,1,107.16,43.0,61.08,United States,Credit Card
505536,10656,2026-06-11,P6222,Accessories,6,23.01,13.0,120.11,United Kingdom,Credit Card
508002,10958,2026-08-14,P1452,Electronics,2,209.65,9.5,379.47,Pakistan,Cash on Delivery
505387,10638,2026-07-12,P6781,Accessories,4,118.43,21.6,371.4,Pakistan,Debit Card
505732,10682,2026-08-01,P5832,Home & Kitchen,1,348.83,18.3,284.99,United Kingdom,Cash on Delivery
502738,10319,2026-07-14,P8693,Home & Kitchen,4,191.27,8.9,696.99,Canada,Credit Card
505052,10600,2026-08-13,P8759,Accessories,5,111.57,9.0,507.64,United States,Bank Transfer
504000,10460,2026-08-02,P5180,Electronics,7,542.1,13.1,3297.59,Canada,Credit Card
502427,10284,2026-07-24,P1101,Home & Kitchen,5,127.48,1.9,625.29,Australia,Bank Transfer
506833,10822,2026-08-03,P2437,Clothing,6,55.54,13.3,288.92,Pakistan,Debit Card
501687,10183,2026-02-28,P8855,Accessories,2,36.93,12.0,65.0,Pakistan,Debit Card
500851,10091,2026-06-25,P6807,Sports,2,236.22,13.8,407.24,Pakistan,Cash on Delivery
506303,10755,2026-06-01,P8851,Sports,3,121.98,13.5,316.54,United States,Debit Card
509087,11078,2026-05-27,P5084,Clothing,2,68.61,3.5,132.42,United Kingdom,Debit Card
505878,10702,2026-07-30,P4312,Beauty,3,101.27,0.5,302.29,Pakistan,Cash on Delivery
508527,11015,2026-07-17,P1692,Clothing,1,179.44,28.0,129.2,Canada,Bank Transfer
502839,10333,2026-08-07,P1775,Clothing,4,178.12,3.2,689.68,Australia,Bank Transfer
504611,10550,2026-03-26,P3007,Electronics,2,616.33,27.1,898.61,United Kingdom,Debit Card
509540,11136,2026-06-22,P9246,Electronics,4,340.97,7.8,1257.5,Australia,Bank Transfer
509207,11096,2026-07-01,P9838,Clothing,2,142.91,10.4,256.09,United States,Debit Card
502489,10291,2026-06-15,P3297,Electronics,2,426.8,13.4,739.22,Australia,Bank Transfer
506905,10828,2026-07-05,P7243,Accessories,3,95.46,11.7,252.87,Pakistan,Credit Card
507390,10886,2026-06-08,P5571,Clothing,3,83.99,19.2,203.59,United Kingdom,Debit Card
502849,10334,2026-08-04,P5208,,4,246.52,7.6,911.14,Pakistan,Digital Wallet
506665,10801,2026-06-26,P4045,Electronics,1,495.46,22.4,384.48,United States,Digital Wallet
505881,10702,2026-08-06,P9054,Home & Kitchen,6,202.48,11.4,1076.38,Pakistan,Debit Card
504452,10524,2026-04-15,P3303,Home & Kitchen,1,250.58,43.6,141.33,Pakistan,Debit Card
507421,10889,2026-08-10,P4778,Home & Kitchen,3,48.88,14.1,125.96,Pakistan,Digital Wallet
506484,10775,2026-05-14,P3225,Accessories,1,14.39,24.4,10.88,Pakistan,Credit Card
502479,10289,2026-05-24,P6196,Electronics,3,595.56,13.1,1552.62,Australia,Cash on Delivery
506617,10791,2026-08-09,P1232,Home & Kitchen,2,119.0,15.6,200.87,Canada,Digital Wallet
502141,10245,2026-07-19,P4909,Accessories,5,31.9,9.7,144.03,Pakistan,Debit Card
505188,10614,2026-06-12,P2488,Electronics,4,561.99,2.5,2191.76,Pakistan,Credit Card
509704,11163,2026-07-03,P4268,Sports,5,45.26,13.5,195.75,United States,Digital Wallet
502744,10319,2026-08-07,P8410,Sports,1,158.13,6.2,148.33,Pakistan,Cash on Delivery
507253,10872,2026-07-17,P7127,Sports,4,175.43,8.8,639.97,United States,Cash on Delivery
503506,10411,2026-07-02,P7663,Beauty,3,118.54,12.6,310.81,United States,Bank Transfer
501679,10182,2026-07-27,P7582,Books,3,27.05,10.3,72.79,United States,Bank Transfer
504249,10494,2026-06-26,P7262,Accessories,5,100.49,9.5,454.72,Pakistan,Debit Card
503147,10372,2026-07-28,P5030,Books,7,16.04,4.8,106.89,Pakistan,Cash on Delivery
508130,10973,2026-06-14,P7500,Clothing,2,74.35,43.2,84.46,Canada,Credit Card
507004,10841,2026-07-13,P9457,Sports,6,180.58,11.1,963.21,USA,Digital Wallet
500580,10064,2026-07-06,P7010,Sports,4,194.5,2.8,756.22,United States,Credit Card
504070,10467,2026-06-26,P3316,Electronics,2,378.63,20.6,601.26,United Kingdom,Credit Card
503343,10392,2026-05-03,P2146,Beauty,1,22.0,10.1,19.78,Pakistan,Cash on Delivery
507404,10888,2026-07-15,P3064,Beauty,1,102.39,18.3,83.65,Pakistan,Digital Wallet
503672,10430,2026-08-12,P3666,Electronics,3,94.14,5.1,268.02,Australia,Debit Card
500559,10062,2026-07-08,P2184,Accessories,2,40.39,5.6,76.26,United States,Debit Card
505237,10619,2026-04-30,P3153,Beauty,3,42.12,37.8,78.6,Pakistan,Debit Card
507805,10936,2026-05-17,P5161,Home & Kitchen,5,267.3,20.3,1065.19,United Kingdom,Credit Card
500512,10058,2026-08-10,P5477,Clothing,2,64.88,6.8,120.94,Canada,Cash on Delivery
501081,10118,2026-06-23,P5029,Sports,3,174.48,7.5,484.18,Pakistan,Bank Transfer
501664,10181,2026-04-18,P7200,Home & Kitchen,5,289.12,0.7,1435.48,United States,Credit Card
509204,11095,2026-08-10,P5837,Books,5,17.23,2.1,84.34,Pakistan,Digital Wallet
501931,10217,2026-06-03,P7228,Beauty,1,79.26,5.9,74.58,United States,Debit Card
509666,11160,2026-08-08,P7616,Sports,2,137.64,9.8,248.3,Canada,Digital Wallet
501150,10127,2026-04-01,P6264,Electronics,3,586.28,22.5,1363.1,Pakistan,Cash on Delivery
502838,10333,2026-08-05,P8559,Accessories,2,68.71,9.9,123.82,Pakistan,Cash on Delivery
505949,10707,2026-08-12,P4994,Books,2,34.45,5.7,64.97,United States,Cash on Delivery
508308,10989,2026-08-13,P4363,Home & Kitchen,5,310.65,24.0,1180.47,United States,Digital Wallet
508932,11066,2026-08-08,P5647,Sports,3,211.53,15.4,536.86,United States,Cash on Delivery
509788,11174,2026-06-04,P9286,Books,4,53.43,12.0,188.07,Pakistan,Debit Card
505177,10612,2026-06-22,P8165,Home & Kitchen,1,275.35,21.8,215.32,Australia,Digital Wallet
500830,10086,2026-08-14,P1131,Accessories,2,82.95,17.1,137.53,Pakistan,Credit Card
508311,10990,2026-03-10,P4376,Electronics,2,216.68,15.2,367.49,Pakistan,Debit Card
504752,10567,2026-04-22,P8239,Books,5,24.89,9.9,112.13,United Kingdom,Bank Transfer
509850,11182,2026-08-06,P1952,Beauty,4,42.06,16.6,140.31,United States,Bank Transfer
500635,10068,2026-04-25,P4675,Accessories,1,25.25,18.4,20.6,United States,Bank Transfer
504465,10525,2026-08-02,P2023,Electronics,3,480.95,39.2,877.25,Pakistan,Cash on Delivery
506799,10819,2026-07-08,P4429,Clothing,4,84.79,4.1,325.25,United States,Debit Card
507987,10958,2026-08-04,P3352,Clothing,5,90.1,12.9,392.39,Pakistan,Cash on Delivery
507079,10852,2026-02-06,P4469,Beauty,2,65.06,34.1,85.75,Canada,Bank Transfer
506966,10834,2026-08-13,P8376,Electronics,4,146.09,11.6,516.57,Pakistan,Cash on Delivery
504142,10473,2026-08-04,P1233,Home & Kitchen,2,233.22,13.4,403.94,United Kingdom,Bank Transfer
507027,10845,2026-07-17,P5174,Books,2,58.11,11.4,102.97,Pakistan,Digital Wallet
509183,11091,2025-12-08,P5689,Clothing,3,147.14,2.5,430.38,Pakistan,Digital Wallet
500876,10093,2026-04-14,P8711,Clothing,1,100.34,17.4,82.88,United States,Debit Card
504869,10586,2026-05-26,P7745,Electronics,5,648.15,19.1,2621.77,United Kingdom,Bank Transfer
505315,10628,2026-05-22,P2624,Beauty,3,65.58,22.1,153.26,Australia,Bank Transfer
505222,10618,2026-08-03,P1448,Beauty,4,30.72,24.8,92.41,Pakistan,Credit Card
500004,10001,2026-07-22,P3789,Accessories,2,80.29,10.0,144.52,Pakistan,Digital Wallet
503051,10360,2025-12-08,P4964,Electronics,2,441.13,16.0,741.1,Pakistan,Digital Wallet
505691,10677,2026-08-09,P8598,Books,5,31.81,13.2,138.06,Pakistan,Digital Wallet
503124,10370,2026-07-28,P5380,Beauty,2,69.33,6.6,129.51,Australia,Cash on Delivery
502491,10291,2026-06-24,P4562,Sports,4,180.97,13.3,627.6,Pakistan,Digital Wallet
503854,10444,2026-08-08,P6243,Electronics,4,243.19,21.3,765.56,Pakistan,Cash on Delivery
504777,10571,2026-07-06,P4936,Books,2,28.84,12.7,50.35,Pakistan,Cash on Delivery
507509,10899,2026-06-28,P8827,Electronics,4,592.77,8.2,2176.65,Canada,Debit Card
506457,10773,2026-07-18,P3252,Home & Kitchen,4,140.39,10.2,504.28,Pakistan,Bank Transfer
506293,10753,2026-06-30,P3056,Home & Kitchen,3,260.1,0.0,780.3,Pakistan,Bank Transfer
501148,10125,2026-08-09,P2971,Beauty,3,111.4,19.2,270.03,United Kingdom,Cash on Delivery
500574,10063,2026-08-09,P3484,Clothing,1,166.31,35.1,107.94,Pakistan,Credit Card
503769,10437,2026-07-14,P7053,Electronics,4,699.13,3.6,2695.85,United States,Bank Transfer
504146,10474,2025-09-15,P3705,Home & Kitchen,2,298.11,9.4,540.18,Pakistan,Debit Card
500853,10091,2026-06-27,P7596,Electronics,3,511.12,10.0,1380.02,Pakistan,Cash on Delivery
505919,10705,2026-08-07,P4218,Home & Kitchen,2,272.65,6.9,507.67,Pakistan,Credit Card
509358,11112,2026-08-04,P4291,Sports,3,45.83,12.8,119.89,Pakistan,Cash on Delivery
506614,10791,2026-08-02,P1937,Beauty,2,37.53,19.6,60.35,United States,Bank Transfer
506002,10718,2025-10-05,P4067,Accessories,1,119.12,20.9,94.22,Pakistan,Cash on Delivery
509163,11088,2026-06-25,P7205,Clothing,3,84.98,17.4,210.58,Pakistan,Bank Transfer
504495,10529,2026-07-21,P4699,Accessories,6,78.5,4.1,451.69,Canada,Debit Card
508173,10976,2026-07-22,P5439,Books,1,15.07,16.9,12.52,Pakistan,Credit Card
506655,10800,2026-01-07,P9633,Beauty,2,46.89,3.9,90.12,United States,Bank Transfer
502368,10277,2026-06-16,P1290,Home & Kitchen,3,172.09,36.6,327.32,Canada,Digital Wallet
504780,10572,2026-05-30,P3822,Beauty,2,71.8,38.6,88.17,United States,Bank Transfer
507992,10958,2026-08-07,P2438,Sports,3,72.77,3.7,210.23,United Kingdom,Credit Card
502950,10343,2026-07-19,P4965,Home & Kitchen,3,78.23,17.5,193.62,United States,Debit Card
505625,10668,2026-04-06,P7326,Clothing,3,97.16,7.1,270.78,Pakistan,Bank Transfer
506971,10835,2026-06-30,P8993,Sports,3,153.96,24.4,349.18,Pakistan,Credit Card
508716,11037,2026-08-14,P1032,Beauty,3,107.62,10.9,287.67,United States,Credit Card
501841,10206,2026-08-13,P6710,Books,2,16.0,13.2,27.78,Canada,Cash on Delivery
505986,10715,2026-08-01,P6541,Electronics,2,326.12,9.6,589.62,United States,Digital Wallet
500537,10061,2026-06-23,P9080,Sports,4,77.69,11.3,275.64,United Kingdom,Digital Wallet
502806,10330,2026-05-22,P9923,Electronics,5,267.07,22.2,1038.9,Pakistan,Bank Transfer
505801,10692,2026-02-03,P9177,Home & Kitchen,2,44.19,8.9,80.51,Pakistan,Cash on Delivery
505596,10664,2026-08-08,P1006,Home & Kitchen,1,89.02,19.7,71.48,United Kingdom,Bank Transfer
507206,10868,2026-06-25,P3914,Home & Kitchen,1,117.92,10.9,105.07,Pakistan,Debit Card
507343,10883,2026-07-15,P9637,Clothing,2,75.53,13.5,130.67,Pakistan,Debit Card
507560,10902,2026-07-26,P2921,Home & Kitchen,6,267.11,7.8,1477.65,Canada,Credit Card
508096,10968,2026-03-27,P6691,Sports,5,53.65,20.3,213.8,Pakistan,Digital Wallet
500784,10081,2026-02-07,P5255,Beauty,1,48.83,11.7,43.12,United States,Digital Wallet
501409,10153,2026-08-14,P4795,Home & Kitchen,7,209.13,2.2,1431.7,United States,Bank Transfer
500154,10016,2026-07-13,P8465,Electronics,1,475.86,3.4,459.68,Pakistan,Digital Wallet
507806,10936,2026-05-17,P2836,Beauty,3,80.68,3.8,232.84,Pakistan,Cash on Delivery
503009,10353,2025-11-13,P9446,Home & Kitchen,2,109.53,23.6,167.36,Australia,Credit Card
501686,10183,2025-10-11,P5854,Sports,3,213.35,18.2,523.56,Pakistan,Digital Wallet
504014,10461,2026-06-25,P4412,Electronics,4,317.3,13.6,1096.59,Canada,Credit Card
507455,10893,2026-07-03,P9953,Books,3,31.89,15.7,80.65,Canada,Debit Card
503863,10445,2026-07-06,P9706,Clothing,3,96.38,35.6,186.21,Australia,Bank Transfer
502733,10318,2026-07-18,P2522,Clothing,3,38.32,15.9,96.68,United Kingdom,Cash on Delivery
501895,10212,2026-05-25,P5691,Books,2,35.81,15.4,60.59,Pakistan,Digital Wallet
505442,10643,2026-05-27,P3809,Clothing,4,20.86,1.5,82.19,United Kingdom,Credit Card
500569,10063,2026-07-09,P9015,Sports,2,26.88,21.7,42.09,Australia,Cash on Delivery
506709,10808,2026-04-16,P3903,Accessories,1,65.13,13.8,56.14,Pakistan,Digital Wallet
505854,10699,2026-07-31,P7242,Clothing,1,51.09,20.9,40.41,Canada,Cash on Delivery
501816,10202,2026-08-10,P3349,Accessories,7,14.61,4.5,97.67,Pakistan,Credit Card
508319,10991,2026-05-22,P8183,Home & Kitchen,1,133.33,18.8,108.26,Pakistan,Bank Transfer
503394,10399,2026-04-30,P3985,Beauty,2,136.17,15.3,230.67,United States,Digital Wallet
503327,10389,2026-06-10,P7275,Books,1,9.41,16.0,7.9,Pakistan,Debit Card
509982,11200,2026-06-08,P6057,Beauty,4,29.15,2.2,114.03,United Kingdom,Digital Wallet
506102,10728,2026-07-23,P6410,Accessories,3,71.05,41.2,125.33,Canada,Debit Card
502975,10348,2026-07-16,P7260,Home & Kitchen,2,178.27,8.4,326.59,United Kingdom,Bank Transfer
500980,10103,2026-07-09,P3024,Books,5,36.67,14.9,156.03,Pakistan,Credit Card
500190,10021,2026-01-21,P1001,Clothing,3,65.47,22.0,153.2,Australia,Cash on Delivery
509331,11110,2026-07-12,P9028,Home & Kitchen,1,334.37,15.8,281.54,Pakistan,Bank Transfer
505088,10603,2026-07-24,P2344,Clothing,2,36.72,7.7,67.79,United Kingdom,Bank Transfer
500699,10073,2026-07-31,P7200,Accessories,3,59.73,0.7,177.94,Pakistan,Digital Wallet
509759,11169,2026-08-14,P8304,Electronics,4,472.21,7.0,1756.62,United Kingdom,Digital Wallet
500606,10066,2026-05-04,P6644,Accessories,2,102.24,21.7,160.11,United Kingdom,Debit Card
500301,10030,2026-08-13,P1604,Accessories,5,100.26,7.7,462.7,United Kingdom,Debit Card
503420,10401,2026-07-17,P3754,Electronics,3,153.63,14.7,393.14,Canada,Debit Card
509804,11177,2026-04-18,P7878,Home & Kitchen,3,209.0,41.8,364.91,United Kingdom,Credit Card
501060,10115,2026-02-28,P2099,Beauty,3,19.69,18.1,48.38,Canada,Credit Card
503444,10405,2026-06-01,P4614,Electronics,5,141.32,5.7,666.32,Pakistan,Debit Card
501069,10117,2026-04-23,P3493,Beauty,3,105.63,17.7,260.8,United States,Credit Card
502205,10254,2026-07-01,P9609,Clothing,3,47.57,2.3,139.43,Pakistan,Bank Transfer
509435,11124,2026-03-28,P7222,Clothing,1,99.12,35.2,64.23,United Kingdom,Debit Card
507339,10882,2026-06-11,P5963,Clothing,1,45.26,21.0,35.76,Pakistan,Bank Transfer
508208,10980,2026-07-24,P9098,Accessories,3,16.5,22.3,38.46,Pakistan,Credit Card
507679,10919,2026-04-20,P2251,Home & Kitchen,2,242.97,22.8,375.15,Pakistan,Cash on Delivery
504642,10557,2026-07-18,P4734,Accessories,3,15.6,7.5,43.29,Pakistan,Credit Card
507683,10920,2026-06-30,P2552,Sports,2,63.5,10.0,114.3,Pakistan,Bank Transfer
509007,11071,2026-07-08,P9795,Books,4,58.22,8.9,212.15,Australia,Bank Transfer
507996,10958,2026-08-10,P2409,Clothing,3,99.06,1.1,293.91,Pakistan,Debit Card
505600,10665,2026-07-31,P3090,Sports,4,170.29,12.8,593.97,Pakistan,Debit Card
509151,11087,2026-06-19,P7966,Home & Kitchen,1,318.62,11.3,282.62,United Kingdom,Bank Transfer
507022,10845,2026-07-08,P9699,Books,2,74.52,12.9,129.81,Pakistan,Bank Transfer
504893,10587,2026-07-14,P1807,Home & Kitchen,4,159.96,0.1,639.2,United States,Digital Wallet
500225,10023,2026-08-09,P8347,Sports,4,127.78,6.0,480.45,Pakistan,Credit Card
503354,10394,2026-04-07,P1605,Sports,2,124.93,19.4,201.39,Canada,Bank Transfer
505895,10704,2026-07-08,P4329,Home & Kitchen,2,231.46,14.7,394.87,Pakistan,Cash on Delivery
508754,11040,2026-06-04,P3679,Electronics,5,696.38,22.8,2688.03,Canada,Debit Card
503436,10404,2026-05-21,P8812,Beauty,3,36.45,25.3,81.68,Pakistan,Credit Card
501693,10185,2026-07-09,P4355,Electronics,3,445.22,23.4,1023.12,Pakistan,Digital Wallet
506893,10828,2026-05-18,P7051,Electronics,1,564.34,13.9,485.9,Australia,Digital Wallet
501045,10112,2026-08-07,P8414,Electronics,2,229.22,9.9,413.05,United Kingdom,Digital Wallet
503446,10405,2026-06-19,P9505,Electronics,5,80.71,23.4,309.12,Australia,Debit Card
508050,10963,2026-07-18,P6207,Sports,1,187.17,1.9,183.61,Pakistan,Debit Card
509146,11086,2026-07-04,P2053,Electronics,2,265.03,9.1,481.82,United Kingdom,Debit Card
509981,11200,2026-06-08,P8026,Beauty,7,107.59,2.1,737.31,United Kingdom,Bank Transfer
504735,10565,2026-05-20,P5415,Electronics,4,243.39,5.6,919.04,Pakistan,Bank Transfer
504496,10529,2026-07-24,P5855,Home & Kitchen,5,67.99,13.0,295.76,Pakistan,Cash on Delivery
501218,10133,2026-07-31,P7063,Accessories,2,83.46,3.2,161.58,Pakistan,Credit Card
506015,10720,2026-06-05,P2524,Electronics,1,199.51,30.4,138.86,United States,Digital Wallet
509719,11164,2026-07-17,P4170,Accessories,1,116.94,16.6,97.53,United States,Digital Wallet
503987,10460,2026-07-17,P6994,Home & Kitchen,6,97.85,0.3,585.34,Pakistan,Cash on Delivery
504911,10588,2026-06-30,P5370,Accessories,5,61.73,7.8,284.58,United States,Digital Wallet
509492,11133,2026-06-25,P6920,Home & Kitchen,7,118.05,9.5,747.85,Pakistan,Cash on Delivery
504493,10529,2026-07-20,P4672,Electronics,6,276.59,8.9,1511.84,United States,Digital Wallet
506944,10833,2026-08-11,P2341,Sports,2,165.19,13.3,286.44,Pakistan,Cash on Delivery
505699,10678,2026-06-26,P4461,Accessories,2,113.47,21.6,177.92,Canada,Digital Wallet
508352,10996,2026-06-26,P8344,Clothing,5,101.54,8.7,463.53,Australia,Digital Wallet
500956,10101,2026-07-11,P4232,Electronics,7,472.94,9.0,3012.63,Pakistan,Cash on Delivery
502869,10335,2026-06-30,P4557,Beauty,3,110.52,14.4,283.82,Pakistan,Credit Card
504433,10521,2026-07-10,P2770,Clothing,2,170.63,24.5,257.65,Pakistan,Digital Wallet
504973,10591,2026-08-10,P8057,Electronics,5,286.45,0.4,1426.52,Pakistan,Bank Transfer
502961,10346,2026-07-03,P9725,Electronics,3,580.33,18.6,1417.17,Pakistan,Bank Transfer
502200,10254,2026-06-13,P5497,Home & Kitchen,1,153.15,14.5,130.94,Pakistan,Bank Transfer
500098,10011,2026-08-13,P5078,Home & Kitchen,2,106.9,4.7,203.75,Pakistan,Cash on Delivery
509849,11182,2026-07-31,P8450,Electronics,2,621.01,12.9,1081.8,Pakistan,Cash on Delivery
502557,10296,2026-07-16,P7249,Beauty,2,130.66,16.7,217.68,United Kingdom,Credit Card
508445,11005,2026-08-08,P7375,Electronics,1,201.28,19.6,161.83,Pakistan,Digital Wallet
504199,10487,2026-06-18,P3923,Electronics,4,338.66,12.5,1185.31,United Kingdom,Digital Wallet
509637,11157,2026-07-25,P5712,Sports,5,245.41,8.7,1120.3,United States,Debit Card
505539,10656,2026-06-21,P6271,Home & Kitchen,4,89.52,9.2,325.14,Pakistan,Bank Transfer
501648,10180,2026-07-11,P1201,Electronics,6,311.58,2.2,1828.35,Canada,Digital Wallet
506197,10740,2026-07-21,P9673,Accessories,5,39.79,15.3,168.51,Canada,Digital Wallet
506295,10754,2026-07-25,P4476,Home & Kitchen,4,260.78,22.2,811.55,Canada,Digital Wallet
504499,10529,2026-07-30,P8945,Accessories,2,110.31,5.8,207.82,Canada,Debit Card
501154,10127,2026-05-23,P6475,Electronics,2,533.9,34.2,702.61,Canada,Credit Card
502255,10260,2026-07-24,P2824,Clothing,5,109.16,13.5,472.12,United Kingdom,Bank Transfer
503170,10373,2026-08-06,P6217,Beauty,7,88.29,5.8,582.18,Pakistan,Digital Wallet
507400,10888,2026-07-10,P3925,Clothing,1,61.27,8.5,56.06,United Kingdom,Digital Wallet
507158,10860,2026-08-08,P1762,Home & Kitchen,2,276.75,14.9,471.03,United Kingdom,Debit Card
503108,10370,2026-06-01,P9093,Clothing,2,115.28,10.2,207.04,Pakistan,Credit Card
504548,10538,2026-07-25,P4513,Home & Kitchen,3,265.74,22.7,616.25,Pakistan,Digital Wallet
505423,10641,2026-07-26,P9092,Sports,3,164.68,3.2,478.23,Pakistan,Digital Wallet
502049,10233,2026-03-10,P9025,Books,1,15.12,12.0,13.31,Pakistan,Cash on Delivery
509208,11096,2026-07-08,P7857,Sports,3,51.52,11.0,137.56,Pakistan,Credit Card
508815,11048,2026-08-02,P1522,Home & Kitchen,2,302.0,4.0,579.84,United Kingdom,Cash on Delivery
509797,11176,2025-12-09,P2798,Beauty,3,48.97,19.3,118.56,Pakistan,Debit Card
500262,10027,2026-07-03,P6492,Clothing,4,91.99,18.7,299.15,Pakistan,Debit Card
504061,10466,2026-08-05,P1357,Home & Kitchen,2,73.02,23.4,111.87,Pakistan,Credit Card
505534,10656,2026-06-01,P6568,Home & Kitchen,3,216.19,11.2,575.93,United Kingdom,Digital Wallet
506616,10791,2026-08-08,P8624,Electronics,2,155.1,23.4,237.61,United States,Credit Card
508120,10972,2025-08-31,P4890,Accessories,1,33.22,0.0,33.22,Canada,Digital Wallet
508155,10975,2026-07-13,P6413,Electronics,4,403.58,12.3,1415.76,Pakistan,Cash on Delivery
501802,10201,2026-05-14,P8366,Books,3,70.98,18.2,174.18,Pakistan,Bank Transfer
504736,10565,2026-06-05,P7219,Accessories,4,73.22,9.0,266.52,Pakistan,Cash on Delivery
502385,10279,2026-08-02,P2755,Beauty,2,129.42,39.9,155.56,United Kingdom,Credit Card
506694,10805,2026-06-05,P5331,Books,1,18.19,22.9,14.02,Canada,Cash on Delivery
505759,10687,2026-06-16,P4237,Clothing,3,28.86,15.1,73.51,United Kingdom,Debit Card
501959,10220,2026-07-27,P6704,Accessories,1,114.19,22.5,88.5,Canada,Debit Card
502976,10348,2026-07-17,P6758,Clothing,7,126.07,7.1,819.83,United Kingdom,Digital Wallet
508680,11034,2026-08-15,P9493,Home & Kitchen,6,228.69,14.1,1178.67,Australia,Debit Card
501843,10206,2026-08-13,P2713,Accessories,2,29.48,5.3,55.84,United States,Debit Card
501734,10191,2026-08-10,P1542,Beauty,2,91.73,11.2,162.91,Australia,Credit Card
502911,10338,2026-05-15,P1455,Sports,3,101.35,35.0,197.63,Canada,Bank Transfer
508338,10993,2026-08-12,P9784,Clothing,3,104.89,8.7,287.29,United States,Credit Card
501986,10223,2026-08-09,P3451,Home & Kitchen,6,35.64,12.4,187.32,United States,Cash on Delivery
509561,11141,2026-06-01,P7021,Electronics,2,293.48,24.4,443.74,Pakistan,Credit Card
506546,10779,2026-03-18,P5823,Sports,1,85.04,21.3,66.93,United Kingdom,Digital Wallet
507098,10854,2025-09-25,P1191,Sports,3,156.47,18.3,383.51,Pakistan,Debit Card
502811,10330,2026-08-01,P4254,Beauty,3,78.77,1.5,232.77,Pakistan,Debit Card
500659,10069,2026-08-02,P1120,Clothing,7,40.13,6.4,262.93,Pakistan,Digital Wallet
502511,10292,2026-08-07,P5951,Clothing,4,152.59,0.1,609.75,United Kingdom,Debit Card
504282,10500,2026-03-23,P5697,Clothing,1,103.87,5.5,98.16,United States,Debit Card
509339,11111,2026-05-20,P7282,Sports,1,243.56,24.9,182.91,United Kingdom,Cash on Delivery
508800,11047,2026-06-13,P2336,Home & Kitchen,3,312.94,0.2,936.94,Pakistan,Digital Wallet
506287,10752,2026-01-28,P3567,Home & Kitchen,2,64.83,23.1,99.71,United Kingdom,Cash on Delivery
501930,10217,2026-05-27,P5258,Clothing,1,28.47,12.5,24.91,Pakistan,Credit Card
507125,10856,2026-07-22,P8922,Clothing,4,68.2,17.3,225.61,United States,Credit Card
500197,10022,2026-07-14,P4672,Clothing,3,95.41,2.7,278.5,Pakistan,Digital Wallet
507777,10931,2026-08-04,P2551,Sports,6,127.8,6.8,714.66,Australia,Credit Card
502931,10340,2026-07-26,P4749,Accessories,3,25.99,14.6,66.59,Pakistan,Credit Card
508004,10958,2026-08-15,P5955,Books,7,37.9,4.8,252.57,Pakistan,Bank Transfer
502327,10270,2026-07-18,P6613,Accessories,5,45.85,22.8,176.98,Pakistan,Bank Transfer
504389,10517,2026-05-25,P8430,Accessories,3,72.06,1.7,212.5,Pakistan,Credit Card
508958,11068,2026-07-24,P4046,Home & Kitchen,5,176.59,0.0,882.95,United Kingdom,Bank Transfer
504218,10490,2026-01-30,P5589,Accessories,3,31.78,21.5,74.84,Pakistan,Digital Wallet
500202,10022,2026-07-24,P2552,Electronics,3,623.5,2.5,1823.74,Australia,Debit Card
503510,10411,2026-07-29,P5547,Accessories,2,36.36,16.4,60.79,Australia,Digital Wallet
504931,10589,2026-07-28,P5133,Beauty,7,112.5,12.0,693.0,United States,Credit Card
505535,10656,2026-06-06,P2200,Beauty,5,40.06,2.5,195.29,Pakistan,Cash on Delivery
505791,10691,2026-06-20,P5351,Home & Kitchen,5,65.8,3.2,318.47,United States,Cash on Delivery
501707,10187,2026-07-22,P9271,Electronics,3,167.45,20.2,400.88,Pakistan,Bank Transfer
505172,10611,2026-08-04,P3006,Accessories,3,16.67,1.2,49.41,Canada,Bank Transfer
505249,10620,2026-06-12,P2027,Sports,1,218.65,37.4,136.87,United Kingdom,Digital Wallet
506528,10777,2026-08-04,P7193,Books,4,65.51,6.9,243.96,Pakistan,Bank Transfer
509848,11182,2026-07-15,P7545,Electronics,5,109.12,9.3,494.86,Pakistan,Bank Transfer
505855,10699,2026-08-10,P6533,Accessories,3,110.61,23.6,253.52,Pakistan,Credit Card
508164,10976,2026-04-13,P1703,Home & Kitchen,4,160.66,20.7,509.61,Australia,Digital Wallet
500854,10091,2026-07-06,P7439,Accessories,4,12.04,12.0,42.38,United States,Credit Card
504737,10565,2026-06-09,P8230,Sports,5,133.58,6.6,623.82,Pakistan,Digital Wallet
500698,10073,2026-07-27,P9532,Electronics,6,534.66,1.7,3153.42,Pakistan,Digital Wallet
503696,10432,2026-04-28,P8658,Books,3,73.51,40.4,131.44,Pakistan,Digital Wallet
501636,10178,2026-08-08,P9008,Home & Kitchen,5,201.66,18.5,821.76,Pakistan,Credit Card
507280,10875,2026-08-13,P8563,Electronics,2,629.26,3.7,1211.95,Pakistan,Bank Transfer
507554,10902,2026-07-21,P7797,Clothing,3,35.94,9.0,98.12,Pakistan,Digital Wallet
503581,10422,2026-03-31,P3035,Clothing,3,120.6,19.9,289.8,Pakistan,Cash on Delivery
501291,10143,2026-07-10,P4020,Home & Kitchen,2,342.62,19.8,549.56,Australia,Credit Card
506585,10785,2026-06-24,P4555,Beauty,2,67.82,22.9,104.58,United Kingdom,Bank Transfer
501853,10207,2026-07-01,P9400,Books,5,73.25,13.5,316.81,Pakistan,Digital Wallet
505232,10618,2026-08-15,P4545,Sports,3,38.63,4.4,110.79,Canada,Bank Transfer
503763,10437,2026-06-29,P9174,Clothing,6,109.41,11.6,580.31,United Kingdom,Credit Card
503304,10386,2026-07-09,P8299,Beauty,3,74.54,18.1,183.14,Pakistan,Cash on Delivery
501495,10165,2026-07-08,P6899,Electronics,3,636.93,7.5,1767.48,Pakistan,Digital Wallet
507994,10958,2026-08-07,P8629,Clothing,4,97.3,1.5,383.36,Canada,Debit Card
501998,10225,2026-06-21,P1231,Electronics,5,199.36,6.6,931.01,United Kingdom,Digital Wallet
500663,10069,2026-08-07,P2151,Electronics,2,466.1,14.9,793.3,Pakistan,Credit Card
503748,10436,2026-06-17,P8959,Home & Kitchen,3,286.94,38.6,528.54,Pakistan,Bank Transfer
504413,10519,2025-09-24,P8747,Beauty,1,99.18,22.2,77.16,United States,Debit Card
505530,10656,2026-05-26,P2542,Books,6,31.77,2.7,185.47,Canada,Bank Transfer
505575,10661,2026-06-23,P6194,Clothing,5,26.1,21.0,103.09,United Kingdom,Credit Card
508901,11060,2026-06-11,P6941,Books,1,36.46,19.3,29.42,Pakistan,Digital Wallet
507526,10900,2026-06-06,P3953,Clothing,6,86.61,3.6,500.95,United States,Debit Card
509474,11130,2026-07-02,P1925,Home & Kitchen,2,118.29,2.9,229.72,Pakistan,Digital Wallet
505864,10702,2026-07-11,P6288,Clothing,7,77.74,0.7,540.37,Pakistan,Credit Card
506776,10818,2026-03-24,P7999,Accessories,1,85.27,23.7,65.06,Australia,Bank Transfer
501306,10144,2026-08-11,P6499,Home & Kitchen,4,258.83,10.6,925.58,Pakistan,Credit Card
507392,10886,2026-06-22,P2897,Sports,4,50.16,0.1,200.44,United Kingdom,Cash on Delivery
505592,10664,2026-05-09,P8497,Accessories,3,69.4,4.3,199.25,Pakistan,Credit Card
509721,11164,2026-07-20,P6479,Clothing,3,50.76,26.5,111.93,Pakistan,Credit Card
501663,10181,2026-04-01,P3621,Accessories,5,69.44,4.8,330.53,United Kingdom,Bank Transfer
505450,10644,2026-04-04,P5988,Electronics,1,581.92,16.1,488.23,Pakistan,Debit Card
509954,11195,2026-08-05,P9126,Sports,2,58.33,6.6,108.96,United States,Debit Card
503627,10425,2026-07-16,P9060,Clothing,2,48.36,2.5,94.3,Pakistan,Debit Card
502693,10313,2026-07-29,P3371,Home & Kitchen,5,261.55,4.2,1252.82,United Kingdom,Debit Card
509789,11174,2026-06-13,P9572,Home & Kitchen,3,195.31,23.9,445.89,Pakistan,Debit Card
505915,10705,2026-08-04,P2418,Home & Kitchen,2,340.01,5.0,646.02,Pakistan,Debit Card
503157,10373,2026-06-26,P8174,Accessories,7,74.74,11.1,465.11,Pakistan,Bank Transfer
506668,10802,2026-06-13,P5384,Clothing,4,120.3,24.3,364.27,United States,Bank Transfer
501059,10114,2026-07-16,P2887,Electronics,1,348.85,20.2,278.38,Canada,Credit Card
504636,10557,2026-06-17,P8135,Beauty,5,93.39,12.6,408.11,Canada,Bank Transfer
503242,10378,2026-08-09,P7456,Sports,4,217.33,5.6,820.64,United States,Digital Wallet
501678,10182,2026-07-25,P3511,Beauty,3,103.66,5.1,295.12,Australia,Debit Card
506892,10828,2026-05-11,P2087,Electronics,1,536.0,14.8,456.67,Pakistan,Digital Wallet
506374,10764,2026-05-09,P1078,Books,1,69.63,39.6,42.06,United Kingdom,Bank Transfer
507574,10903,2026-08-03,P9213,Beauty,3,86.5,4.3,248.34,Canada,Bank Transfer
501757,10192,2026-02-07,P3542,Accessories,2,27.22,14.1,46.76,Pakistan,Bank Transfer
506019,10720,2026-07-10,P2206,Sports,3,40.59,37.9,75.62,Canada,Digital Wallet
505116,10605,2026-07-19,P3816,Electronics,7,516.99,7.2,3358.37,Australia,Bank Transfer
508755,11040,2026-06-05,P7439,Electronics,3,332.03,24.5,752.05,United Kingdom,Credit Card
507408,10888,2026-08-14,P8604,Accessories,3,39.74,24.2,90.37,Canada,Debit Card
502790,10326,2026-05-24,P3610,Sports,1,84.91,27.9,61.22,Pakistan,Cash on Delivery
500863,10092,2026-01-17,P4994,Beauty,1,124.22,21.0,98.13,United Kingdom,Cash on Delivery
507858,10939,2026-07-18,P6118,Clothing,4,23.33,10.5,83.52,United States,Digital Wallet
501484,10162,2026-03-04,P4209,Beauty,1,25.43,24.9,19.1,United Kingdom,Credit Card
507035,10846,2025-10-28,P7097,Home & Kitchen,3,323.41,19.0,785.89,United States,Credit Card
507721,10924,2026-07-31,P9063,Books,1,65.14,34.9,42.41,Pakistan,Bank Transfer
505977,10712,2026-06-02,P1047,Electronics,2,400.18,0.5,796.36,Pakistan,Bank Transfer
505134,10607,2026-07-24,P7079,Clothing,1,74.0,7.6,68.38,Pakistan,Debit Card
500206,10022,2026-08-02,P4783,Clothing,4,88.94,6.5,332.64,Canada,Cash on Delivery
504488,10529,2026-07-06,P8035,Clothing,3,36.42,13.0,95.06,Pakistan,Credit Card
506938,10833,2026-08-08,P2956,Accessories,3,110.19,1.3,326.27,Pakistan,Debit Card
509062,11074,2026-07-31,P9197,Clothing,6,160.72,9.9,868.85,United Kingdom,Cash on Delivery
506910,10829,2026-05-17,P9487,Clothing,1,127.61,31.3,87.67,Pakistan,Cash on Delivery
500502,10057,2026-08-06,P5814,Clothing,2,111.84,8.4,204.89,United States,Bank Transfer
507385,10885,2026-07-31,P2147,Electronics,3,380.87,31.0,788.4,United Kingdom,Digital Wallet
501028,10110,2026-08-11,P6190,Home & Kitchen,2,200.05,1.0,396.1,Pakistan,Cash on Delivery
503840,10443,2026-06-19,P6562,Beauty,4,21.39,1.7,84.11,Pakistan,Debit Card
508110,10969,2025-12-08,P4585,Accessories,1,95.42,8.1,87.69,United Kingdom,Bank Transfer
505056,10601,2026-04-16,P2388,Accessories,5,90.83,23.8,346.06,Pakistan,Credit Card
509762,11170,2026-04-26,P2332,Beauty,2,142.16,19.9,227.74,United States,Cash on Delivery
508154,10975,2026-07-12,P9985,Sports,6,230.93,3.3,1339.86,Canada,Debit Card
502731,10318,2026-07-03,P2830,Books,3,56.01,1.7,165.17,United Kingdom,Digital Wallet
508996,11070,2026-07-05,P6696,Clothing,2,74.92,10.4,134.26,Pakistan,Debit Card
502454,10286,2026-07-07,P3878,Clothing,3,24.51,8.7,67.13,United States,Bank Transfer
507215,10868,2026-08-12,P5301,Home & Kitchen,2,136.07,11.9,239.76,Pakistan,Debit Card
503104,10369,2026-08-10,P5876,Accessories,4,34.31,3.3,132.71,United Kingdom,Digital Wallet
508392,10999,2026-02-22,P5083,Books,3,42.77,19.0,103.93,Pakistan,Debit Card
506278,10751,2026-07-16,P5944,Clothing,2,97.49,11.5,172.56,United States,Bank Transfer
503099,10369,2026-07-25,P6023,Electronics,5,258.81,8.1,1189.23,Pakistan,Digital Wallet
506184,10738,2026-04-23,P1860,Home & Kitchen,3,91.17,30.3,190.64,Pakistan,Cash on Delivery
503561,10420,2026-06-30,P1387,Electronics,3,240.13,20.6,571.99,United Kingdom,Cash on Delivery
505892,10703,2026-07-09,P1207,Books,5,65.77,5.4,311.09,Canada,Digital Wallet
500391,10041,2026-08-10,P7906,Home & Kitchen,3,90.98,12.6,238.55,United Kingdom,Cash on Delivery
506736,10811,2026-03-05,P8782,Electronics,2,327.15,0.6,650.37,Pakistan,Debit Card
505618,10667,2026-06-11,P3058,Clothing,4,113.9,0.7,452.41,Australia,Debit Card
505258,10621,2026-06-12,P2040,Electronics,5,371.5,10.1,1669.89,Pakistan,Credit Card
509687,11162,2026-07-15,P9281,Home & Kitchen,2,179.25,12.8,312.61,United States,Bank Transfer
502695,10313,2026-08-01,P6947,Sports,6,39.95,6.3,224.6,Pakistan,Cash on Delivery
502027,10228,2026-08-05,P6940,Accessories,4,52.66,8.8,192.1,United Kingdom,Credit Card
505463,10645,2026-07-07,P1287,Electronics,6,199.72,10.6,1071.3,Pakistan,Credit Card
502568,10298,2026-06-30,P3864,Clothing,4,154.28,14.8,525.79,United States,Digital Wallet
508006,10958,2026-08-15,P9521,Clothing,4,119.41,5.0,453.76,United States,Cash on Delivery
500064,10007,2026-07-30,P1972,Books,2,39.72,6.0,74.67,United States,Cash on Delivery
502062,10235,2026-07-21,P3045,Clothing,3,93.6,15.7,236.71,Pakistan,Digital Wallet
505276,10622,2026-08-11,P7819,Accessories,5,93.67,12.0,412.15,United Kingdom,Bank Transfer
507208,10868,2026-07-16,P6880,Books,3,51.86,23.0,119.8,United States,Bank Transfer
508684,11035,2026-06-19,P8205,Home & Kitchen,3,115.83,14.4,297.45,Pakistan,Cash on Delivery
508571,11020,2026-08-15,P7756,Electronics,2,167.48,2.1,327.93,Pakistan,Digital Wallet
506331,10760,2026-05-16,P1521,Clothing,1,112.1,29.5,79.03,United Kingdom,Digital Wallet
504859,10584,2026-07-06,P2177,Beauty,3,139.13,15.0,354.78,United States,Bank Transfer
504887,10587,2026-07-07,P4561,Electronics,4,595.58,1.5,2346.59,Australia,Bank Transfer
509268,11103,2025-11-08,P4700,Clothing,1,167.31,24.2,126.82,United States,Bank Transfer
500878,10093,2026-06-10,P1195,Electronics,1,226.89,21.0,179.24,Pakistan,Credit Card
508529,11016,2025-10-16,P7178,Electronics,3,641.2,14.9,1636.98,United States,Cash on Delivery
507916,10946,2026-08-09,P2541,Sports,6,74.62,4.9,425.78,Pakistan,Digital Wallet
506863,10824,2026-06-18,P9095,Electronics,2,435.55,17.6,717.79,Pakistan,Bank Transfer
507892,10944,2026-05-02,P1896,Electronics,1,285.67,30.8,197.68,Pakistan,Debit Card
506439,10771,2026-08-10,P3103,Accessories,5,105.9,6.8,493.49,United States,Bank Transfer
507869,10941,2026-04-10,P4505,Home & Kitchen,2,268.9,6.6,502.31,Pakistan,Credit Card
501016,10109,2026-07-25,P7026,Beauty,4,103.81,4.1,398.22,Pakistan,Cash on Delivery
509467,11129,2026-08-09,P8767,Electronics,3,662.66,10.2,1785.21,United Kingdom,Cash on Delivery
507629,10910,2026-07-23,P7636,Sports,1,193.57,17.7,159.31,Pakistan,Digital Wallet
500995,10105,2025-08-17,P9024,Clothing,2,104.57,1.9,205.17,Canada,Cash on Delivery
504297,10504,2026-06-05,P8774,Books,2,52.62,26.2,77.67,Pakistan,Debit Card
500161,10016,2026-07-31,P7738,Electronics,3,568.54,6.2,1599.87,Pakistan,Bank Transfer
505675,10675,2026-05-05,P4784,Accessories,3,18.46,8.3,50.78,Pakistan,Debit Card
506873,10824,2026-08-04,P5671,Clothing,5,179.1,0.5,891.02,Pakistan,Bank Transfer
509692,11162,2026-07-26,P4154,Home & Kitchen,6,157.44,5.6,891.74,Pakistan,Cash on Delivery
507989,10958,2026-08-05,P4983,Accessories,3,68.26,5.3,193.93,United Kingdom,Credit Card
503843,10443,2026-07-24,P9726,Beauty,5,106.55,24.9,400.1,Pakistan,Bank Transfer
501021,10109,2026-08-06,P2650,Accessories,4,81.6,1.0,323.14,Pakistan,Debit Card
503073,10362,2026-05-17,P8730,Sports,3,34.76,17.1,86.45,United Kingdom,Debit Card
507555,10902,2026-07-22,P2817,Beauty,5,111.49,3.8,536.27,Australia,Bank Transfer
503943,10457,2026-07-24,P5667,Beauty,6,100.53,1.6,593.53,,Debit Card
501585,10172,2026-07-06,P1308,Clothing,3,107.02,9.1,291.84,Pakistan,Credit Card
503152,10372,2026-08-09,P7399,Home & Kitchen,6,157.9,12.8,826.13,United Kingdom,Debit Card
508226,10982,2026-07-29,P1174,Home & Kitchen,3,288.37,24.0,657.48,Pakistan,Credit Card
500775,10080,2026-07-30,P1703,Books,7,24.44,4.4,163.55,United Kingdom,Digital Wallet
509670,11161,2026-06-23,P7634,Clothing,2,120.3,40.7,142.68,Pakistan,Credit Card
507099,10854,2025-11-27,P9972,Books,3,68.27,5.8,192.93,Canada,Digital Wallet
505486,10647,2026-05-06,P3251,Accessories,1,34.83,20.7,27.62,Pakistan,Cash on Delivery
506235,10744,2026-04-23,P7572,Books,2,71.88,24.8,108.11,Canada,Bank Transfer
509555,11139,2026-07-13,P1095,Home & Kitchen,1,296.27,14.2,254.2,Canada,Cash on Delivery
507041,10846,2026-07-24,P1927,Beauty,2,114.54,21.9,178.91,Pakistan,Cash on Delivery
502612,10304,2025-12-14,P9650,Beauty,1,25.99,15.4,21.99,United Kingdom,Digital Wallet
507513,10899,2026-07-07,P1754,Beauty,2,82.69,0.5,164.55,United Kingdom,Debit Card
508433,11004,2026-06-19,P1507,Accessories,2,34.04,19.2,55.01,United States,Bank Transfer
508792,11044,2026-04-18,P3188,Electronics,2,604.58,3.5,1166.84,Canada,Cash on Delivery
505393,10638,2026-07-26,P8630,Electronics,5,692.63,3.1,3355.79,Pakistan,Digital Wallet
508838,11050,2026-07-23,P2713,Books,7,43.93,4.5,293.67,Pakistan,Bank Transfer
503890,10450,2026-07-10,P6017,Home & Kitchen,5,113.07,2.8,549.52,United States,Digital Wallet
503556,10418,2026-08-07,P2026,Clothing,5,78.0,21.8,304.98,Pakistan,Cash on Delivery
501528,10167,2026-06-16,P4032,Clothing,2,76.87,1.8,150.97,United States,Digital Wallet
501267,10139,2026-07-24,P4317,Electronics,4,470.86,16.1,1580.21,United Kingdom,Cash on Delivery
507734,10926,2026-08-13,P6709,Home & Kitchen,5,193.38,7.4,895.35,Pakistan,Credit Card
501899,10213,2026-06-20,P5033,Home & Kitchen,2,42.66,22.9,65.78,Canada,Debit Card
504658,10558,2026-07-15,P4018,Accessories,3,52.34,1.9,154.04,United Kingdom,Credit Card
503005,10352,2026-02-09,P9937,Home & Kitchen,3,69.76,6.7,195.26,United Kingdom,Credit Card
502734,10318,2026-07-20,P9237,Clothing,1,136.19,5.5,128.7,Australia,Digital Wallet
500189,10020,2026-08-09,P6823,Home & Kitchen,2,184.51,12.8,321.79,United States,Debit Card
509167,11088,2026-07-16,P8910,Clothing,3,88.3,12.4,232.05,United Kingdom,Debit Card
502747,10319,2026-08-13,P8491,Home & Kitchen,4,33.55,7.0,124.81,Pakistan,Cash on Delivery
502047,10232,2026-06-30,P3609,Electronics,1,275.24,9.0,250.47,Pakistan,Debit Card
507849,10939,2026-07-04,P4007,Clothing,4,138.94,8.8,506.85,United States,Debit Card
502558,10297,2026-05-13,P6605,Accessories,3,56.41,39.2,102.89,Australia,Bank Transfer
509274,11105,2025-11-22,P8601,Accessories,3,100.47,1.4,297.19,Pakistan,Bank Transfer
508666,11034,2026-07-20,P1100,Accessories,5,42.83,13.7,184.81,Australia,Debit Card
506396,10766,2026-07-01,P8182,Books,1,74.48,16.6,62.12,United Kingdom,Cash on Delivery
503385,10398,2026-06-17,P1091,Electronics,1,372.1,14.2,319.26,United Kingdom,Bank Transfer
504555,10540,2026-08-06,P9060,Beauty,7,67.8,10.6,424.29,United States,Cash on Delivery
501184,10129,2026-08-13,P4477,Accessories,3,57.16,7.9,157.93,United States,Digital Wallet
506420,10769,2026-08-13,P4520,Electronics,2,143.57,8.7,262.16,United Kingdom,Bank Transfer
505051,10600,2026-08-09,P3595,Clothing,7,76.11,11.6,470.97,Pakistan,Bank Transfer
505311,10627,2026-01-16,P5324,Clothing,3,48.32,4.6,138.29,Australia,Debit Card
502433,10284,2026-08-05,P2145,Beauty,5,73.59,12.7,321.22,Pakistan,Credit Card
506949,10833,2026-08-13,P1907,Accessories,2,87.03,6.9,162.05,Canada,Digital Wallet
500769,10080,2026-07-07,P6879,Electronics,4,410.78,7.8,1514.96,Pakistan,Bank Transfer
501685,10183,2025-10-09,P1132,Beauty,2,96.34,4.9,183.24,Pakistan,Cash on Delivery
508322,10991,2026-06-10,P4090,Sports,2,140.15,26.0,207.42,United States,Credit Card
505578,10661,2026-07-15,P1452,Clothing,5,62.64,23.4,239.91,United States,Bank Transfer
504426,10520,2026-07-18,P6865,Accessories,1,63.42,10.2,56.95,Pakistan,Credit Card
500466,10052,2026-07-17,P1801,Electronics,2,226.05,43.1,257.24,United Kingdom,Bank Transfer
506265,10750,2026-05-24,P2908,Sports,1,104.54,13.0,90.95,Australia,Debit Card
505734,10682,2026-08-09,P9236,Home & Kitchen,4,75.99,21.0,240.13,Pakistan,Debit Card
505191,10614,2026-07-08,P2666,Books,6,74.42,5.4,422.41,Pakistan,Credit Card
505390,10638,2026-07-17,P5008,Accessories,2,67.94,9.9,122.43,United Kingdom,Debit Card
500860,10091,2026-08-11,P6681,Home & Kitchen,3,166.0,14.2,427.28,Pakistan,Bank Transfer
507270,10875,2026-08-09,P1993,Clothing,3,28.26,2.9,82.32,Pakistan,Credit Card
